# target=gj3929b eclipse=4 centroid=(62,68) aper_r=4 n=4617
# BJD_TDB    relative_flux
2.461081874591751955e+06 9.945834279060363770e-01
2.461081874657890759e+06 9.991573691368103027e-01
2.461081874724030029e+06 1.001179099082946777e+00
2.461081874790168833e+06 1.001466989517211914e+00
2.461081874856307637e+06 1.003106951713562012e+00
2.461081874922446441e+06 1.000674486160278320e+00
2.461081874988585711e+06 1.002392053604125977e+00
2.461081875054724514e+06 1.002045989036560059e+00
2.461081875120863318e+06 1.002820730209350586e+00
2.461081875187002122e+06 1.001172542572021484e+00
2.461081875253141392e+06 1.001816272735595703e+00
2.461081875319280196e+06 1.002935528755187988e+00
2.461081875385419000e+06 1.002602338790893555e+00
2.461081875451557804e+06 1.002123594284057617e+00
2.461081875517696608e+06 1.002840042114257812e+00
2.461081875583835877e+06 1.002735018730163574e+00
2.461081875649974681e+06 1.001955389976501465e+00
2.461081875716113485e+06 1.001392602920532227e+00
2.461081875782252289e+06 1.002000689506530762e+00
2.461081875848391559e+06 1.002257823944091797e+00
2.461081875914530363e+06 1.001415252685546875e+00
2.461081875980669167e+06 1.001876115798950195e+00
2.461081876046807971e+06 1.001433014869689941e+00
2.461081876112947240e+06 1.000655055046081543e+00
2.461081876179086044e+06 1.002901554107666016e+00
2.461081876245224848e+06 1.002537608146667480e+00
2.461081876311363652e+06 1.002984046936035156e+00
2.461081876377502922e+06 1.003545284271240234e+00
2.461081876443641726e+06 1.001958608627319336e+00
2.461081876509780530e+06 1.002663850784301758e+00
2.461081876575919334e+06 1.002084732055664062e+00
2.461081876642058603e+06 1.002151131629943848e+00
2.461081876708197407e+06 1.002458453178405762e+00
2.461081876774336211e+06 1.002508521080017090e+00
2.461081876840475015e+06 1.002193093299865723e+00
2.461081876906614285e+06 1.002340316772460938e+00
2.461081876972753089e+06 1.001508951187133789e+00
2.461081877038891893e+06 1.002100944519042969e+00
2.461081877105030697e+06 1.002202868461608887e+00
2.461081877171169966e+06 1.002833604812622070e+00
2.461081877237308770e+06 1.002328991889953613e+00
2.461081877303447574e+06 1.002333879470825195e+00
2.461081877369586378e+06 1.002024888992309570e+00
2.461081877435725648e+06 1.002288579940795898e+00
2.461081877501864452e+06 1.002746343612670898e+00
2.461081877568003256e+06 1.003244400024414062e+00
2.461081877634142060e+06 1.002932310104370117e+00
2.461081877700281329e+06 1.001567244529724121e+00
2.461081877766420133e+06 1.001986145973205566e+00
2.461081877832558937e+06 1.002836823463439941e+00
2.461081877898697741e+06 1.002096056938171387e+00
2.461081877964836545e+06 1.000933170318603516e+00
2.461081878030975815e+06 1.001253485679626465e+00
2.461081878097114619e+06 1.002971053123474121e+00
2.461081878163253423e+06 1.001780748367309570e+00
2.461081878229392227e+06 1.001583456993103027e+00
2.461081878295531496e+06 1.001586675643920898e+00
2.461081878361670300e+06 1.002063751220703125e+00
2.461081878427809104e+06 1.002969503402709961e+00
2.461081878493947908e+06 1.001093387603759766e+00
2.461081878560087178e+06 1.002071857452392578e+00
2.461081878626225982e+06 1.001813054084777832e+00
2.461081878692364786e+06 1.001903653144836426e+00
2.461081878758503590e+06 1.002390503883361816e+00
2.461081878824642859e+06 1.001661062240600586e+00
2.461081878890781663e+06 1.002833604812622070e+00
2.461081878956920467e+06 1.002322554588317871e+00
2.461081879023059271e+06 1.002570033073425293e+00
2.461081879089198541e+06 1.002026557922363281e+00
2.461081879155337345e+06 1.002400159835815430e+00
2.461081879221476149e+06 1.002361416816711426e+00
2.461081879287614953e+06 1.002151131629943848e+00
2.461081879353754222e+06 1.002773761749267578e+00
2.461081879419893026e+06 1.001826047897338867e+00
2.461081879486031830e+06 1.003647208213806152e+00
2.461081879552170634e+06 1.001722455024719238e+00
2.461081879618309904e+06 1.002980828285217285e+00
2.461081879684448708e+06 1.002377510070800781e+00
2.461081879750587512e+06 1.001625418663024902e+00
2.461081879816726316e+06 1.001143455505371094e+00
2.461081879882865585e+06 1.000454425811767578e+00
2.461081879949004389e+06 1.001795291900634766e+00
2.461081880015143193e+06 1.001898765563964844e+00
2.461081880081281997e+06 1.001876115798950195e+00
2.461081880147421267e+06 1.001703143119812012e+00
2.461081880213560071e+06 1.001641631126403809e+00
2.461081880279698875e+06 1.002084732055664062e+00
2.461081880345837679e+06 1.002925872802734375e+00
2.461081880411976948e+06 1.001130580902099609e+00
2.461081880478115752e+06 1.001479864120483398e+00
2.461081880544254556e+06 1.002248167991638184e+00
2.461081880610393360e+06 1.001035094261169434e+00
2.461081880676532164e+06 1.002214193344116211e+00
2.461081880742671434e+06 1.001497626304626465e+00
2.461081880808810238e+06 1.002781867980957031e+00
2.461081880874949042e+06 1.000868558883666992e+00
2.461081880941087846e+06 1.002191543579101562e+00
2.461081881007227115e+06 1.002697825431823730e+00
2.461081881073365919e+06 1.001719236373901367e+00
2.461081881139504723e+06 1.001470208168029785e+00
2.461081881205643527e+06 1.001481533050537109e+00
2.461081881271782797e+06 1.001390933990478516e+00
2.461081881337921601e+06 1.002624988555908203e+00
2.461081881404060405e+06 1.002345204353332520e+00
2.461081881470199209e+06 1.002005577087402344e+00
2.461081881536338478e+06 1.001686930656433105e+00
2.461081881602477282e+06 1.001901984214782715e+00
2.461081881668616086e+06 1.001796841621398926e+00
2.461081881734754890e+06 1.002005577087402344e+00
2.461081881800894160e+06 1.002054095268249512e+00
2.461081881867032964e+06 1.002125263214111328e+00
2.461081881933171768e+06 1.002511739730834961e+00
2.461081881999310572e+06 1.001418471336364746e+00
2.461081882065449841e+06 1.002039551734924316e+00
2.461081882131588645e+06 1.001452445983886719e+00
2.461081882197727449e+06 1.001327872276306152e+00
2.461081882263866253e+06 1.001719236373901367e+00
2.461081882330005523e+06 1.001122474670410156e+00
2.461081882396144327e+06 1.002358078956604004e+00
2.461081882462283131e+06 1.001232385635375977e+00
2.461081882528421935e+06 1.000936508178710938e+00
2.461081882594561204e+06 1.002045989036560059e+00
2.461081882660700008e+06 1.002152681350708008e+00
2.461081882726838812e+06 1.001473426818847656e+00
2.461081882792977616e+06 1.001927852630615234e+00
2.461081882859116886e+06 1.000771522521972656e+00
2.461081882925255690e+06 1.000823259353637695e+00
2.461081882991394494e+06 1.000554800033569336e+00
2.461081883057533298e+06 1.000805497169494629e+00
2.461081883123672102e+06 1.000774741172790527e+00
2.461081883189811371e+06 1.001792073249816895e+00
2.461081883255950175e+06 1.000540256500244141e+00
2.461081883322088979e+06 1.001347303390502930e+00
2.461081883388227783e+06 1.001793622970581055e+00
2.461081883454367053e+06 1.001546263694763184e+00
2.461081883520505857e+06 1.001269578933715820e+00
2.461081883586644661e+06 1.001973152160644531e+00
2.461081883652783465e+06 1.001512289047241211e+00
2.461081883718922734e+06 1.002123594284057617e+00
2.461081883785061538e+06 1.002220630645751953e+00
2.461081883851200342e+06 1.000530481338500977e+00
2.461081883917339146e+06 9.997315406799316406e-01
2.461081883983478416e+06 1.001829266548156738e+00
2.461081884049617220e+06 1.003768444061279297e+00
2.461081884115756024e+06 1.001510620117187500e+00
2.461081884181894828e+06 1.002568364143371582e+00
2.461081884248034097e+06 1.002088069915771484e+00
2.461081884314172901e+06 1.001628637313842773e+00
2.461081884380311705e+06 1.000642061233520508e+00
2.461081884446450509e+06 1.001921415328979492e+00
2.461081884512589779e+06 1.001623868942260742e+00
2.461081884578728583e+06 1.001083612442016602e+00
2.461081884644867387e+06 1.001795291900634766e+00
2.461081884711006191e+06 1.002744674682617188e+00
2.461081884777145460e+06 1.002377510070800781e+00
2.461081884843284264e+06 1.002896666526794434e+00
2.461081884909423068e+06 1.001340746879577637e+00
2.461081884975561872e+06 1.001187205314636230e+00
2.461081885041701142e+06 1.001368284225463867e+00
2.461081885107839946e+06 1.001313328742980957e+00
2.461081885173978750e+06 1.000768303871154785e+00
2.461081885240117554e+06 1.000650167465209961e+00
2.461081885306256823e+06 1.002058863639831543e+00
2.461081885372395627e+06 1.002557039260864258e+00
2.461081885438534431e+06 1.001120805740356445e+00
2.461081885504673235e+06 1.002678394317626953e+00
2.461081885570812039e+06 1.003051996231079102e+00
2.461081885636951309e+06 1.001782298088073730e+00
2.461081885703090113e+06 1.001622200012207031e+00
2.461081885769228917e+06 1.001530051231384277e+00
2.461081885835367721e+06 1.001900434494018555e+00
2.461081885901506990e+06 1.002439022064208984e+00
2.461081885967645794e+06 1.000166535377502441e+00
2.461081886033784598e+06 1.002066969871520996e+00
2.461081886099923402e+06 1.002227067947387695e+00
2.461081886166062672e+06 1.000553131103515625e+00
2.461081886232201476e+06 9.999870657920837402e-01
2.461081886298340280e+06 1.000837802886962891e+00
2.461081886364479084e+06 1.002220630645751953e+00
2.461081886430618353e+06 1.002401828765869141e+00
2.461081886496757157e+06 1.001722455024719238e+00
2.461081886562895961e+06 1.001727342605590820e+00
2.461081886629034765e+06 1.001240491867065430e+00
2.461081886695174035e+06 1.001636743545532227e+00
2.461081886761312839e+06 1.001130580902099609e+00
2.461081886827451643e+06 1.001208186149597168e+00
2.461081886893590447e+06 1.000305652618408203e+00
2.461081886959729716e+06 1.002178549766540527e+00
2.461081887025868520e+06 1.000270128250122070e+00
2.461081887092007324e+06 1.001190423965454102e+00
2.461081887158146128e+06 1.001012444496154785e+00
2.461081887224285398e+06 1.001814723014831543e+00
2.461081887290424202e+06 1.000588774681091309e+00
2.461081887356563006e+06 1.000126123428344727e+00
2.461081887422701810e+06 1.001811504364013672e+00
2.461081887488841079e+06 1.001942515373229980e+00
2.461081887554979883e+06 1.003258943557739258e+00
2.461081887621118687e+06 1.000753641128540039e+00
2.461081887687257491e+06 1.001408696174621582e+00
2.461081887753396761e+06 1.001272916793823242e+00
2.461081887819535565e+06 1.001214623451232910e+00
2.461081887885674369e+06 1.000587105751037598e+00
2.461081887951813173e+06 1.002675175666809082e+00
2.461081888017952442e+06 1.000905752182006836e+00
2.461081888084091246e+06 1.002029776573181152e+00
2.461081888150230050e+06 1.002024888992309570e+00
2.461081888216368854e+06 1.001196861267089844e+00
2.461081888282507658e+06 1.001542925834655762e+00
2.461081888348646928e+06 1.000655055046081543e+00
2.461081888414785732e+06 1.002113938331604004e+00
2.461081888480924536e+06 1.000472307205200195e+00
2.461081888547063340e+06 1.001819491386413574e+00
2.461081888613202609e+06 1.001007676124572754e+00
2.461081888679341413e+06 1.001015663146972656e+00
2.461081888745480217e+06 1.000203847885131836e+00
2.461081888811619021e+06 1.002015233039855957e+00
2.461081888877758291e+06 1.001814723014831543e+00
2.461081888943897095e+06 1.000828146934509277e+00
2.461081889010035899e+06 1.001405477523803711e+00
2.461081889076174702e+06 1.001023769378662109e+00
2.461081889142313972e+06 1.000132679939270020e+00
2.461081889208452776e+06 1.001957058906555176e+00
2.461081889274591580e+06 1.001953840255737305e+00
2.461081889340730384e+06 1.002503633499145508e+00
2.461081889406869654e+06 1.001020550727844238e+00
2.461081889473008458e+06 1.001508951187133789e+00
2.461081889539147262e+06 1.000965595245361328e+00
2.461081889605286065e+06 1.000834584236145020e+00
2.461081889671425335e+06 1.002362966537475586e+00
2.461081889737564139e+06 1.001585006713867188e+00
2.461081889803702943e+06 1.000671267509460449e+00
2.461081889869841747e+06 1.001054525375366211e+00
2.461081889935981017e+06 1.001117587089538574e+00
2.461081890002119821e+06 1.002088069915771484e+00
2.461081890068258625e+06 1.002252936363220215e+00
2.461081890134397428e+06 1.000938057899475098e+00
2.461081890200536698e+06 1.000740766525268555e+00
2.461081890266675502e+06 1.002223849296569824e+00
2.461081890332814306e+06 1.001541376113891602e+00
2.461081890398953110e+06 1.001269578933715820e+00
2.461081890465091914e+06 1.003050327301025391e+00
2.461081890531231184e+06 1.000781178474426270e+00
2.461081890597369988e+06 1.001598000526428223e+00
2.461081890663508791e+06 1.001308441162109375e+00
2.461081890729647595e+06 1.000651836395263672e+00
2.461081890795786865e+06 1.000989794731140137e+00
2.461081890861925669e+06 1.000637292861938477e+00
2.461081890928064473e+06 1.000564455986022949e+00
2.461081890994203277e+06 1.001229166984558105e+00
2.461081891060342547e+06 1.001125693321228027e+00
2.461081891126481351e+06 1.002125263214111328e+00
2.461081891192620154e+06 1.001025438308715820e+00
2.461081891258758958e+06 1.000816822052001953e+00
2.461081891324898228e+06 1.000561237335205078e+00
2.461081891391037032e+06 1.001483082771301270e+00
2.461081891457175836e+06 1.002295017242431641e+00
2.461081891523314640e+06 1.001695036888122559e+00
2.461081891589453910e+06 1.000789284706115723e+00
2.461081891655592714e+06 1.000585436820983887e+00
2.461081891721731517e+06 1.000543475151062012e+00
2.461081891787870321e+06 1.001356959342956543e+00
2.461081891854009591e+06 1.000939726829528809e+00
2.461081891920148395e+06 1.001219511032104492e+00
2.461081891986287199e+06 1.000672817230224609e+00
2.461081892052426003e+06 9.996166825294494629e-01
2.461081892118565273e+06 1.001048088073730469e+00
2.461081892184704076e+06 1.000808715820312500e+00
2.461081892250842880e+06 1.001914978027343750e+00
2.461081892316981684e+06 1.000481963157653809e+00
2.461081892383120954e+06 1.001243710517883301e+00
2.461081892449259758e+06 1.001091718673706055e+00
2.461081892515398562e+06 1.001465320587158203e+00
2.461081892581537366e+06 1.000795722007751465e+00
2.461081892647676636e+06 1.001834154129028320e+00
2.461081892713815439e+06 1.000570893287658691e+00
2.461081892779954243e+06 1.000228047370910645e+00
2.461081892846093047e+06 1.000493288040161133e+00
2.461081892912232317e+06 1.002013683319091797e+00
2.461081892978371121e+06 1.006086111068725586e+00
2.461081893044509925e+06 1.001149892807006836e+00
2.461081893110648729e+06 1.000808715820312500e+00
2.461081893176787533e+06 1.001017332077026367e+00
2.461081893242926802e+06 1.001753211021423340e+00
2.461081893309065606e+06 1.001345634460449219e+00
2.461081893375204410e+06 1.001940846443176270e+00
2.461081893441343214e+06 1.001253485679626465e+00
2.461081893507482484e+06 1.001009225845336914e+00
2.461081893573621288e+06 1.001344084739685059e+00
2.461081893639760092e+06 1.001127362251281738e+00
2.461081893705898896e+06 1.001031875610351562e+00
2.461081893772038165e+06 1.002240061759948730e+00
2.461081893838176969e+06 1.001046419143676758e+00
2.461081893904315773e+06 1.001057744026184082e+00
2.461081893970454577e+06 1.000769853591918945e+00
2.461081894036593847e+06 1.001523613929748535e+00
2.461081894102732651e+06 1.002443790435791016e+00
2.461081894168871455e+06 1.000048518180847168e+00
2.461081894235010259e+06 1.000545024871826172e+00
2.461081894301149528e+06 1.000685811042785645e+00
2.461081894367288332e+06 1.000732660293579102e+00
2.461081894433427136e+06 1.002020120620727539e+00
2.461081894499565940e+06 1.001117587089538574e+00
2.461081894565705210e+06 1.002337098121643066e+00
2.461081894631844014e+06 1.001889109611511230e+00
2.461081894697982818e+06 1.000308871269226074e+00
2.461081894764121622e+06 1.000653386116027832e+00
2.461081894830260891e+06 1.001214623451232910e+00
2.461081894896399695e+06 1.000325083732604980e+00
2.461081894962538499e+06 1.000300884246826172e+00
2.461081895028677303e+06 1.001190423965454102e+00
2.461081895094816573e+06 1.000139117240905762e+00
2.461081895160955377e+06 1.001777529716491699e+00
2.461081895227094181e+06 1.001903653144836426e+00
2.461081895293232985e+06 1.001415252685546875e+00
2.461081895359372254e+06 1.001083612442016602e+00
2.461081895425511058e+06 1.001036763191223145e+00
2.461081895491649862e+06 1.000630736351013184e+00
2.461081895557788666e+06 1.001259922981262207e+00
2.461081895623927470e+06 1.001788854598999023e+00
2.461081895690066740e+06 1.000454425811767578e+00
2.461081895756205544e+06 1.000963926315307617e+00
2.461081895822344348e+06 1.000459313392639160e+00
2.461081895888483152e+06 1.000071167945861816e+00
2.461081895954622421e+06 1.001906871795654297e+00
2.461081896020761225e+06 1.001761317253112793e+00
2.461081896086900029e+06 1.001567244529724121e+00
2.461081896153038833e+06 1.001897215843200684e+00
2.461081896219178103e+06 1.001685261726379395e+00
2.461081896285316907e+06 1.001245379447937012e+00
2.461081896351455711e+06 1.000997900962829590e+00
2.461081896417594515e+06 1.001874566078186035e+00
2.461081896483733784e+06 1.000884652137756348e+00
2.461081896549872588e+06 1.000022649765014648e+00
2.461081896616011392e+06 1.001392602920532227e+00
2.461081896682150196e+06 1.000831365585327148e+00
2.461081896748289466e+06 1.000824809074401855e+00
2.461081896814428270e+06 1.000960707664489746e+00
2.461081896880567074e+06 9.999401569366455078e-01
2.461081896946705878e+06 1.001863241195678711e+00
2.461081897012845147e+06 1.001678824424743652e+00
2.461081897078983951e+06 1.000603318214416504e+00
2.461081897145122755e+06 1.000968813896179199e+00
2.461081897211261559e+06 1.000706791877746582e+00
2.461081897277400829e+06 1.001130580902099609e+00
2.461081897343539633e+06 9.991023540496826172e-01
2.461081897409678437e+06 9.997331500053405762e-01
2.461081897475817241e+06 1.000635623931884766e+00
2.461081897541956510e+06 1.000807046890258789e+00
2.461081897608095314e+06 1.000756978988647461e+00
2.461081897674234118e+06 1.001732230186462402e+00
2.461081897740372922e+06 1.001363396644592285e+00
2.461081897806512192e+06 1.001662611961364746e+00
2.461081897872650996e+06 9.999611973762512207e-01
2.461081897938789800e+06 1.001410365104675293e+00
2.461081898004928604e+06 9.999902844429016113e-01
2.461081898071067408e+06 1.001284241676330566e+00
2.461081898137206677e+06 1.000561237335205078e+00
2.461081898203345481e+06 1.000614643096923828e+00
2.461081898269484285e+06 1.001253485679626465e+00
2.461081898335623089e+06 9.993951320648193359e-01
2.461081898401762359e+06 1.000629186630249023e+00
2.461081898467901163e+06 1.000813484191894531e+00
2.461081898534039967e+06 1.001104712486267090e+00
2.461081898600178771e+06 1.000234484672546387e+00
2.461081898666318040e+06 1.001806616783142090e+00
2.461081898732456844e+06 1.001028656959533691e+00
2.461081898798595648e+06 1.000826478004455566e+00
2.461081898864734452e+06 1.001143455505371094e+00
2.461081898930873722e+06 1.001530051231384277e+00
2.461081898997012526e+06 1.001182317733764648e+00
2.461081899063151330e+06 1.000836133956909180e+00
2.461081899129290134e+06 1.001167774200439453e+00
2.461081899195429403e+06 1.000854015350341797e+00
2.461081899261568207e+06 1.000391364097595215e+00
2.461081899327707011e+06 1.000274896621704102e+00
2.461081899393845815e+06 1.001610875129699707e+00
2.461081899459985085e+06 1.000655055046081543e+00
2.461081899526123889e+06 1.001889109611511230e+00
2.461081899592262693e+06 1.001555919647216797e+00
2.461081899658401497e+06 1.000305652618408203e+00
2.461081899724540766e+06 1.000622630119323730e+00
2.461081899790679570e+06 9.998252987861633301e-01
2.461081899856818374e+06 1.001415252685546875e+00
2.461081899922957178e+06 1.000481963157653809e+00
2.461081899989096448e+06 9.995956420898437500e-01
2.461081900055235252e+06 1.001402258872985840e+00
2.461081900121374056e+06 1.001407146453857422e+00
2.461081900187512860e+06 1.001952171325683594e+00
2.461081900253652129e+06 1.002481102943420410e+00
2.461081900319790933e+06 1.000994682312011719e+00
2.461081900385929737e+06 1.000630736351013184e+00
2.461081900452068541e+06 1.000818371772766113e+00
2.461081900518207811e+06 1.001014113426208496e+00
2.461081900584346615e+06 1.001302003860473633e+00
2.461081900650485419e+06 1.000768303871154785e+00
2.461081900716624223e+06 1.000650167465209961e+00
2.461081900782763027e+06 1.001991033554077148e+00
2.461081900848902296e+06 1.000642061233520508e+00
2.461081900915041100e+06 1.001344084739685059e+00
2.461081900981179904e+06 1.000428557395935059e+00
2.461081901047318708e+06 1.000981688499450684e+00
2.461081901113457978e+06 1.000614643096923828e+00
2.461081901179596782e+06 1.000939726829528809e+00
2.461081901245735586e+06 1.000881433486938477e+00
2.461081901311874390e+06 1.001041531562805176e+00
2.461081901378013659e+06 1.000876665115356445e+00
2.461081901444152463e+06 1.000871777534484863e+00
2.461081901510291267e+06 1.000965595245361328e+00
2.461081901576430071e+06 1.001564025878906250e+00
2.461081901642569341e+06 1.001062631607055664e+00
2.461081901708708145e+06 1.000616192817687988e+00
2.461081901774846949e+06 1.001618981361389160e+00
2.461081901840985753e+06 1.001462101936340332e+00
2.461081901907125022e+06 1.000625967979431152e+00
2.461081901973263826e+06 1.000929951667785645e+00
2.461081902039402630e+06 1.000894427299499512e+00
2.461081902105541434e+06 1.000689029693603516e+00
2.461081902171680704e+06 1.000650167465209961e+00
2.461081902237819508e+06 9.998722076416015625e-01
2.461081902303958312e+06 1.001229166984558105e+00
2.461081902370097116e+06 1.000815153121948242e+00
2.461081902436236385e+06 1.002133369445800781e+00
2.461081902502375189e+06 1.001431345939636230e+00
2.461081902568513993e+06 1.001421689987182617e+00
2.461081902634652797e+06 1.000156879425048828e+00
2.461081902700792067e+06 1.000242590904235840e+00
2.461081902766930871e+06 9.994662404060363770e-01
2.461081902833069675e+06 1.000800609588623047e+00
2.461081902899208479e+06 1.000729441642761230e+00
2.461081902965347283e+06 1.000697135925292969e+00
2.461081903031486552e+06 1.000777959823608398e+00
2.461081903097625356e+06 1.000910520553588867e+00
2.461081903163764160e+06 1.001206517219543457e+00
2.461081903229902964e+06 1.001871347427368164e+00
2.461081903296042234e+06 1.001082062721252441e+00
2.461081903362181038e+06 1.001581788063049316e+00
2.461081903428319842e+06 1.001104712486267090e+00
2.461081903494458646e+06 1.000011324882507324e+00
2.461081903560597915e+06 1.000818371772766113e+00
2.461081903626736719e+06 1.001141905784606934e+00
2.461081903692875523e+06 1.000993013381958008e+00
2.461081903759014327e+06 1.000558018684387207e+00
2.461081903825153597e+06 1.000118017196655273e+00
2.461081903891292401e+06 1.000595211982727051e+00
2.461081903957431205e+06 1.001059412956237793e+00
2.461081904023570009e+06 9.999838471412658691e-01
2.461081904089709278e+06 1.000661492347717285e+00
2.461081904155848082e+06 1.001263141632080078e+00
2.461081904221986886e+06 1.001130580902099609e+00
2.461081904288125690e+06 9.987061023712158203e-01
2.461081904354264960e+06 1.000630736351013184e+00
2.461081904420403764e+06 1.000865340232849121e+00
2.461081904486542568e+06 1.000710010528564453e+00
2.461081904552681372e+06 9.997493028640747070e-01
2.461081904618820641e+06 1.000818371772766113e+00
2.461081904684959445e+06 1.001271247863769531e+00
2.461081904751098249e+06 9.997751712799072266e-01
2.461081904817237053e+06 1.001347303390502930e+00
2.461081904883376323e+06 1.000456094741821289e+00
2.461081904949515127e+06 1.001339197158813477e+00
2.461081905015653931e+06 1.000700354576110840e+00
2.461081905081792735e+06 1.000207066535949707e+00
2.461081905147932004e+06 1.000148773193359375e+00
2.461081905214070808e+06 1.001691818237304688e+00
2.461081905280209612e+06 1.000375270843505859e+00
2.461081905346348416e+06 1.000498175621032715e+00
2.461081905412487220e+06 1.001411914825439453e+00
2.461081905478626490e+06 1.001462101936340332e+00
2.461081905544765294e+06 1.000771522521972656e+00
2.461081905610904098e+06 1.000781178474426270e+00
2.461081905677042902e+06 1.001444339752197266e+00
2.461081905743182171e+06 1.000740766525268555e+00
2.461081905809320975e+06 1.000519156455993652e+00
2.461081905875459779e+06 1.001248598098754883e+00
2.461081905941598583e+06 1.001209735870361328e+00
2.461081906007737853e+06 1.001863241195678711e+00
2.461081906073876657e+06 9.997331500053405762e-01
2.461081906140015461e+06 1.001686930656433105e+00
2.461081906206154265e+06 1.000502943992614746e+00
2.461081906272293534e+06 1.001688480377197266e+00
2.461081906338432338e+06 1.001250267028808594e+00
2.461081906404571142e+06 1.001082062721252441e+00
2.461081906470709946e+06 9.996361136436462402e-01
2.461081906536849216e+06 1.000939726829528809e+00
2.461081906602988020e+06 1.001268029212951660e+00
2.461081906669126824e+06 1.000520825386047363e+00
2.461081906735265628e+06 9.993611574172973633e-01
2.461081906801404897e+06 1.000711679458618164e+00
2.461081906867543701e+06 1.002086400985717773e+00
2.461081906933682505e+06 1.001961827278137207e+00
2.461081906999821309e+06 1.000108361244201660e+00
2.461081907065960579e+06 1.000475525856018066e+00
2.461081907132099383e+06 1.001227617263793945e+00
2.461081907198238187e+06 1.000942945480346680e+00
2.461081907264376990e+06 1.000887989997863770e+00
2.461081907330516260e+06 1.000019431114196777e+00
2.461081907396655064e+06 1.000108361244201660e+00
2.461081907462793868e+06 9.994339346885681152e-01
2.461081907528932672e+06 9.999676346778869629e-01
2.461081907595071942e+06 1.001310110092163086e+00
2.461081907661210746e+06 1.000308871269226074e+00
2.461081907727349550e+06 1.001311659812927246e+00
2.461081907793488353e+06 1.000577449798583984e+00
2.461081907859627157e+06 1.001140236854553223e+00
2.461081907925766427e+06 1.001305222511291504e+00
2.461081907991905231e+06 1.001012444496154785e+00
2.461081908058044035e+06 1.001009225845336914e+00
2.461081908124182839e+06 1.001319766044616699e+00
2.461081908190322109e+06 1.000947833061218262e+00
2.461081908256460913e+06 1.000679254531860352e+00
2.461081908322599716e+06 1.000640511512756348e+00
2.461081908388738520e+06 1.000786066055297852e+00
2.461081908454877790e+06 1.000404357910156250e+00
2.461081908521016594e+06 1.000535368919372559e+00
2.461081908587155398e+06 1.000378489494323730e+00
2.461081908653294202e+06 1.000663161277770996e+00
2.461081908719433472e+06 1.000418901443481445e+00
2.461081908785572276e+06 1.000820040702819824e+00
2.461081908851711079e+06 1.000701904296875000e+00
2.461081908917849883e+06 1.000876665115356445e+00
2.461081908983989153e+06 1.000972032546997070e+00
2.461081909050127957e+06 1.000418901443481445e+00
2.461081909116266761e+06 1.000525593757629395e+00
2.461081909182405565e+06 1.000289559364318848e+00
2.461081909248544835e+06 1.002092838287353516e+00
2.461081909314683639e+06 1.001497626304626465e+00
2.461081909380822442e+06 1.001038312911987305e+00
2.461081909446961246e+06 9.995827078819274902e-01
2.461081909513100516e+06 1.001389265060424805e+00
2.461081909579239320e+06 1.000816822052001953e+00
2.461081909645378124e+06 1.000244259834289551e+00
2.461081909711516928e+06 1.000700354576110840e+00
2.461081909777656198e+06 1.000991463661193848e+00
2.461081909843795002e+06 1.000286221504211426e+00
2.461081909909933805e+06 1.000436663627624512e+00
2.461081909976072609e+06 1.001376390457153320e+00
2.461081910042211879e+06 1.000936508178710938e+00
2.461081910108350683e+06 1.000344514846801758e+00
2.461081910174489487e+06 1.001056194305419922e+00
2.461081910240628291e+06 1.000122904777526855e+00
2.461081910306767561e+06 1.000415682792663574e+00
2.461081910372906365e+06 1.002558708190917969e+00
2.461081910439045168e+06 9.999563097953796387e-01
2.461081910505183972e+06 1.000609755516052246e+00
2.461081910571322776e+06 1.000562787055969238e+00
2.461081910637462046e+06 1.001421689987182617e+00
2.461081910703600850e+06 1.001125693321228027e+00
2.461081910769739654e+06 1.000370383262634277e+00
2.461081910835878458e+06 1.000339627265930176e+00
2.461081910902017727e+06 9.999854564666748047e-01
2.461081910968156531e+06 1.000465750694274902e+00
2.461081911034295335e+06 1.000900864601135254e+00
2.461081911100434139e+06 1.000179529190063477e+00
2.461081911166573409e+06 1.000338077545166016e+00
2.461081911232712213e+06 1.001402258872985840e+00
2.461081911298851017e+06 1.000994682312011719e+00
2.461081911364989821e+06 1.000504612922668457e+00
2.461081911431129090e+06 1.001402258872985840e+00
2.461081911497267894e+06 1.001116037368774414e+00
2.461081911563406698e+06 1.000899314880371094e+00
2.461081911629545502e+06 1.000726222991943359e+00
2.461081911695684772e+06 1.000776290893554688e+00
2.461081911761823576e+06 1.000899314880371094e+00
2.461081911827962380e+06 1.000669598579406738e+00
2.461081911894101184e+06 1.003343105316162109e+00
2.461081911960240453e+06 1.000690579414367676e+00
2.461081912026379257e+06 9.995989203453063965e-01
2.461081912092518061e+06 1.001122474670410156e+00
2.461081912158656865e+06 1.001269578933715820e+00
2.461081912224796135e+06 1.000208616256713867e+00
2.461081912290934939e+06 1.000401139259338379e+00
2.461081912357073743e+06 1.001268029212951660e+00
2.461081912423212547e+06 1.000606536865234375e+00
2.461081912489351816e+06 1.000818371772766113e+00
2.461081912555490620e+06 1.001019001007080078e+00
2.461081912621629424e+06 1.001077175140380859e+00
2.461081912687768228e+06 1.000200510025024414e+00
2.461081912753907032e+06 1.000669598579406738e+00
2.461081912820046302e+06 1.000917077064514160e+00
2.461081912886185106e+06 1.000263571739196777e+00
2.461081912952323910e+06 1.000999569892883301e+00
2.461081913018462714e+06 1.001622200012207031e+00
2.461081913084601983e+06 1.001780748367309570e+00
2.461081913150740787e+06 1.000561237335205078e+00
2.461081913216879591e+06 1.000388145446777344e+00
2.461081913283018395e+06 1.000735878944396973e+00
2.461081913349157665e+06 1.000836133956909180e+00
2.461081913415296469e+06 1.000480413436889648e+00
2.461081913481435273e+06 1.001124024391174316e+00
2.461081913547574077e+06 1.000496506690979004e+00
2.461081913613713346e+06 1.001179099082946777e+00
2.461081913679852150e+06 1.001133799552917480e+00
2.461081913745990954e+06 1.000761747360229492e+00
2.461081913812129758e+06 1.000957489013671875e+00
2.461081913878269028e+06 1.001688480377197266e+00
2.461081913944407832e+06 1.001594781875610352e+00
2.461081914010546636e+06 1.000608086585998535e+00
2.461081914076685440e+06 9.995584487915039062e-01
2.461081914142824709e+06 1.000079274177551270e+00
2.461081914208963513e+06 1.001612544059753418e+00
2.461081914275102317e+06 1.000116467475891113e+00
2.461081914341241121e+06 1.001022219657897949e+00
2.461081914407380391e+06 9.998285770416259766e-01
2.461081914473519195e+06 1.000732660293579102e+00
2.461081914539657999e+06 1.000847458839416504e+00
2.461081914605796803e+06 9.992802739143371582e-01
2.461081914671936072e+06 1.000219941139221191e+00
2.461081914738074876e+06 1.000672817230224609e+00
2.461081914804213680e+06 1.001350522041320801e+00
2.461081914870352484e+06 1.000685811042785645e+00
2.461081914936491288e+06 1.001982927322387695e+00
2.461081915002630558e+06 1.001554250717163086e+00
2.461081915068769362e+06 9.998770952224731445e-01
2.461081915134908166e+06 1.000119686126708984e+00
2.461081915201046970e+06 1.000570893287658691e+00
2.461081915267186239e+06 9.999530911445617676e-01
2.461081915333325043e+06 1.001287460327148438e+00
2.461081915399463847e+06 1.000407576560974121e+00
2.461081915465602651e+06 1.001057744026184082e+00
2.461081915531741921e+06 1.000622630119323730e+00
2.461081915597880725e+06 1.000585436820983887e+00
2.461081915664019529e+06 1.001604437828063965e+00
2.461081915730158333e+06 1.000870108604431152e+00
2.461081915796297602e+06 9.999369382858276367e-01
2.461081915862436406e+06 9.999967813491821289e-01
2.461081915928575210e+06 1.001166105270385742e+00
2.461081915994714014e+06 1.000447988510131836e+00
2.461081916060853284e+06 1.001960277557373047e+00
2.461081916126992088e+06 9.999628067016601562e-01
2.461081916193130892e+06 1.000507831573486328e+00
2.461081916259269696e+06 1.000986576080322266e+00
2.461081916325408965e+06 1.001921415328979492e+00
2.461081916391547769e+06 1.000009655952453613e+00
2.461081916457686573e+06 1.000862002372741699e+00
2.461081916523825377e+06 1.001248598098754883e+00
2.461081916589964647e+06 1.001413583755493164e+00
2.461081916656103451e+06 9.997411966323852539e-01
2.461081916722242255e+06 9.993854165077209473e-01
2.461081916788381059e+06 1.000929951667785645e+00
2.461081916854520328e+06 1.002012014389038086e+00
2.461081916920659132e+06 1.000721335411071777e+00
2.461081916986797936e+06 1.000441551208496094e+00
2.461081917052936740e+06 1.001850247383117676e+00
2.461081917119076010e+06 1.001651287078857422e+00
2.461081917185214814e+06 9.999336600303649902e-01
2.461081917251353618e+06 1.001238942146301270e+00
2.461081917317492422e+06 1.001766204833984375e+00
2.461081917383631691e+06 1.000944495201110840e+00
2.461081917449770495e+06 1.000281453132629395e+00
2.461081917515909299e+06 9.993886351585388184e-01
2.461081917582048103e+06 1.001347303390502930e+00
2.461081917648186907e+06 1.001019001007080078e+00
2.461081917714326177e+06 1.000928401947021484e+00
2.461081917780464981e+06 1.001193642616271973e+00
2.461081917846603785e+06 1.000046849250793457e+00
2.461081917912742589e+06 9.999498724937438965e-01
2.461081917978881858e+06 1.000790834426879883e+00
2.461081918045020662e+06 1.000027537345886230e+00
2.461081918111159466e+06 1.001271247863769531e+00
2.461081918177298270e+06 1.000983357429504395e+00
2.461081918243437540e+06 9.996862411499023438e-01
2.461081918309576344e+06 1.001683712005615234e+00
2.461081918375715148e+06 1.001442670822143555e+00
2.461081918441853952e+06 9.997234344482421875e-01
2.461081918507993221e+06 1.002235174179077148e+00
2.461081918574132025e+06 1.000192523002624512e+00
2.461081918640270829e+06 1.000973701477050781e+00
2.461081918706409633e+06 1.000150442123413086e+00
2.461081918772548903e+06 1.000790834426879883e+00
2.461081918838687707e+06 1.000858783721923828e+00
2.461081918904826511e+06 9.999353289604187012e-01
2.461081918970965315e+06 1.001352071762084961e+00
2.461081919037104584e+06 1.001594781875610352e+00
2.461081919103243388e+06 1.000287890434265137e+00
2.461081919169382192e+06 9.999773502349853516e-01
2.461081919235520996e+06 1.000499725341796875e+00
2.461081919301660266e+06 1.000148773193359375e+00
2.461081919367799070e+06 9.996166825294494629e-01
2.461081919433937874e+06 1.000878214836120605e+00
2.461081919500076678e+06 1.001023769378662109e+00
2.461081919566215947e+06 1.001601219177246094e+00
2.461081919632354751e+06 1.000637292861938477e+00
2.461081919698493555e+06 1.001059412956237793e+00
2.461081919764632359e+06 1.000858783721923828e+00
2.461081919830771163e+06 1.001284241676330566e+00
2.461081919896910433e+06 1.000773072242736816e+00
2.461081919963049237e+06 1.001090049743652344e+00
2.461081920029188041e+06 9.997622370719909668e-01
2.461081920095326845e+06 9.999175071716308594e-01
2.461081920161466114e+06 1.000645279884338379e+00
2.461081920227604918e+06 1.000761747360229492e+00
2.461081920293743722e+06 9.998851418495178223e-01
2.461081920359882526e+06 1.000339627265930176e+00
2.461081920426021796e+06 9.997411966323852539e-01
2.461081920492160600e+06 1.000009655952453613e+00
2.461081920558299404e+06 9.997007846832275391e-01
2.461081920624438208e+06 1.000538587570190430e+00
2.461081920690577477e+06 9.998528361320495605e-01
2.461081920756716281e+06 1.000929951667785645e+00
2.461081920822855085e+06 9.998382925987243652e-01
2.461081920888993889e+06 9.997088909149169922e-01
2.461081920955133159e+06 1.001148343086242676e+00
2.461081921021271963e+06 9.995827078819274902e-01
2.461081921087410767e+06 1.000860452651977539e+00
2.461081921153549571e+06 1.001004338264465332e+00
2.461081921219688840e+06 1.000129342079162598e+00
2.461081921285827644e+06 9.997411966323852539e-01
2.461081921351966448e+06 1.000609755516052246e+00
2.461081921418105252e+06 1.000449657440185547e+00
2.461081921484244522e+06 1.000921845436096191e+00
2.461081921550383326e+06 1.000823259353637695e+00
2.461081921616522130e+06 1.001389265060424805e+00
2.461081921682660934e+06 1.000278234481811523e+00
2.461081921748800203e+06 1.000637292861938477e+00
2.461081921814939007e+06 1.000779628753662109e+00
2.461081921881077811e+06 1.000839471817016602e+00
2.461081921947216615e+06 1.000527262687683105e+00
2.461081922013355419e+06 1.000604867935180664e+00
2.461081922079494689e+06 1.001528382301330566e+00
2.461081922145633493e+06 1.000088930130004883e+00
2.461081922211772297e+06 1.000185966491699219e+00
2.461081922277911101e+06 1.000215053558349609e+00
2.461081922344050370e+06 9.992592334747314453e-01
2.461081922410189174e+06 1.001169323921203613e+00
2.461081922476327978e+06 1.001491189002990723e+00
2.461081922542466782e+06 1.001884222030639648e+00
2.461081922608606052e+06 1.000601649284362793e+00
2.461081922674744856e+06 1.000721335411071777e+00
2.461081922740883660e+06 1.000658273696899414e+00
2.461081922807022464e+06 1.000651836395263672e+00
2.461081922873161733e+06 1.001099824905395508e+00
2.461081922939300537e+06 9.999822378158569336e-01
2.461081923005439341e+06 1.000315427780151367e+00
2.461081923071578145e+06 1.001473426818847656e+00
2.461081923137717415e+06 1.000831365585327148e+00
2.461081923203856219e+06 1.000431895256042480e+00
2.461081923269995023e+06 1.001137018203735352e+00
2.461081923336133827e+06 1.001023769378662109e+00
2.461081923402273096e+06 9.996263980865478516e-01
2.461081923468411900e+06 1.001305222511291504e+00
2.461081923534550704e+06 1.000329971313476562e+00
2.461081923600689508e+06 9.990862011909484863e-01
2.461081923666828778e+06 1.000582218170166016e+00
2.461081923732967582e+06 1.000671267509460449e+00
2.461081923799106386e+06 1.000341296195983887e+00
2.461081923865245190e+06 1.001819491386413574e+00
2.461081923931384459e+06 9.993530511856079102e-01
2.461081923997523263e+06 1.000561237335205078e+00
2.461081924063662067e+06 1.000454425811767578e+00
2.461081924129800871e+06 1.000299215316772461e+00
2.461081924195940141e+06 9.998964667320251465e-01
2.461081924262078945e+06 1.001594781875610352e+00
2.461081924328217749e+06 1.000805497169494629e+00
2.461081924394356553e+06 1.000336408615112305e+00
2.461081924460495356e+06 1.000874996185302734e+00
2.461081924526634626e+06 9.997023940086364746e-01
2.461081924592773430e+06 1.000284671783447266e+00
2.461081924658912234e+06 1.001099824905395508e+00
2.461081924725051038e+06 9.997962117195129395e-01
2.461081924791190308e+06 1.000752091407775879e+00
2.461081924857329112e+06 1.000203847885131836e+00
2.461081924923467916e+06 1.001290678977966309e+00
2.461081924989606719e+06 1.000040411949157715e+00
2.461081925055745989e+06 1.000042080879211426e+00
2.461081925121884793e+06 1.000244259834289551e+00
2.461081925188023597e+06 1.000632405281066895e+00
2.461081925254162401e+06 1.000562787055969238e+00
2.461081925320301671e+06 1.001382827758789062e+00
2.461081925386440475e+06 1.001007676124572754e+00
2.461081925452579278e+06 1.000587105751037598e+00
2.461081925518718082e+06 1.000849127769470215e+00
2.461081925584857352e+06 1.000397920608520508e+00
2.461081925650996156e+06 1.001798510551452637e+00
2.461081925717134960e+06 1.000863671302795410e+00
2.461081925783273764e+06 1.001711130142211914e+00
2.461081925849413034e+06 1.000399470329284668e+00
2.461081925915551838e+06 1.000680923461914062e+00
2.461081925981690641e+06 1.000160098075866699e+00
2.461081926047829445e+06 1.000562787055969238e+00
2.461081926113968715e+06 1.001673936843872070e+00
2.461081926180107519e+06 1.000777959823608398e+00
2.461081926246246323e+06 9.994306564331054688e-01
2.461081926312385127e+06 1.000208616256713867e+00
2.461081926378524397e+06 1.000572562217712402e+00
2.461081926444663201e+06 1.000012993812561035e+00
2.461081926510802004e+06 9.996247887611389160e-01
2.461081926576940808e+06 1.000873327255249023e+00
2.461081926643080078e+06 9.988597631454467773e-01
2.461081926709218882e+06 9.996441602706909180e-01
2.461081926775357686e+06 1.000271677970886230e+00
2.461081926841496490e+06 9.981659054756164551e-01
2.461081926907635294e+06 1.000598430633544922e+00
2.461081926973774564e+06 1.000381708145141602e+00
2.461081927039913367e+06 1.000959157943725586e+00
2.461081927106052171e+06 1.000640511512756348e+00
2.461081927172190975e+06 1.000279784202575684e+00
2.461081927238330245e+06 1.000134229660034180e+00
2.461081927304469049e+06 1.001695036888122559e+00
2.461081927370607853e+06 1.000302433967590332e+00
2.461081927436746657e+06 9.998236894607543945e-01
2.461081927502885927e+06 9.997169375419616699e-01
2.461081927569024730e+06 1.000517606735229492e+00
2.461081927635163534e+06 1.000480413436889648e+00
2.461081927701302338e+06 1.000624299049377441e+00
2.461081927767441608e+06 1.000577449798583984e+00
2.461081927833580412e+06 1.002414703369140625e+00
2.461081927899719216e+06 1.000813484191894531e+00
2.461081927965858020e+06 9.998415112495422363e-01
2.461081928031997290e+06 1.000464200973510742e+00
2.461081928098136093e+06 1.000878214836120605e+00
2.461081928164274897e+06 1.000252366065979004e+00
2.461081928230413701e+06 9.995325803756713867e-01
2.461081928296552971e+06 1.001874566078186035e+00
2.461081928362691775e+06 1.001137018203735352e+00
2.461081928428830579e+06 9.998625516891479492e-01
2.461081928494969383e+06 1.000611424446105957e+00
2.461081928561108653e+06 1.001460433006286621e+00
2.461081928627247456e+06 1.001222729682922363e+00
2.461081928693386260e+06 1.000601649284362793e+00
2.461081928759525064e+06 1.001185536384582520e+00
2.461081928825664334e+06 9.997509121894836426e-01
2.461081928891803138e+06 1.001127362251281738e+00
2.461081928957941942e+06 1.000517606735229492e+00
2.461081929024080746e+06 1.000713229179382324e+00
2.461081929090219550e+06 1.000420570373535156e+00
2.461081929156358819e+06 9.998059272766113281e-01
2.461081929222497623e+06 1.000942945480346680e+00
2.461081929288636427e+06 1.000425338745117188e+00
2.461081929354775231e+06 1.000072836875915527e+00
2.461081929420914501e+06 9.999466538429260254e-01
2.461081929487053305e+06 1.000609755516052246e+00
2.461081929553192109e+06 1.000197291374206543e+00
2.461081929619330913e+06 1.000684142112731934e+00
2.461081929685470182e+06 1.000690579414367676e+00
2.461081929751608986e+06 1.000048518180847168e+00
2.461081929817747790e+06 1.000917077064514160e+00
2.461081929883886594e+06 1.000831365585327148e+00
2.461081929950025864e+06 1.000784397125244141e+00
2.461081930016164668e+06 1.001099824905395508e+00
2.461081930082303472e+06 9.994419813156127930e-01
2.461081930148442276e+06 1.000304102897644043e+00
2.461081930214581545e+06 9.996975660324096680e-01
2.461081930280720349e+06 1.000140666961669922e+00
2.461081930346859153e+06 1.000768303871154785e+00
2.461081930412997957e+06 9.994500875473022461e-01
2.461081930479137227e+06 1.000766634941101074e+00
2.461081930545276031e+06 1.000299215316772461e+00
2.461081930611414835e+06 1.000946164131164551e+00
2.461081930677553639e+06 1.000755310058593750e+00
2.461081930743692908e+06 1.000703573226928711e+00
2.461081930809831712e+06 9.999547004699707031e-01
2.461081930875970516e+06 1.001770973205566406e+00
2.461081930942109320e+06 1.000813484191894531e+00
2.461081931008248590e+06 1.000286221504211426e+00
2.461081931074387394e+06 1.000097036361694336e+00
2.461081931140526198e+06 1.000142335891723633e+00
2.461081931206665002e+06 1.001313328742980957e+00
2.461081931272804271e+06 1.000467419624328613e+00
2.461081931338943075e+06 1.001268029212951660e+00
2.461081931405081879e+06 1.002393722534179688e+00
2.461081931471220683e+06 1.000773072242736816e+00
2.461081931537359487e+06 1.000022649765014648e+00
2.461081931603498757e+06 1.001429796218872070e+00
2.461081931669637561e+06 1.001753211021423340e+00
2.461081931735776365e+06 1.001174211502075195e+00
2.461081931801915169e+06 1.000472307205200195e+00
2.461081931868054438e+06 1.000679254531860352e+00
2.461081931934193242e+06 9.996409416198730469e-01
2.461081932000332046e+06 9.999061822891235352e-01
2.461081932066470850e+06 1.000405907630920410e+00
2.461081932132610120e+06 1.000305652618408203e+00
2.461081932198748924e+06 9.990635514259338379e-01
2.461081932264887728e+06 1.000182747840881348e+00
2.461081932331026532e+06 1.000646948814392090e+00
2.461081932397165801e+06 1.000629186630249023e+00
2.461081932463304605e+06 1.000127792358398438e+00
2.461081932529443409e+06 1.000203847885131836e+00
2.461081932595582213e+06 1.001441121101379395e+00
2.461081932661721483e+06 1.000443100929260254e+00
2.461081932727860287e+06 1.001046419143676758e+00
2.461081932793999091e+06 1.000207066535949707e+00
2.461081932860137895e+06 1.000004887580871582e+00
2.461081932926277164e+06 1.000633955001831055e+00
2.461081932992415968e+06 1.000401139259338379e+00
2.461081933058554772e+06 1.000708460807800293e+00
2.461081933124693576e+06 1.000098705291748047e+00
2.461081933190832846e+06 1.000084161758422852e+00
2.461081933256971650e+06 1.000135898590087891e+00
2.461081933323110454e+06 1.001101374626159668e+00
2.461081933389249258e+06 1.001203298568725586e+00
2.461081933455388527e+06 1.001661062240600586e+00
2.461081933521527331e+06 1.000756978988647461e+00
2.461081933587666135e+06 1.000431895256042480e+00
2.461081933653804939e+06 1.000032305717468262e+00
2.461081933719943743e+06 1.000158548355102539e+00
2.461081933786083013e+06 1.000333189964294434e+00
2.461081933852221817e+06 1.000355839729309082e+00
2.461081933918360621e+06 9.992026090621948242e-01
2.461081933984499425e+06 1.000603318214416504e+00
2.461081934050638694e+06 1.000761747360229492e+00
2.461081934116777498e+06 9.998835325241088867e-01
2.461081934182916302e+06 1.001065850257873535e+00
2.461081934249055106e+06 9.999045729637145996e-01
2.461081934315194376e+06 1.000711679458618164e+00
2.461081934381333180e+06 9.999967813491821289e-01
2.461081934447471984e+06 1.001073956489562988e+00
2.461081934513610788e+06 1.000263571739196777e+00
2.461081934579750057e+06 1.001157999038696289e+00
2.461081934645888861e+06 1.001542925834655762e+00
2.461081934712027665e+06 1.001211404800415039e+00
2.461081934778166469e+06 1.001429796218872070e+00
2.461081934844305739e+06 1.000719785690307617e+00
2.461081934910444543e+06 9.998301863670349121e-01
2.461081934976583347e+06 9.998997449874877930e-01
2.461081935042722151e+06 1.001017332077026367e+00
2.461081935108861420e+06 1.000611424446105957e+00
2.461081935175000224e+06 1.001031875610351562e+00
2.461081935241139028e+06 1.001651287078857422e+00
2.461081935307277832e+06 9.994953870773315430e-01
2.461081935373417102e+06 9.998010396957397461e-01
2.461081935439555906e+06 1.001345634460449219e+00
2.461081935505694710e+06 9.999094009399414062e-01
2.461081935571833514e+06 1.000798940658569336e+00
2.461081935637972783e+06 1.001675605773925781e+00
2.461081935704111587e+06 1.000786066055297852e+00
2.461081935770250391e+06 1.001479864120483398e+00
2.461081935836389195e+06 1.000454425811767578e+00
2.461081935902528465e+06 9.998884201049804688e-01
2.461081935968667269e+06 1.001801729202270508e+00
2.461081936034806073e+06 9.998188614845275879e-01
2.461081936100944877e+06 1.000556349754333496e+00
2.461081936167083681e+06 1.001162886619567871e+00
2.461081936233222950e+06 1.001656174659729004e+00
2.461081936299361754e+06 1.000494956970214844e+00
2.461081936365500558e+06 9.992592334747314453e-01
2.461081936431639362e+06 1.000283002853393555e+00
2.461081936497778632e+06 1.001390933990478516e+00
2.461081936563917436e+06 1.000491738319396973e+00
2.461081936630056240e+06 1.000441551208496094e+00
2.461081936696195044e+06 1.000601649284362793e+00
2.461081936762334313e+06 1.001111149787902832e+00
2.461081936828473117e+06 9.992123246192932129e-01
2.461081936894611921e+06 9.997978210449218750e-01
2.461081936960750725e+06 1.000947833061218262e+00
2.461081937026889995e+06 9.998916387557983398e-01
2.461081937093028799e+06 1.000265240669250488e+00
2.461081937159167603e+06 1.000918626785278320e+00
2.461081937225306407e+06 1.000667929649353027e+00
2.461081937291445676e+06 1.001408696174621582e+00
2.461081937357584480e+06 9.999644160270690918e-01
2.461081937423723284e+06 1.000260353088378906e+00
2.461081937489862088e+06 1.001062631607055664e+00
2.461081937556001358e+06 1.000004887580871582e+00
2.461081937622140162e+06 1.000724554061889648e+00
2.461081937688278966e+06 9.994355440139770508e-01
2.461081937754417770e+06 1.000897645950317383e+00
2.461081937820557039e+06 1.001386046409606934e+00
2.461081937886695843e+06 9.995406866073608398e-01
2.461081937952834647e+06 1.001314878463745117e+00
2.461081938018973451e+06 1.000913858413696289e+00
2.461081938085112721e+06 1.000452876091003418e+00
2.461081938151251525e+06 1.000072836875915527e+00
2.461081938217390329e+06 1.000274896621704102e+00
2.461081938283529133e+06 1.000981688499450684e+00
2.461081938349667937e+06 1.000685811042785645e+00
2.461081938415807206e+06 9.990118145942687988e-01
2.461081938481946010e+06 1.000064730644226074e+00
2.461081938548084814e+06 1.000460982322692871e+00
2.461081938614223618e+06 9.998754858970642090e-01
2.461081938680362888e+06 9.992398619651794434e-01
2.461081938746501692e+06 9.999158978462219238e-01
2.461081938812640496e+06 1.000952601432800293e+00
2.461081938878779300e+06 1.000260353088378906e+00
2.461081938944918569e+06 1.000048518180847168e+00
2.461081939011057373e+06 1.001898765563964844e+00
2.461081939077196177e+06 1.001200079917907715e+00
2.461081939143334981e+06 1.000313758850097656e+00
2.461081939209474251e+06 1.001104712486267090e+00
2.461081939275613055e+06 1.000845909118652344e+00
2.461081939341751859e+06 1.000177860260009766e+00
2.461081939407890663e+06 1.000451207160949707e+00
2.461081939474029932e+06 1.000915408134460449e+00
2.461081939540168736e+06 1.001995801925659180e+00
2.461081939606307540e+06 1.002547383308410645e+00
2.461081939672446344e+06 1.000556349754333496e+00
2.461081939738585614e+06 1.006349802017211914e+00
2.461081939804724418e+06 1.000067949295043945e+00
2.461081939870863222e+06 9.999547004699707031e-01
2.461081939937002026e+06 9.994711279869079590e-01
2.461081940003141295e+06 1.001450777053833008e+00
2.461081940069280099e+06 1.001623868942260742e+00
2.461081940135418903e+06 1.001339197158813477e+00
2.461081940201557707e+06 1.000365495681762695e+00
2.461081940267696977e+06 1.000454425811767578e+00
2.461081940333835781e+06 1.000742316246032715e+00
2.461081940399974585e+06 1.000849127769470215e+00
2.461081940466113389e+06 1.000558018684387207e+00
2.461081940532252192e+06 1.000850677490234375e+00
2.461081940598391462e+06 1.000687360763549805e+00
2.461081940664530266e+06 1.000501394271850586e+00
2.461081940730669070e+06 1.001099824905395508e+00
2.461081940796807874e+06 1.000234484672546387e+00
2.461081940862947144e+06 9.998835325241088867e-01
2.461081940929085948e+06 1.002484321594238281e+00
2.461081940995224752e+06 9.995325803756713867e-01
2.461081941061363555e+06 1.000431895256042480e+00
2.461081941127502825e+06 1.000478744506835938e+00
2.461081941193641629e+06 1.000451207160949707e+00
2.461081941259780433e+06 1.001407146453857422e+00
2.461081941325919237e+06 1.000920295715332031e+00
2.461081941392058507e+06 1.001020550727844238e+00
2.461081941458197311e+06 1.000993013381958008e+00
2.461081941524336115e+06 1.000032305717468262e+00
2.461081941590474918e+06 9.997298717498779297e-01
2.461081941656614188e+06 1.000787615776062012e+00
2.461081941722752992e+06 1.000168204307556152e+00
2.461081941788891796e+06 1.000299215316772461e+00
2.461081941855030600e+06 1.000811934471130371e+00
2.461081941921169870e+06 1.000779628753662109e+00
2.461081941987308674e+06 1.001339197158813477e+00
2.461081942053447478e+06 1.000739097595214844e+00
2.461081942119586281e+06 1.000723004341125488e+00
2.461081942185725551e+06 9.999320507049560547e-01
2.461081942251864355e+06 1.000635623931884766e+00
2.461081942318003159e+06 9.994662404060363770e-01
2.461081942384141963e+06 9.996263980865478516e-01
2.461081942450281233e+06 9.999320507049560547e-01
2.461081942516420037e+06 9.999223947525024414e-01
2.461081942582558841e+06 1.000609755516052246e+00
2.461081942648697644e+06 1.000420570373535156e+00
2.461081942714836914e+06 1.002207756042480469e+00
2.461081942780975718e+06 9.999061822891235352e-01
2.461081942847114522e+06 1.000758528709411621e+00
2.461081942913253326e+06 1.000970363616943359e+00
2.461081942979392130e+06 9.999126791954040527e-01
2.461081943045531400e+06 9.997784495353698730e-01
2.461081943111670204e+06 1.000760197639465332e+00
2.461081943177809007e+06 9.998835325241088867e-01
2.461081943243947811e+06 1.000967144966125488e+00
2.461081943310087081e+06 1.001261591911315918e+00
2.461081943376225885e+06 9.996635913848876953e-01
2.461081943442364689e+06 1.000088930130004883e+00
2.461081943508503493e+06 1.001159667968750000e+00
2.461081943574642763e+06 9.996166825294494629e-01
2.461081943640781567e+06 1.000431895256042480e+00
2.461081943706920370e+06 9.993514418601989746e-01
2.461081943773059174e+06 1.000004887580871582e+00
2.461081943839198444e+06 1.000637292861938477e+00
2.461081943905337248e+06 1.001064181327819824e+00
2.461081943971476052e+06 1.000051736831665039e+00
2.461081944037614856e+06 1.000478744506835938e+00
2.461081944103754126e+06 1.000469088554382324e+00
2.461081944169892929e+06 1.001445889472961426e+00
2.461081944236031733e+06 9.995325803756713867e-01
2.461081944302170537e+06 1.001295566558837891e+00
2.461081944368309807e+06 1.000063061714172363e+00
2.461081944434448611e+06 1.000854015350341797e+00
2.461081944500587415e+06 9.992365837097167969e-01
2.461081944566726219e+06 1.000907301902770996e+00
2.461081944632865489e+06 9.999611973762512207e-01
2.461081944699004292e+06 1.000740766525268555e+00
2.461081944765143096e+06 9.998560547828674316e-01
2.461081944831281900e+06 1.000054955482482910e+00
2.461081944897421170e+06 9.994533061981201172e-01
2.461081944963559974e+06 9.999838471412658691e-01
2.461081945029698778e+06 1.000160098075866699e+00
2.461081945095837582e+06 1.000255584716796875e+00
2.461081945161976386e+06 1.000228047370910645e+00
2.461081945228115655e+06 9.998075366020202637e-01
2.461081945294254459e+06 1.000316977500915527e+00
2.461081945360393263e+06 1.001200079917907715e+00
2.461081945426532067e+06 1.000352621078491211e+00
2.461081945492671337e+06 1.000952601432800293e+00
2.461081945558810141e+06 1.000564455986022949e+00
2.461081945624948945e+06 1.000569343566894531e+00
2.461081945691087749e+06 1.000938057899475098e+00
2.461081945757227018e+06 9.997848868370056152e-01
2.461081945823365822e+06 1.001028656959533691e+00
2.461081945889504626e+06 9.998916387557983398e-01
2.461081945955643430e+06 1.001848697662353516e+00
2.461081946021782700e+06 9.998964667320251465e-01
2.461081946087921504e+06 1.000693798065185547e+00
2.461081946154060308e+06 1.001868009567260742e+00
2.461081946220199112e+06 1.000344514846801758e+00
2.461081946286338381e+06 9.999126791954040527e-01
2.461081946352477185e+06 9.995552301406860352e-01
2.461081946418615989e+06 1.002115488052368164e+00
2.461081946484754793e+06 9.995341897010803223e-01
2.461081946550894063e+06 1.000084161758422852e+00
2.461081946617032867e+06 1.000583887100219727e+00
2.461081946683171671e+06 1.000349402427673340e+00
2.461081946749310475e+06 1.000464200973510742e+00
2.461081946815449744e+06 1.001282572746276855e+00
2.461081946881588548e+06 9.987594485282897949e-01
2.461081946947727352e+06 1.000431895256042480e+00
2.461081947013866156e+06 1.000042080879211426e+00
2.461081947080005426e+06 1.000732660293579102e+00
2.461081947146144230e+06 1.000287890434265137e+00
2.461081947212283034e+06 1.000711679458618164e+00
2.461081947278421838e+06 1.000895977020263672e+00
2.461081947344561107e+06 1.000478744506835938e+00
2.461081947410699911e+06 1.001014113426208496e+00
2.461081947476838715e+06 1.000040411949157715e+00
2.461081947542977519e+06 1.001356959342956543e+00
2.461081947609116323e+06 1.001216292381286621e+00
2.461081947675255593e+06 1.001433014869689941e+00
2.461081947741394397e+06 1.000032305717468262e+00
2.461081947807533201e+06 1.001599550247192383e+00
2.461081947873672005e+06 1.000517606735229492e+00
2.461081947939811274e+06 1.000135898590087891e+00
2.461081948005950078e+06 1.000171422958374023e+00
2.461081948072088882e+06 1.000730991363525391e+00
2.461081948138227686e+06 1.000616192817687988e+00
2.461081948204366956e+06 9.995277523994445801e-01
2.461081948270505760e+06 1.000375270843505859e+00
2.461081948336644564e+06 1.000549912452697754e+00
2.461081948402783368e+06 1.001596331596374512e+00
2.461081948468922637e+06 1.000968813896179199e+00
2.461081948535061441e+06 9.998252987861633301e-01
2.461081948601200245e+06 1.000428557395935059e+00
2.461081948667339049e+06 1.001059412956237793e+00
2.461081948733478319e+06 1.000129342079162598e+00
2.461081948799617123e+06 1.001022219657897949e+00
2.461081948865755927e+06 1.000735878944396973e+00
2.461081948931894731e+06 1.000528931617736816e+00
2.461081948998034000e+06 9.997444748878479004e-01
2.461081949064172804e+06 1.000912189483642578e+00
2.461081949130311608e+06 1.000304102897644043e+00
2.461081949196450412e+06 1.000845909118652344e+00
2.461081949262589682e+06 1.001086831092834473e+00
2.461081949328728486e+06 1.001410365104675293e+00
2.461081949394867290e+06 1.001049637794494629e+00
2.461081949461006094e+06 1.001408696174621582e+00
2.461081949527145363e+06 1.001572132110595703e+00
2.461081949593284167e+06 9.997476935386657715e-01
2.461081949659422971e+06 1.000740766525268555e+00
2.461081949725561775e+06 1.000986576080322266e+00
2.461081949791700579e+06 1.000245809555053711e+00
2.461081949857839849e+06 1.000643730163574219e+00
2.461081949923978653e+06 1.000341296195983887e+00
2.461081949990117457e+06 1.000753641128540039e+00
2.461081950056256261e+06 1.001062631607055664e+00
2.461081950122395530e+06 1.000611424446105957e+00
2.461081950188534334e+06 9.989842772483825684e-01
2.461081950254673138e+06 9.996749162673950195e-01
2.461081950320811942e+06 1.000533699989318848e+00
2.461081950386951212e+06 9.999449849128723145e-01
2.461081950453090016e+06 1.000142335891723633e+00
2.461081950519228820e+06 1.001043200492858887e+00
2.461081950585367624e+06 1.000671267509460449e+00
2.461081950651506893e+06 9.999223947525024414e-01
2.461081950717645697e+06 9.999336600303649902e-01
2.461081950783784501e+06 1.001046419143676758e+00
2.461081950849923305e+06 9.993611574172973633e-01
2.461081950916062575e+06 1.000980138778686523e+00
2.461081950982201379e+06 1.000787615776062012e+00
2.461081951048340183e+06 1.001250267028808594e+00
2.461081951114478987e+06 1.000168204307556152e+00
2.461081951180618256e+06 1.000625967979431152e+00
2.461081951246757060e+06 9.993368983268737793e-01
2.461081951312895864e+06 9.992867112159729004e-01
2.461081951379034668e+06 1.000177860260009766e+00
2.461081951445173938e+06 1.000789284706115723e+00
2.461081951511312742e+06 1.000614643096923828e+00
2.461081951577451546e+06 1.000734329223632812e+00
2.461081951643590350e+06 1.000250697135925293e+00
2.461081951709729619e+06 9.992220401763916016e-01
2.461081951775868423e+06 1.000072836875915527e+00
2.461081951842007227e+06 9.999886751174926758e-01
2.461081951908146031e+06 1.000151991844177246e+00
2.461081951974284835e+06 1.000847458839416504e+00
2.461081952040424105e+06 9.998997449874877930e-01
2.461081952106562909e+06 1.000538587570190430e+00
2.461081952172701713e+06 1.000242590904235840e+00
2.461081952238840517e+06 1.000255584716796875e+00
2.461081952304979786e+06 9.997056126594543457e-01
2.461081952371118590e+06 1.000978469848632812e+00
2.461081952437257394e+06 1.001196861267089844e+00
2.461081952503396198e+06 1.000003218650817871e+00
2.461081952569535468e+06 1.000533699989318848e+00
2.461081952635674272e+06 1.000569343566894531e+00
2.461081952701813076e+06 1.000703573226928711e+00
2.461081952767951880e+06 9.996166825294494629e-01
2.461081952834091149e+06 1.000176310539245605e+00
2.461081952900229953e+06 1.000061511993408203e+00
2.461081952966368757e+06 1.000705122947692871e+00
2.461081953032507561e+06 1.001371502876281738e+00
2.461081953098646831e+06 1.001145124435424805e+00
2.461081953164785635e+06 1.001746773719787598e+00
2.461081953230924439e+06 1.000135898590087891e+00
2.461081953297063243e+06 1.001817941665649414e+00
2.461081953363202512e+06 1.001630306243896484e+00
2.461081953429341316e+06 9.998787045478820801e-01
2.461081953495480120e+06 1.000941276550292969e+00
2.461081953561618924e+06 1.000478744506835938e+00
2.461081953627758194e+06 1.000312209129333496e+00
2.461081953693896998e+06 1.000779628753662109e+00
2.461081953760035802e+06 1.000900864601135254e+00
2.461081953826174606e+06 1.000612974166870117e+00
2.461081953892313875e+06 1.000954270362854004e+00
2.461081953958452679e+06 1.000384926795959473e+00
2.461081954024591483e+06 9.999240040779113770e-01
2.461081954090730287e+06 9.997493028640747070e-01
2.461081954156869091e+06 1.000156879425048828e+00
2.461081954223008361e+06 1.000024318695068359e+00
2.461081954289147165e+06 1.000836133956909180e+00
2.461081954355285969e+06 1.000499725341796875e+00
2.461081954421424773e+06 9.999336600303649902e-01
2.461081954487564042e+06 1.000828146934509277e+00
2.461081954553702846e+06 1.000988245010375977e+00
2.461081954619841650e+06 9.996199011802673340e-01
2.461081954685980454e+06 9.999805688858032227e-01
2.461081954752119724e+06 1.001479864120483398e+00
2.461081954818258528e+06 9.990942478179931641e-01
2.461081954884397332e+06 1.000661492347717285e+00
2.461081954950536136e+06 1.000925183296203613e+00
2.461081955016675405e+06 9.993789196014404297e-01
2.461081955082814209e+06 9.995067119598388672e-01
2.461081955148953013e+06 9.998544454574584961e-01
2.461081955215091817e+06 9.998576641082763672e-01
2.461081955281231087e+06 9.997913837432861328e-01
2.461081955347369891e+06 9.994727373123168945e-01
2.461081955413508695e+06 1.000633955001831055e+00
2.461081955479647499e+06 1.000786066055297852e+00
2.461081955545786768e+06 9.995002150535583496e-01
2.461081955611925572e+06 9.992932081222534180e-01
2.461081955678064376e+06 9.997784495353698730e-01
2.461081955744203180e+06 1.000727772712707520e+00
2.461081955810342450e+06 1.000242590904235840e+00
2.461081955876481254e+06 1.000976920127868652e+00
2.461081955942620058e+06 9.997088909149169922e-01
2.461081956008758862e+06 1.000097036361694336e+00
2.461081956074898131e+06 1.001749992370605469e+00
2.461081956141036935e+06 9.995552301406860352e-01
2.461081956207175739e+06 1.000850677490234375e+00
2.461081956273314543e+06 1.000764966011047363e+00
2.461081956339453347e+06 1.000640511512756348e+00
2.461081956405592617e+06 1.001119256019592285e+00
2.461081956471731421e+06 1.000842690467834473e+00
2.461081956537870225e+06 9.998803138732910156e-01
2.461081956604009029e+06 1.000084161758422852e+00
2.461081956670148298e+06 1.000393033027648926e+00
2.461081956736287102e+06 1.001863241195678711e+00
2.461081956802425906e+06 9.998123645782470703e-01
2.461081956868564710e+06 1.000485181808471680e+00
2.461081956934703980e+06 1.000640511512756348e+00
2.461081957000842784e+06 1.000197291374206543e+00
2.461081957066981588e+06 1.000734329223632812e+00
2.461081957133120392e+06 1.000701904296875000e+00
2.461081957199259661e+06 9.989778399467468262e-01
2.461081957265398465e+06 1.000384926795959473e+00
2.461081957331537269e+06 1.000422120094299316e+00
2.461081957397676073e+06 1.000359058380126953e+00
2.461081957463815343e+06 1.001780748367309570e+00
2.461081957529954147e+06 9.996619820594787598e-01
2.461081957596092951e+06 1.001471757888793945e+00
2.461081957662231755e+06 1.000270128250122070e+00
2.461081957728371024e+06 1.001334309577941895e+00
2.461081957794509828e+06 1.000042080879211426e+00
2.461081957860648632e+06 9.999660253524780273e-01
2.461081957926787436e+06 1.000512719154357910e+00
2.461081957992926706e+06 1.000287890434265137e+00
2.461081958059065510e+06 1.000263571739196777e+00
2.461081958125204314e+06 1.000524044036865234e+00
2.461081958191343118e+06 1.000470638275146484e+00
2.461081958257482387e+06 1.000433444976806641e+00
2.461081958323621191e+06 1.000572562217712402e+00
2.461081958389759995e+06 1.006883502006530762e+00
2.461081958455898799e+06 1.002133369445800781e+00
2.461081958522037603e+06 9.998043179512023926e-01
2.461081958588176873e+06 1.001426577568054199e+00
2.461081958654315677e+06 1.002002358436584473e+00
2.461081958720454480e+06 1.001044869422912598e+00
2.461081958786593284e+06 1.000491738319396973e+00
2.461081958852732554e+06 1.001289010047912598e+00
2.461081958918871358e+06 1.001699805259704590e+00
2.461081958985010162e+06 1.000045299530029297e+00
2.461081959051148966e+06 1.000873327255249023e+00
2.461081959117288236e+06 9.999256134033203125e-01
2.461081959183427040e+06 1.001001119613647461e+00
2.461081959249565843e+06 9.994063973426818848e-01
2.461081959315704647e+06 1.001057744026184082e+00
2.461081959381843917e+06 1.000224828720092773e+00
2.461081959447982721e+06 9.991703033447265625e-01
2.461081959514121525e+06 9.994711279869079590e-01
2.461081959580260329e+06 1.000527262687683105e+00
2.461081959646399599e+06 1.000127792358398438e+00
2.461081959712538403e+06 1.000249028205871582e+00
2.461081959778677206e+06 1.001413583755493164e+00
2.461081959844816010e+06 1.001120805740356445e+00
2.461081959910955280e+06 1.000274896621704102e+00
2.461081959977094084e+06 1.002052426338195801e+00
2.461081960043232888e+06 1.000967144966125488e+00
2.461081960109371692e+06 1.000866889953613281e+00
2.461081960175510962e+06 1.000527262687683105e+00
2.461081960241649766e+06 9.997509121894836426e-01
2.461081960307788569e+06 1.000753641128540039e+00
2.461081960373927373e+06 1.001122474670410156e+00
2.461081960440066643e+06 1.001683712005615234e+00
2.461081960506205447e+06 1.001221060752868652e+00
2.461081960572344251e+06 1.000693798065185547e+00
2.461081960638483055e+06 9.991492629051208496e-01
2.461081960704621859e+06 9.990829229354858398e-01
2.461081960770761129e+06 1.000452876091003418e+00
2.461081960836899932e+06 9.998641610145568848e-01
2.461081960903038736e+06 9.996733069419860840e-01
2.461081960969177540e+06 1.001285791397094727e+00
2.461081961035316810e+06 9.994128942489624023e-01
2.461081961101455614e+06 1.001224398612976074e+00
2.461081961167594418e+06 1.001321434974670410e+00
2.461081961233733222e+06 1.000764966011047363e+00
2.461081961299872492e+06 1.000490069389343262e+00
2.461081961366011295e+06 1.000043630599975586e+00
2.461081961432150099e+06 9.998350143432617188e-01
2.461081961498288903e+06 1.002194762229919434e+00
2.461081961564428173e+06 1.000381708145141602e+00
2.461081961630566977e+06 1.000734329223632812e+00
2.461081961696705781e+06 1.002086400985717773e+00
2.461081961762844585e+06 1.000635623931884766e+00
2.461081961828983855e+06 1.001057744026184082e+00
2.461081961895122658e+06 1.000532150268554688e+00
2.461081961961261462e+06 1.000952601432800293e+00
2.461081962027400266e+06 1.000582218170166016e+00
2.461081962093539536e+06 1.001864790916442871e+00
2.461081962159678340e+06 1.000528931617736816e+00
2.461081962225817144e+06 9.999918937683105469e-01
2.461081962291955948e+06 1.000504612922668457e+00
2.461081962358095217e+06 9.997023940086364746e-01
2.461081962424234021e+06 1.000305652618408203e+00
2.461081962490372825e+06 1.000640511512756348e+00
2.461081962556511629e+06 9.993546605110168457e-01
2.461081962622650899e+06 1.000562787055969238e+00
2.461081962688789703e+06 1.000095367431640625e+00
2.461081962754928507e+06 1.000873327255249023e+00
2.461081962821067311e+06 1.000514268875122070e+00
2.461081962887206115e+06 1.000743985176086426e+00
2.461081962953345384e+06 1.000171422958374023e+00
2.461081963019484188e+06 1.001266360282897949e+00
2.461081963085622992e+06 9.995649456977844238e-01
2.461081963151761796e+06 1.000433444976806641e+00
2.461081963217901066e+06 9.999530911445617676e-01
2.461081963284039870e+06 1.000904083251953125e+00
2.461081963350178674e+06 1.001046419143676758e+00
2.461081963416317478e+06 1.000842690467834473e+00
2.461081963482456747e+06 9.987271428108215332e-01
2.461081963548595551e+06 1.000388145446777344e+00
2.461081963614734355e+06 1.000447988510131836e+00
2.461081963680873159e+06 9.999741315841674805e-01
2.461081963747012429e+06 1.000955820083618164e+00
2.461081963813151233e+06 1.000750422477722168e+00
2.461081963879290037e+06 1.000805497169494629e+00
2.461081963945428841e+06 1.000118017196655273e+00
2.461081964011568110e+06 1.000025868415832520e+00
2.461081964077706914e+06 1.000046849250793457e+00
2.461081964143845718e+06 1.000690579414367676e+00
2.461081964209984522e+06 1.001088500022888184e+00
2.461081964276123792e+06 1.000266909599304199e+00
2.461081964342262596e+06 1.001167774200439453e+00
2.461081964408401400e+06 1.001149892807006836e+00
2.461081964474540204e+06 9.998350143432617188e-01
2.461081964540679473e+06 1.000939726829528809e+00
2.461081964606818277e+06 1.001067519187927246e+00
2.461081964672957081e+06 1.000016212463378906e+00
2.461081964739095885e+06 1.001041531562805176e+00
2.461081964805235155e+06 1.000732660293579102e+00
2.461081964871373959e+06 1.000423789024353027e+00
2.461081964937512763e+06 1.000155210494995117e+00
2.461081965003651567e+06 1.001256704330444336e+00
2.461081965069790371e+06 1.001759648323059082e+00
2.461081965135929640e+06 1.000975251197814941e+00
2.461081965202068444e+06 1.000747203826904297e+00
2.461081965268207248e+06 9.997864961624145508e-01
2.461081965334346052e+06 9.995115399360656738e-01
2.461081965400485322e+06 1.000342845916748047e+00
2.461081965466624126e+06 1.000449657440185547e+00
2.461081965532762930e+06 1.001470208168029785e+00
2.461081965598901734e+06 9.997023940086364746e-01
2.461081965665041003e+06 1.000591993331909180e+00
2.461081965731179807e+06 9.990069270133972168e-01
2.461081965797318611e+06 1.000855565071105957e+00
2.461081965863457415e+06 1.001174211502075195e+00
2.461081965929596685e+06 1.000532150268554688e+00
2.461081965995735489e+06 1.000069499015808105e+00
2.461081966061874293e+06 9.999417662620544434e-01
2.461081966128013097e+06 1.000679254531860352e+00
2.461081966194152366e+06 9.995002150535583496e-01
2.461081966260291170e+06 1.000457763671875000e+00
2.461081966326429974e+06 1.000365495681762695e+00
2.461081966392568778e+06 9.995536208152770996e-01
2.461081966458708048e+06 1.000456094741821289e+00
2.461081966524846852e+06 1.001295566558837891e+00
2.461081966590985656e+06 1.000035524368286133e+00
2.461081966657124460e+06 9.996150732040405273e-01
2.461081966723263729e+06 9.992705583572387695e-01
2.461081966789402533e+06 9.988629817962646484e-01
2.461081966855541337e+06 1.000042080879211426e+00
2.461081966921680141e+06 1.000554800033569336e+00
2.461081966987819411e+06 1.000677704811096191e+00
2.461081967053958215e+06 1.001180648803710938e+00
2.461081967120097019e+06 9.995244741439819336e-01
2.461081967186235823e+06 1.001377940177917480e+00
2.461081967252374627e+06 1.000148773193359375e+00
2.461081967318513896e+06 9.997460842132568359e-01
2.461081967384652700e+06 9.993417263031005859e-01
2.461081967450791504e+06 1.001020550727844238e+00
2.461081967516930308e+06 9.993999600410461426e-01
2.461081967583069578e+06 9.996490478515625000e-01
2.461081967649208382e+06 1.000363945960998535e+00
2.461081967715347186e+06 1.000883102416992188e+00
2.461081967781485990e+06 9.998803138732910156e-01
2.461081967847625259e+06 1.000721335411071777e+00
2.461081967913764063e+06 1.000059843063354492e+00
2.461081967979902867e+06 1.000760197639465332e+00
2.461081968046041671e+06 1.000232934951782227e+00
2.461081968112180941e+06 1.000391364097595215e+00
2.461081968178319745e+06 9.991961717605590820e-01
2.461081968244458549e+06 1.001366734504699707e+00
2.461081968310597353e+06 9.995908141136169434e-01
2.461081968376736622e+06 1.000105142593383789e+00
2.461081968442875426e+06 9.998528361320495605e-01
2.461081968509014230e+06 9.992026090621948242e-01
2.461081968575153034e+06 1.000488400459289551e+00
2.461081968641292304e+06 1.000798940658569336e+00
2.461081968707431108e+06 9.995843172073364258e-01
2.461081968773569912e+06 1.001620650291442871e+00
2.461081968839708716e+06 1.000502943992614746e+00
2.461081968905847985e+06 9.988710880279541016e-01
2.461081968971986789e+06 1.000519156455993652e+00
2.461081969038125593e+06 9.999385476112365723e-01
2.461081969104264397e+06 1.000003218650817871e+00
2.461081969170403667e+06 1.000514268875122070e+00
2.461081969236542471e+06 1.000397920608520508e+00
2.461081969302681275e+06 1.000522375106811523e+00
2.461081969368820079e+06 1.000203847885131836e+00
2.461081969434958883e+06 1.001211404800415039e+00
2.461081969501098152e+06 1.000949382781982422e+00
2.461081969567236956e+06 9.992899894714355469e-01
2.461081969633375760e+06 1.000446438789367676e+00
2.461081969699514564e+06 1.001423239707946777e+00
2.461081969765653834e+06 9.998285770416259766e-01
2.461081969831792638e+06 1.000354170799255371e+00
2.461081969897931442e+06 9.996862411499023438e-01
2.461081969964070246e+06 9.999433755874633789e-01
2.461081970030209515e+06 1.000470638275146484e+00
2.461081970096348319e+06 1.000674486160278320e+00
2.461081970162487123e+06 1.000376820564270020e+00
2.461081970228625927e+06 1.000761747360229492e+00
2.461081970294765197e+06 1.001353740692138672e+00
2.461081970360904001e+06 1.001957058906555176e+00
2.461081970427042805e+06 1.000017762184143066e+00
2.461081970493181609e+06 1.000794172286987305e+00
2.461081970559320878e+06 9.998431205749511719e-01
2.461081970625459682e+06 9.989098906517028809e-01
2.461081970691598486e+06 9.999029636383056641e-01
2.461081970757737290e+06 1.000148773193359375e+00
2.461081970823876560e+06 1.000726222991943359e+00
2.461081970890015364e+06 1.000598430633544922e+00
2.461081970956154168e+06 1.000591993331909180e+00
2.461081971022292972e+06 1.000973701477050781e+00
2.461081971088432241e+06 1.000287890434265137e+00
2.461081971154571045e+06 1.001377940177917480e+00
2.461081971220709849e+06 1.001159667968750000e+00
2.461081971286848653e+06 1.000798940658569336e+00
2.461081971352987923e+06 9.991670250892639160e-01
2.461081971419126727e+06 1.000538587570190430e+00
2.461081971485265531e+06 1.000588774681091309e+00
2.461081971551404335e+06 1.001026988029479980e+00
2.461081971617543139e+06 1.001109480857849121e+00
2.461081971683682408e+06 1.000103473663330078e+00
2.461081971749821212e+06 1.000334739685058594e+00
2.461081971815960016e+06 1.001500964164733887e+00
2.461081971882098820e+06 9.995520114898681641e-01
2.461081971948238090e+06 9.999498724937438965e-01
2.461081972014376894e+06 9.998172521591186523e-01
2.461081972080515698e+06 1.000294327735900879e+00
2.461081972146654502e+06 1.000224828720092773e+00
2.461081972212793771e+06 1.001775860786437988e+00
2.461081972278932575e+06 1.001072287559509277e+00
2.461081972345071379e+06 1.001318097114562988e+00
2.461081972411210183e+06 1.000562787055969238e+00
2.461081972477349453e+06 9.998043179512023926e-01
2.461081972543488257e+06 1.001293897628784180e+00
2.461081972609627061e+06 1.000881433486938477e+00
2.461081972675765865e+06 1.000784397125244141e+00
2.461081972741905134e+06 1.000418901443481445e+00
2.461081972808043938e+06 9.997751712799072266e-01
2.461081972874182742e+06 9.997962117195129395e-01
2.461081972940321546e+06 9.994274377822875977e-01
2.461081973006460816e+06 1.000228047370910645e+00
2.461081973072599620e+06 9.997622370719909668e-01
2.461081973138738424e+06 1.001132130622863770e+00
2.461081973204877228e+06 1.000113248825073242e+00
2.461081973271016497e+06 1.000504612922668457e+00
2.461081973337155301e+06 1.001402258872985840e+00
2.461081973403294105e+06 1.000232934951782227e+00
2.461081973469432909e+06 1.000598430633544922e+00
2.461081973535572179e+06 1.000562787055969238e+00
2.461081973601710983e+06 9.998560547828674316e-01
2.461081973667849787e+06 1.000346064567565918e+00
2.461081973733988591e+06 9.998738169670104980e-01
2.461081973800127394e+06 1.000097036361694336e+00
2.461081973866266664e+06 1.000760197639465332e+00
2.461081973932405468e+06 1.001308441162109375e+00
2.461081973998544272e+06 9.995729923248291016e-01
2.461081974064683076e+06 1.000857234001159668e+00
2.461081974130822346e+06 1.000263571739196777e+00
2.461081974196961150e+06 9.986252188682556152e-01
2.461081974263099954e+06 1.000931620597839355e+00
2.461081974329238757e+06 9.994516968727111816e-01
2.461081974395378027e+06 1.001174211502075195e+00
2.461081974461516831e+06 9.994792342185974121e-01
2.461081974527655635e+06 9.993336200714111328e-01
2.461081974593794439e+06 1.000014543533325195e+00
2.461081974659933709e+06 1.000684142112731934e+00
2.461081974726072513e+06 1.000389814376831055e+00
2.461081974792211317e+06 9.997218251228332520e-01
2.461081974858350120e+06 1.000528931617736816e+00
2.461081974924489390e+06 1.000359058380126953e+00
2.461081974990628194e+06 1.000247478485107422e+00
2.461081975056766998e+06 9.999029636383056641e-01
2.461081975122905802e+06 1.000253915786743164e+00
2.461081975189045072e+06 9.998301863670349121e-01
2.461081975255183876e+06 1.000587105751037598e+00
2.461081975321322680e+06 1.000397920608520508e+00
2.461081975387461483e+06 1.000092148780822754e+00
2.461081975453600753e+06 1.000621080398559570e+00
2.461081975519739557e+06 1.000978469848632812e+00
2.461081975585878361e+06 1.001544594764709473e+00
2.461081975652017165e+06 9.996830224990844727e-01
2.461081975718156435e+06 1.001340746879577637e+00
2.461081975784295239e+06 1.000591993331909180e+00
2.461081975850434043e+06 1.000082492828369141e+00
2.461081975916572846e+06 9.996021389961242676e-01
2.461081975982711650e+06 9.997282624244689941e-01
2.461081976048850920e+06 1.000000000000000000e+00
2.461081976114989724e+06 1.000195741653442383e+00
2.461081976181128528e+06 1.000884652137756348e+00
2.461081976247267332e+06 9.999013543128967285e-01
2.461081976313406602e+06 1.000397920608520508e+00
2.461081976379545406e+06 1.000139117240905762e+00
2.461081976445684209e+06 1.000470638275146484e+00
2.461081976511823013e+06 1.000789284706115723e+00
2.461081976577962283e+06 9.994937777519226074e-01
2.461081976644101087e+06 1.001447558403015137e+00
2.461081976710239891e+06 1.000391364097595215e+00
2.461081976776378695e+06 1.000730991363525391e+00
2.461081976842517965e+06 1.002029776573181152e+00
2.461081976908656769e+06 1.000447988510131836e+00
2.461081976974795572e+06 9.995940327644348145e-01
2.461081977040934376e+06 1.001475095748901367e+00
2.461081977107073646e+06 1.000182747840881348e+00
2.461081977173212450e+06 9.987093210220336914e-01
2.461081977239351254e+06 1.000205397605895996e+00
2.461081977305490058e+06 1.000548243522644043e+00
2.461081977371629328e+06 9.997590184211730957e-01
2.461081977437768131e+06 1.000575780868530273e+00
2.461081977503906935e+06 1.000294327735900879e+00
2.461081977570045739e+06 9.999935030937194824e-01
2.461081977636185009e+06 9.995908141136169434e-01
2.461081977702323813e+06 9.996603727340698242e-01
2.461081977768462617e+06 9.998770952224731445e-01
2.461081977834601421e+06 9.990699887275695801e-01
2.461081977900740691e+06 1.000543475151062012e+00
2.461081977966879494e+06 1.000318646430969238e+00
2.461081978033018298e+06 1.001305222511291504e+00
2.461081978099157102e+06 9.996910691261291504e-01
2.461081978165295906e+06 9.993385076522827148e-01
2.461081978231435176e+06 1.000574111938476562e+00
2.461081978297573980e+06 1.001407146453857422e+00
2.461081978363712784e+06 9.998236894607543945e-01
2.461081978429851588e+06 1.001342415809631348e+00
2.461081978495990857e+06 9.997153282165527344e-01
2.461081978562129661e+06 9.998334050178527832e-01
2.461081978628268465e+06 9.994290471076965332e-01
2.461081978694407269e+06 1.000315427780151367e+00
2.461081978760546539e+06 9.993692040443420410e-01
2.461081978826685343e+06 9.999579191207885742e-01
2.461081978892824147e+06 1.001400589942932129e+00
2.461081978958962951e+06 1.000879883766174316e+00
2.461081979025102220e+06 1.000540256500244141e+00
2.461081979091241024e+06 9.994662404060363770e-01
2.461081979157379828e+06 1.000570893287658691e+00
2.461081979223518632e+06 1.000562787055969238e+00
2.461081979289657902e+06 1.000304102897644043e+00
2.461081979355796706e+06 1.000100255012512207e+00
2.461081979421935510e+06 9.997622370719909668e-01
2.461081979488074314e+06 9.997234344482421875e-01
2.461081979554213583e+06 1.001423239707946777e+00
2.461081979620352387e+06 9.996393322944641113e-01
2.461081979686491191e+06 9.995924234390258789e-01
2.461081979752629995e+06 9.997411966323852539e-01
2.461081979818769265e+06 1.000661492347717285e+00
2.461081979884908069e+06 9.996134638786315918e-01
2.461081979951046873e+06 1.000989794731140137e+00
2.461081980017185677e+06 1.000137448310852051e+00
2.461081980083324481e+06 1.000019431114196777e+00
2.461081980149463750e+06 1.000325083732604980e+00
2.461081980215602554e+06 1.000181198120117188e+00
2.461081980281741358e+06 1.001395821571350098e+00
2.461081980347880162e+06 9.995568394660949707e-01
2.461081980414019432e+06 9.997379779815673828e-01
2.461081980480158236e+06 1.000643730163574219e+00
2.461081980546297040e+06 9.997751712799072266e-01
2.461081980612435844e+06 1.000051736831665039e+00
2.461081980678575113e+06 1.000370383262634277e+00
2.461081980744713917e+06 1.000934839248657227e+00
2.461081980810852721e+06 1.000469088554382324e+00
2.461081980876991525e+06 1.001253485679626465e+00
2.461081980943130795e+06 1.000299215316772461e+00
2.461081981009269599e+06 1.000144004821777344e+00
2.461081981075408403e+06 9.993659853935241699e-01
2.461081981141547207e+06 9.997622370719909668e-01
2.461081981207686476e+06 1.000548243522644043e+00
2.461081981273825280e+06 9.994096755981445312e-01
2.461081981339964084e+06 1.000887989997863770e+00
2.461081981406102888e+06 1.000501394271850586e+00
2.461081981472242158e+06 1.000305652618408203e+00
2.461081981538380962e+06 9.999077916145324707e-01
2.461081981604519766e+06 9.988840222358703613e-01
2.461081981670658570e+06 1.000671267509460449e+00
2.461081981736797839e+06 9.998932480812072754e-01
2.461081981802936643e+06 1.001502513885498047e+00
2.461081981869075447e+06 9.990845918655395508e-01
2.461081981935214251e+06 1.000383257865905762e+00
2.461081982001353521e+06 9.995552301406860352e-01
2.461081982067492325e+06 1.001271247863769531e+00
2.461081982133631129e+06 1.000386595726013184e+00
2.461081982199769933e+06 9.995406866073608398e-01
2.461081982265908737e+06 9.987319707870483398e-01
2.461081982332048006e+06 1.000435113906860352e+00
2.461081982398186810e+06 9.995989203453063965e-01
2.461081982464325614e+06 9.998399019241333008e-01
2.461081982530464418e+06 1.000287890434265137e+00
2.461081982596603688e+06 1.000698685646057129e+00
2.461081982662742492e+06 1.000795722007751465e+00
2.461081982728881296e+06 9.992899894714355469e-01
2.461081982795020100e+06 1.001070737838745117e+00
2.461081982861159369e+06 1.000496506690979004e+00
2.461081982927298173e+06 9.997250437736511230e-01
2.461081982993436977e+06 1.000642061233520508e+00
2.461081983059575781e+06 1.000423789024353027e+00
2.461081983125715051e+06 9.996474385261535645e-01
2.461081983191853855e+06 1.001834154129028320e+00
2.461081983257992659e+06 1.001096606254577637e+00
2.461081983324131463e+06 1.000224828720092773e+00
2.461081983390270732e+06 1.001719236373901367e+00
2.461081983456409536e+06 1.000268459320068359e+00
2.461081983522548340e+06 1.001138687133789062e+00
2.461081983588687144e+06 1.000535368919372559e+00
2.461081983654826414e+06 1.001182317733764648e+00
2.461081983720965218e+06 1.000142335891723633e+00
2.461081983787104022e+06 9.997832775115966797e-01
2.461081983853242826e+06 1.000097036361694336e+00
2.461081983919382095e+06 1.000941276550292969e+00
2.461081983985520899e+06 1.000029087066650391e+00
2.461081984051659703e+06 9.992430806159973145e-01
2.461081984117798507e+06 1.000574111938476562e+00
2.461081984183937777e+06 1.000160098075866699e+00
2.461081984250076581e+06 9.992770552635192871e-01
2.461081984316215385e+06 1.000000000000000000e+00
2.461081984382354189e+06 1.000071167945861816e+00
2.461081984448492993e+06 1.000171422958374023e+00
2.461081984514632262e+06 1.001337528228759766e+00
2.461081984580771066e+06 9.996506571769714355e-01
2.461081984646909870e+06 1.000137448310852051e+00
2.461081984713048674e+06 9.997266530990600586e-01
2.461081984779187944e+06 9.993838071823120117e-01
2.461081984845326748e+06 1.000124573707580566e+00
2.461081984911465552e+06 9.996231794357299805e-01
2.461081984977604356e+06 1.000676035881042480e+00
2.461081985043743625e+06 1.000328302383422852e+00
2.461081985109882429e+06 1.000166535377502441e+00
2.461081985176021233e+06 9.998657703399658203e-01
2.461081985242160037e+06 9.989551901817321777e-01
2.461081985308299307e+06 9.990198612213134766e-01
2.461081985374438111e+06 1.000318646430969238e+00
2.461081985440576915e+06 9.995746612548828125e-01
2.461081985506715719e+06 9.996587634086608887e-01
2.461081985572854988e+06 1.000355839729309082e+00
2.461081985638993792e+06 1.000915408134460449e+00
2.461081985705132596e+06 9.999207258224487305e-01
2.461081985771271400e+06 1.000046849250793457e+00
2.461081985837410670e+06 1.001847028732299805e+00
2.461081985903549474e+06 9.999983906745910645e-01
2.461081985969688278e+06 1.000742316246032715e+00
2.461081986035827082e+06 9.991152882575988770e-01
2.461081986101966351e+06 1.000540256500244141e+00
2.461081986168105155e+06 9.998868107795715332e-01
2.461081986234243959e+06 9.998010396957397461e-01
2.461081986300382763e+06 1.000215053558349609e+00
2.461081986366521567e+06 1.000253915786743164e+00
2.461081986432660837e+06 9.995439052581787109e-01
2.461081986498799641e+06 1.000716447830200195e+00
2.461081986564938445e+06 1.001174211502075195e+00
2.461081986631077249e+06 9.999611973762512207e-01
2.461081986697216518e+06 1.000342845916748047e+00
2.461081986763355322e+06 9.995244741439819336e-01
2.461081986829494126e+06 1.000289559364318848e+00
2.461081986895632930e+06 9.998172521591186523e-01
2.461081986961772200e+06 1.000515937805175781e+00
2.461081987027911004e+06 1.000056624412536621e+00
2.461081987094049808e+06 9.987627267837524414e-01
2.461081987160188612e+06 9.995697736740112305e-01
2.461081987226327881e+06 9.999256134033203125e-01
2.461081987292466685e+06 9.997040033340454102e-01
2.461081987358605489e+06 9.998916387557983398e-01
2.461081987424744293e+06 1.001056194305419922e+00
2.461081987490883563e+06 9.997007846832275391e-01
2.461081987557022367e+06 1.001313328742980957e+00
2.461081987623161171e+06 1.000006437301635742e+00
2.461081987689299975e+06 9.992932081222534180e-01
2.461081987755439244e+06 9.985961318016052246e-01
2.461081987821578048e+06 9.994695186614990234e-01
2.461081987887716852e+06 1.000373601913452148e+00
2.461081987953855656e+06 1.001497626304626465e+00
2.461081988019994926e+06 1.001397371292114258e+00
2.461081988086133730e+06 1.001104712486267090e+00
2.461081988152272534e+06 1.000029087066650391e+00
2.461081988218411338e+06 9.995099306106567383e-01
2.461081988284550607e+06 1.000664710998535156e+00
2.461081988350689411e+06 9.989794492721557617e-01
2.461081988416828215e+06 1.000525593757629395e+00
2.461081988482967019e+06 1.000215053558349609e+00
2.461081988549105823e+06 9.995099306106567383e-01
2.461081988615245093e+06 1.000611424446105957e+00
2.461081988681383897e+06 1.001572132110595703e+00
2.461081988747522701e+06 1.000035524368286133e+00
2.461081988813661505e+06 9.998512268066406250e-01
2.461081988879800774e+06 1.000228047370910645e+00
2.461081988945939578e+06 9.996991753578186035e-01
2.461081989012078382e+06 1.000839471817016602e+00
2.461081989078217186e+06 1.001075506210327148e+00
2.461081989144356456e+06 9.998997449874877930e-01
2.461081989210495260e+06 1.000355839729309082e+00
2.461081989276634064e+06 1.000080823898315430e+00
2.461081989342772868e+06 9.997428655624389648e-01
2.461081989408912137e+06 1.001025438308715820e+00
2.461081989475050941e+06 1.001542925834655762e+00
2.461081989541189745e+06 9.999692440032958984e-01
2.461081989607328549e+06 1.000363945960998535e+00
2.461081989673467819e+06 1.000454425811767578e+00
2.461081989739606623e+06 1.000370383262634277e+00
2.461081989805745427e+06 1.000918626785278320e+00
2.461081989871884231e+06 9.995309710502624512e-01
2.461081989938023500e+06 1.001198530197143555e+00
2.461081990004162304e+06 1.000105142593383789e+00
2.461081990070301108e+06 9.994242191314697266e-01
2.461081990136439912e+06 1.000865340232849121e+00
2.461081990202579182e+06 1.000325083732604980e+00
2.461081990268717986e+06 9.995649456977844238e-01
2.461081990334856790e+06 1.000342845916748047e+00
2.461081990400995594e+06 1.000176310539245605e+00
2.461081990467134863e+06 1.001264810562133789e+00
2.461081990533273667e+06 1.000182747840881348e+00
2.461081990599412471e+06 9.995940327644348145e-01
2.461081990665551275e+06 9.998851418495178223e-01
2.461081990731690079e+06 9.996361136436462402e-01
2.461081990797829349e+06 1.000862002372741699e+00
2.461081990863968153e+06 1.000545024871826172e+00
2.461081990930106957e+06 1.001157999038696289e+00
2.461081990996245760e+06 9.995309710502624512e-01
2.461081991062385030e+06 9.997444748878479004e-01
2.461081991128523834e+06 1.000017762184143066e+00
2.461081991194662638e+06 1.000253915786743164e+00
2.461081991260801442e+06 9.995940327644348145e-01
2.461081991326940712e+06 9.989098906517028809e-01
2.461081991393079516e+06 1.000703573226928711e+00
2.461081991459218320e+06 1.000511050224304199e+00
2.461081991525357123e+06 1.001661062240600586e+00
2.461081991591496393e+06 9.992657303810119629e-01
2.461081991657635197e+06 1.000600099563598633e+00
2.461081991723774001e+06 1.000093817710876465e+00
2.461081991789912805e+06 1.001086831092834473e+00
2.461081991856052075e+06 1.000604867935180664e+00
2.461081991922190879e+06 1.000457763671875000e+00
2.461081991988329682e+06 1.001033544540405273e+00
2.461081992054468486e+06 1.000671267509460449e+00
2.461081992120607756e+06 1.000512719154357910e+00
2.461081992186746560e+06 1.000897645950317383e+00
2.461081992252885364e+06 9.991735219955444336e-01
2.461081992319024168e+06 1.000266909599304199e+00
2.461081992385163438e+06 9.986786246299743652e-01
2.461081992451302242e+06 9.988872408866882324e-01
2.461081992517441045e+06 1.001225948333740234e+00
2.461081992583579849e+06 9.991816282272338867e-01
2.461081992649719119e+06 1.001483082771301270e+00
2.461081992715857923e+06 1.001174211502075195e+00
2.461081992781996727e+06 9.990748763084411621e-01
2.461081992848135531e+06 1.000276565551757812e+00
2.461081992914274335e+06 9.997994303703308105e-01
2.461081992980413605e+06 1.001175880432128906e+00
2.461081993046552408e+06 1.000714898109436035e+00
2.461081993112691212e+06 1.000850677490234375e+00
2.461081993178830016e+06 1.001164555549621582e+00
2.461081993244969286e+06 1.000570893287658691e+00
2.461081993311108090e+06 1.000530481338500977e+00
2.461081993377246894e+06 1.000388145446777344e+00
2.461081993443385698e+06 1.000540256500244141e+00
2.461081993509524968e+06 1.000038862228393555e+00
2.461081993575663771e+06 1.000684142112731934e+00
2.461081993641802575e+06 9.997056126594543457e-01
2.461081993707941379e+06 1.001536488533020020e+00
2.461081993774080649e+06 1.000465750694274902e+00
2.461081993840219453e+06 1.000431895256042480e+00
2.461081993906358257e+06 1.001242160797119141e+00
2.461081993972497061e+06 9.990230798721313477e-01
2.461081994038636331e+06 9.997169375419616699e-01
2.461081994104775134e+06 1.000192523002624512e+00
2.461081994170913938e+06 9.998027086257934570e-01
2.461081994237052742e+06 1.000069499015808105e+00
2.461081994303192012e+06 9.995406866073608398e-01
2.461081994369330816e+06 1.000619411468505859e+00
2.461081994435469620e+06 1.000732660293579102e+00
2.461081994501608424e+06 1.002073526382446289e+00
2.461081994567747694e+06 1.001793622970581055e+00
2.461081994633886497e+06 1.000223159790039062e+00
2.461081994700025301e+06 1.000048518180847168e+00
2.461081994766164105e+06 9.992446899414062500e-01
2.461081994832302909e+06 1.000480413436889648e+00
2.461081994898442179e+06 9.995067119598388672e-01
2.461081994964580983e+06 1.000114798545837402e+00
2.461081995030719787e+06 9.995293617248535156e-01
2.461081995096858591e+06 1.000769853591918945e+00
2.461081995162997860e+06 1.001222729682922363e+00
2.461081995229136664e+06 1.000363945960998535e+00
2.461081995295275468e+06 1.000077605247497559e+00
2.461081995361414272e+06 1.000016212463378906e+00
2.461081995427553542e+06 1.000061511993408203e+00
2.461081995493692346e+06 1.000680923461914062e+00
2.461081995559831150e+06 9.995148181915283203e-01
2.461081995625969954e+06 9.987756609916687012e-01
2.461081995692109223e+06 9.993498325347900391e-01
2.461081995758248027e+06 1.000905752182006836e+00
2.461081995824386831e+06 9.991848468780517578e-01
2.461081995890525635e+06 9.998366236686706543e-01
2.461081995956664905e+06 1.000674486160278320e+00
2.461081996022803709e+06 9.994371533393859863e-01
2.461081996088942513e+06 9.997282624244689941e-01
2.461081996155081317e+06 9.997056126594543457e-01
2.461081996221220586e+06 9.999029636383056641e-01
2.461081996287359390e+06 9.997832775115966797e-01
2.461081996353498194e+06 1.001004338264465332e+00
2.461081996419636998e+06 1.000682473182678223e+00
2.461081996485776268e+06 1.000210285186767578e+00
2.461081996551915072e+06 9.997007846832275391e-01
2.461081996618053876e+06 9.997541308403015137e-01
2.461081996684192680e+06 1.001462101936340332e+00
2.461081996750331949e+06 9.992527961730957031e-01
2.461081996816470753e+06 9.996393322944641113e-01
2.461081996882609557e+06 1.001272916793823242e+00
2.461081996948748361e+06 1.000612974166870117e+00
2.461081997014887165e+06 1.000635623931884766e+00
2.461081997081026435e+06 1.000841021537780762e+00
2.461081997147165239e+06 9.997800588607788086e-01
2.461081997213304043e+06 1.000247478485107422e+00
2.461081997279442847e+06 9.991201758384704590e-01
2.461081997345582116e+06 9.986559748649597168e-01
2.461081997411720920e+06 9.996377229690551758e-01
2.461081997477859724e+06 1.000716447830200195e+00
2.461081997543998528e+06 1.000155210494995117e+00
2.461081997610137798e+06 1.000297546386718750e+00
2.461081997676276602e+06 1.000273346900939941e+00
2.461081997742415406e+06 1.013941764831542969e+00
2.461081997808554210e+06 1.001019001007080078e+00
2.461081997874693479e+06 1.000085711479187012e+00
2.461081997940832283e+06 9.987675547599792480e-01
2.461081998006971087e+06 9.998431205749511719e-01
2.461081998073109891e+06 9.999045729637145996e-01
2.461081998139249161e+06 1.001132130622863770e+00
2.461081998205387965e+06 9.998900294303894043e-01
2.461081998271526769e+06 9.993724822998046875e-01
2.461081998337665573e+06 9.999805688858032227e-01
2.461081998403804842e+06 1.000169873237609863e+00
2.461081998469943646e+06 1.000525593757629395e+00
2.461081998536082450e+06 1.000271677970886230e+00
2.461081998602221254e+06 1.000608086585998535e+00
2.461081998668360524e+06 1.000294327735900879e+00
2.461081998734499328e+06 9.990522265434265137e-01
2.461081998800638132e+06 1.000608086585998535e+00
2.461081998866776936e+06 1.000710010528564453e+00
2.461081998932915740e+06 1.000456094741821289e+00
2.461081998999055009e+06 1.001238942146301270e+00
2.461081999065193813e+06 1.000714898109436035e+00
2.461081999131332617e+06 9.996361136436462402e-01
2.461081999197471421e+06 9.999175071716308594e-01
2.461081999263610691e+06 9.998252987861633301e-01
2.461081999329749495e+06 1.000318646430969238e+00
2.461081999395888299e+06 1.000460982322692871e+00
2.461081999462027103e+06 1.000549912452697754e+00
2.461081999528166372e+06 1.000690579414367676e+00
2.461081999594305176e+06 1.000095367431640625e+00
2.461081999660443980e+06 1.000451207160949707e+00
2.461081999726582784e+06 1.000105142593383789e+00
2.461081999792722054e+06 1.000357389450073242e+00
2.461081999858860858e+06 1.000732660293579102e+00
2.461081999924999662e+06 1.000488400459289551e+00
2.461081999991138466e+06 9.995406866073608398e-01
2.461082000057277735e+06 1.000192523002624512e+00
2.461082000123416539e+06 9.998641610145568848e-01
2.461082000189555343e+06 9.993902444839477539e-01
2.461082000255694147e+06 9.998479485511779785e-01
2.461082000321833417e+06 1.000307321548461914e+00
2.461082000387972221e+06 1.001006007194519043e+00
2.461082000454111025e+06 1.001250267028808594e+00
2.461082000520249829e+06 9.992980360984802246e-01
2.461082000586389098e+06 9.994242191314697266e-01
2.461082000652527902e+06 1.000842690467834473e+00
2.461082000718666706e+06 9.999417662620544434e-01
2.461082000784805510e+06 1.000009655952453613e+00
2.461082000850944780e+06 1.000538587570190430e+00
2.461082000917083584e+06 1.000850677490234375e+00
2.461082000983222388e+06 1.000446438789367676e+00
2.461082001049361192e+06 9.992414712905883789e-01
2.461082001115499996e+06 9.990829229354858398e-01
2.461082001181639265e+06 9.988403320312500000e-01
2.461082001247778069e+06 9.997994303703308105e-01
2.461082001313916873e+06 9.999223947525024414e-01
2.461082001380055677e+06 1.000449657440185547e+00
2.461082001446194947e+06 1.000100255012512207e+00
2.461082001512333751e+06 1.000465750694274902e+00
2.461082001578472555e+06 1.000545024871826172e+00
2.461082001644611359e+06 1.001138687133789062e+00
2.461082001710750628e+06 9.994856715202331543e-01
2.461082001776889432e+06 9.994679093360900879e-01
2.461082001843028236e+06 9.997186064720153809e-01
2.461082001909167040e+06 1.000236153602600098e+00
2.461082001975306310e+06 1.000879883766174316e+00
2.461082002041445114e+06 1.000821590423583984e+00
2.461082002107583918e+06 1.000578999519348145e+00
2.461082002173722722e+06 9.992398619651794434e-01
2.461082002239861991e+06 1.000349402427673340e+00
2.461082002306000795e+06 1.001170992851257324e+00
2.461082002372139599e+06 1.000211834907531738e+00
2.461082002438278403e+06 9.998334050178527832e-01
2.461082002504417673e+06 1.000033974647521973e+00
2.461082002570556477e+06 9.997202157974243164e-01
2.461082002636695281e+06 1.001927852630615234e+00
2.461082002702834085e+06 1.001337528228759766e+00
2.461082002768973354e+06 9.994015693664550781e-01
2.461082002835112158e+06 1.001023769378662109e+00
2.461082002901250962e+06 9.993578791618347168e-01
2.461082002967389766e+06 9.989745616912841797e-01
2.461082003033529036e+06 1.000389814376831055e+00
2.461082003099667840e+06 9.999838471412658691e-01
2.461082003165806644e+06 1.000449657440185547e+00
2.461082003231945448e+06 1.000821590423583984e+00
2.461082003298084252e+06 1.000667929649353027e+00
2.461082003364223521e+06 1.001227617263793945e+00
2.461082003430362325e+06 1.001615762710571289e+00
2.461082003496501129e+06 9.998770952224731445e-01
2.461082003562639933e+06 1.000541806221008301e+00
2.461082003628779203e+06 1.000218391418457031e+00
2.461082003694918007e+06 1.000127792358398438e+00
2.461082003761056811e+06 9.997881054878234863e-01
2.461082003827195615e+06 1.000842690467834473e+00
2.461082003893334884e+06 1.000020980834960938e+00
2.461082003959473688e+06 1.000315427780151367e+00
2.461082004025612492e+06 1.000674486160278320e+00
2.461082004091751296e+06 1.000145554542541504e+00
2.461082004157890566e+06 9.990053176879882812e-01
2.461082004224029370e+06 1.000895977020263672e+00
2.461082004290168174e+06 1.001274466514587402e+00
2.461082004356306978e+06 1.000621080398559570e+00
2.461082004422446247e+06 1.000318646430969238e+00
2.461082004488585051e+06 1.000645279884338379e+00
2.461082004554723855e+06 9.991783499717712402e-01
2.461082004620862659e+06 1.000064730644226074e+00
2.461082004687001929e+06 1.000886321067810059e+00
2.461082004753140733e+06 1.000663161277770996e+00
2.461082004819279537e+06 9.991007447242736816e-01
2.461082004885418341e+06 9.994679093360900879e-01
2.461082004951557145e+06 1.000373601913452148e+00
2.461082005017696414e+06 1.000554800033569336e+00
2.461082005083835218e+06 1.001311659812927246e+00
2.461082005149974022e+06 1.000718116760253906e+00
2.461082005216112826e+06 1.001463770866394043e+00
2.461082005282252096e+06 1.000499725341796875e+00
2.461082005348390900e+06 1.000342845916748047e+00
2.461082005414529704e+06 1.000637292861938477e+00
2.461082005480668508e+06 9.999628067016601562e-01
2.461082005546807777e+06 9.987562298774719238e-01
2.461082005612946581e+06 1.000443100929260254e+00
2.461082005679085385e+06 1.001350522041320801e+00
2.461082005745224189e+06 9.991961717605590820e-01
2.461082005811363459e+06 1.000097036361694336e+00
2.461082005877502263e+06 1.000410795211791992e+00
2.461082005943641067e+06 1.000917077064514160e+00
2.461082006009779871e+06 1.000638842582702637e+00
2.461082006075919140e+06 1.000591993331909180e+00
2.461082006142057944e+06 9.991088509559631348e-01
2.461082006208196748e+06 9.999110698699951172e-01
2.461082006274335552e+06 1.000033974647521973e+00
2.461082006340474822e+06 1.001067519187927246e+00
2.461082006406613626e+06 1.000232934951782227e+00
2.461082006472752430e+06 1.000803828239440918e+00
2.461082006538891234e+06 1.000931620597839355e+00
2.461082006605030503e+06 1.000638842582702637e+00
2.461082006671169307e+06 1.000477075576782227e+00
2.461082006737308111e+06 1.000616192817687988e+00
2.461082006803446915e+06 1.001208186149597168e+00
2.461082006869586185e+06 1.000989794731140137e+00
2.461082006935724989e+06 9.990975260734558105e-01
2.461082007001863793e+06 1.000533699989318848e+00
2.461082007068002596e+06 1.000625967979431152e+00
2.461082007134141400e+06 1.001116037368774414e+00
2.461082007200280670e+06 1.000397920608520508e+00
2.461082007266419474e+06 1.000211834907531738e+00
2.461082007332558278e+06 1.000839471817016602e+00
2.461082007398697082e+06 1.000321865081787109e+00
2.461082007464836352e+06 1.000135898590087891e+00
2.461082007530975156e+06 9.994371533393859863e-01
2.461082007597113959e+06 1.000973701477050781e+00
2.461082007663252763e+06 1.001353740692138672e+00
2.461082007729392033e+06 9.996215105056762695e-01
2.461082007795530837e+06 1.000040411949157715e+00
2.461082007861669641e+06 9.995357990264892578e-01
2.461082007927808445e+06 1.000357389450073242e+00
2.461082007993947715e+06 1.000633955001831055e+00
2.461082008060086519e+06 1.001216292381286621e+00
2.461082008126225322e+06 1.000590324401855469e+00
2.461082008192364126e+06 1.001544594764709473e+00
2.461082008258503396e+06 9.999644160270690918e-01
2.461082008324642200e+06 1.000805497169494629e+00
2.461082008390781004e+06 1.000270128250122070e+00
2.461082008456919808e+06 9.992172122001647949e-01
2.461082008523059078e+06 9.998156428337097168e-01
2.461082008589197882e+06 1.000380039215087891e+00
2.461082008655336685e+06 1.000302433967590332e+00
2.461082008721475489e+06 9.995875954627990723e-01
2.461082008787614759e+06 9.994872808456420898e-01
2.461082008853753563e+06 1.000367164611816406e+00
2.461082008919892367e+06 9.995649456977844238e-01
2.461082008986031171e+06 9.990699887275695801e-01
2.461082009052170441e+06 1.000024318695068359e+00
2.461082009118309245e+06 1.000368714332580566e+00
2.461082009184448048e+06 1.000499725341796875e+00
2.461082009250586852e+06 1.000069499015808105e+00
2.461082009316725656e+06 9.997379779815673828e-01
2.461082009382864926e+06 1.000486850738525391e+00
2.461082009449003730e+06 1.001119256019592285e+00
2.461082009515142534e+06 9.997315406799316406e-01
2.461082009581281338e+06 1.000559568405151367e+00
2.461082009647420608e+06 1.000316977500915527e+00
2.461082009713559411e+06 1.000972032546997070e+00
2.461082009779698215e+06 1.000805497169494629e+00
2.461082009845837019e+06 1.000918626785278320e+00
2.461082009911976289e+06 1.000418901443481445e+00
2.461082009978115093e+06 9.996878504753112793e-01
2.461082010044253897e+06 9.991152882575988770e-01
2.461082010110392701e+06 1.000494956970214844e+00
2.461082010176531971e+06 1.001015663146972656e+00
2.461082010242670774e+06 9.988613724708557129e-01
2.461082010308809578e+06 1.001774311065673828e+00
2.461082010374948382e+06 1.000032305717468262e+00
2.461082010441087652e+06 9.993320107460021973e-01
2.461082010507226456e+06 1.000816822052001953e+00
2.461082010573365260e+06 1.000629186630249023e+00
2.461082010639504064e+06 9.989858865737915039e-01
2.461082010705643333e+06 1.000054955482482910e+00
2.461082010771782137e+06 1.001373171806335449e+00
2.461082010837920941e+06 9.999191164970397949e-01
2.461082010904059745e+06 1.000976920127868652e+00
2.461082010970199015e+06 9.997784495353698730e-01
2.461082011036337819e+06 1.000185966491699219e+00
2.461082011102476623e+06 9.988856315612792969e-01
2.461082011168615427e+06 1.000502943992614746e+00
2.461082011234754231e+06 1.000643730163574219e+00
2.461082011300893500e+06 1.000163316726684570e+00
2.461082011367032304e+06 1.000097036361694336e+00
2.461082011433171108e+06 9.995649456977844238e-01
2.461082011499309912e+06 9.999110698699951172e-01
2.461082011565449182e+06 1.000918626785278320e+00
2.461082011631587986e+06 1.000760197639465332e+00
2.461082011697726790e+06 1.000972032546997070e+00
2.461082011763865594e+06 9.988516569137573242e-01
2.461082011830004863e+06 9.991315007209777832e-01
2.461082011896143667e+06 1.000600099563598633e+00
2.461082011962282471e+06 1.000454425811767578e+00
2.461082012028421275e+06 1.001101374626159668e+00
2.461082012094560545e+06 1.001154780387878418e+00
2.461082012160699349e+06 1.000236153602600098e+00
2.461082012226838153e+06 1.000019431114196777e+00
2.461082012292976957e+06 9.998560547828674316e-01
2.461082012359116226e+06 1.000155210494995117e+00
2.461082012425255030e+06 9.989665150642395020e-01
2.461082012491393834e+06 9.996345043182373047e-01
2.461082012557532638e+06 1.001237273216247559e+00
2.461082012623671908e+06 9.993659853935241699e-01
2.461082012689810712e+06 1.000771522521972656e+00
2.461082012755949516e+06 9.999045729637145996e-01
2.461082012822088320e+06 9.997735619544982910e-01
2.461082012888227589e+06 1.000257134437561035e+00
2.461082012954366393e+06 9.990764856338500977e-01
2.461082013020505197e+06 9.992398619651794434e-01
2.461082013086644001e+06 1.000938057899475098e+00
2.461082013152782805e+06 9.996765255928039551e-01
2.461082013218922075e+06 1.000981688499450684e+00
2.461082013285060879e+06 9.994371533393859863e-01
2.461082013351199683e+06 9.998948574066162109e-01
2.461082013417338487e+06 9.999433755874633789e-01
2.461082013483477756e+06 1.000805497169494629e+00
2.461082013549616560e+06 1.000213503837585449e+00
2.461082013615755364e+06 1.000614643096923828e+00
2.461082013681894168e+06 9.994565844535827637e-01
2.461082013748033438e+06 1.001572132110595703e+00
2.461082013814172242e+06 1.000938057899475098e+00
2.461082013880311046e+06 9.990797042846679688e-01
2.461082013946449850e+06 1.000292778015136719e+00
2.461082014012589119e+06 9.997169375419616699e-01
2.461082014078727923e+06 1.000396251678466797e+00
2.461082014144866727e+06 1.000664710998535156e+00
2.461082014211005531e+06 9.996700286865234375e-01
2.461082014277144801e+06 1.000630736351013184e+00
2.461082014343283605e+06 1.000370383262634277e+00
2.461082014409422409e+06 9.997946023941040039e-01
2.461082014475561213e+06 1.000363945960998535e+00
2.461082014541700482e+06 9.992560148239135742e-01
2.461082014607839286e+06 1.000376820564270020e+00
2.461082014673978090e+06 1.001099824905395508e+00
2.461082014740116894e+06 1.000604867935180664e+00
2.461082014806256164e+06 1.000171422958374023e+00
2.461082014872394968e+06 1.000590324401855469e+00
2.461082014938533772e+06 1.000549912452697754e+00
2.461082015004672576e+06 9.992883801460266113e-01
2.461082015070811845e+06 1.000092148780822754e+00
2.461082015136950649e+06 1.000011324882507324e+00
2.461082015203089453e+06 1.000451207160949707e+00
2.461082015269228257e+06 9.995633363723754883e-01
2.461082015335367061e+06 1.001056194305419922e+00
2.461082015401506331e+06 1.000425338745117188e+00
2.461082015467645135e+06 1.000454425811767578e+00
2.461082015533783939e+06 1.000119686126708984e+00
2.461082015599922743e+06 1.000124573707580566e+00
2.461082015666062012e+06 9.994727373123168945e-01
2.461082015732200816e+06 9.999029636383056641e-01
2.461082015798339620e+06 9.992527961730957031e-01
2.461082015864478424e+06 9.992172122001647949e-01
2.461082015930617694e+06 1.000084161758422852e+00
2.461082015996756498e+06 1.000003218650817871e+00
2.461082016062895302e+06 1.000985026359558105e+00
2.461082016129034106e+06 1.000923514366149902e+00
2.461082016195173375e+06 1.000674486160278320e+00
2.461082016261312179e+06 1.000923514366149902e+00
2.461082016327450983e+06 9.997962117195129395e-01
2.461082016393589787e+06 9.996101856231689453e-01
2.461082016459729057e+06 9.996862411499023438e-01
2.461082016525867861e+06 1.000132679939270020e+00
2.461082016592006665e+06 1.000396251678466797e+00
2.461082016658145469e+06 9.999822378158569336e-01
2.461082016724284738e+06 9.999822378158569336e-01
2.461082016790423542e+06 1.000030755996704102e+00
2.461082016856562346e+06 1.000255584716796875e+00
2.461082016922701150e+06 9.991864562034606934e-01
2.461082016988839954e+06 1.000480413436889648e+00
2.461082017054979224e+06 1.001268029212951660e+00
2.461082017121118028e+06 1.000014543533325195e+00
2.461082017187256832e+06 1.000878214836120605e+00
2.461082017253395636e+06 1.000603318214416504e+00
2.461082017319534905e+06 1.000535368919372559e+00
2.461082017385673709e+06 9.997671246528625488e-01
2.461082017451812513e+06 9.991670250892639160e-01
2.461082017517951317e+06 1.001615762710571289e+00
2.461082017584090587e+06 1.001130580902099609e+00
2.461082017650229391e+06 9.998770952224731445e-01
2.461082017716368195e+06 1.000245809555053711e+00
2.461082017782506999e+06 9.994549751281738281e-01
2.461082017848646268e+06 1.000444769859313965e+00
2.461082017914785072e+06 1.000559568405151367e+00
2.461082017980923876e+06 1.001460433006286621e+00
2.461082018047062680e+06 9.997266530990600586e-01
2.461082018113201950e+06 9.993821382522583008e-01
2.461082018179340754e+06 1.000764966011047363e+00
2.461082018245479558e+06 1.001090049743652344e+00
2.461082018311618362e+06 9.996085762977600098e-01
2.461082018377757631e+06 1.000739097595214844e+00
2.461082018443896435e+06 1.001230835914611816e+00
2.461082018510035239e+06 1.001125693321228027e+00
2.461082018576174043e+06 9.994145035743713379e-01
2.461082018642313313e+06 9.995180368423461914e-01
2.461082018708452117e+06 1.000106692314147949e+00
2.461082018774590921e+06 1.000478744506835938e+00
2.461082018840729725e+06 9.992511868476867676e-01
2.461082018906868994e+06 1.000915408134460449e+00
2.461082018973007798e+06 9.994695186614990234e-01
2.461082019039146602e+06 1.000129342079162598e+00
2.461082019105285406e+06 1.000283002853393555e+00
2.461082019171424210e+06 9.996118545532226562e-01
2.461082019237563480e+06 9.991621971130371094e-01
2.461082019303702284e+06 1.000135898590087891e+00
2.461082019369841088e+06 1.000921845436096191e+00
2.461082019435979892e+06 9.994856715202331543e-01
2.461082019502119161e+06 1.000679254531860352e+00
2.461082019568257965e+06 1.000252366065979004e+00
2.461082019634396769e+06 9.990780949592590332e-01
2.461082019700535573e+06 1.000336408615112305e+00
2.461082019766674843e+06 1.000069499015808105e+00
2.461082019832813647e+06 9.990311861038208008e-01
2.461082019898952451e+06 9.992479085922241211e-01
2.461082019965091255e+06 9.990247488021850586e-01
2.461082020031230524e+06 9.994063973426818848e-01
2.461082020097369328e+06 1.000389814376831055e+00
2.461082020163508132e+06 1.000435113906860352e+00
2.461082020229646936e+06 1.000401139259338379e+00
2.461082020295786206e+06 9.991298317909240723e-01
2.461082020361925010e+06 9.996991753578186035e-01
2.461082020428063814e+06 1.000949382781982422e+00
2.461082020494202618e+06 1.000381708145141602e+00
2.461082020560341887e+06 1.000072836875915527e+00
2.461082020626480691e+06 1.000514268875122070e+00
2.461082020692619495e+06 9.987578392028808594e-01
2.461082020758758299e+06 9.995455145835876465e-01
2.461082020824897569e+06 9.992721676826477051e-01
2.461082020891036373e+06 9.996975660324096680e-01
2.461082020957175177e+06 9.988403320312500000e-01
2.461082021023313981e+06 1.000263571739196777e+00
2.461082021089453250e+06 9.999886751174926758e-01
2.461082021155592054e+06 1.000027537345886230e+00
2.461082021221730858e+06 1.000153660774230957e+00
2.461082021287869662e+06 1.000454425811767578e+00
2.461082021354008466e+06 9.991282224655151367e-01
2.461082021420147736e+06 1.000674486160278320e+00
2.461082021486286540e+06 1.001452445983886719e+00
2.461082021552425344e+06 9.995293617248535156e-01
2.461082021618564148e+06 1.000414013862609863e+00
2.461082021684703417e+06 1.000384926795959473e+00
2.461082021750842221e+06 9.999336600303649902e-01
2.461082021816981025e+06 1.000198960304260254e+00
2.461082021883119829e+06 9.999240040779113770e-01
2.461082021949259099e+06 1.000582218170166016e+00
2.461082022015397903e+06 1.000349402427673340e+00
2.461082022081536707e+06 1.000871777534484863e+00
2.461082022147675510e+06 1.000743985176086426e+00
2.461082022213814780e+06 1.000729441642761230e+00
2.461082022279953584e+06 1.000101923942565918e+00
2.461082022346092388e+06 9.998641610145568848e-01
2.461082022412231192e+06 9.998819231986999512e-01
2.461082022478370462e+06 1.000601649284362793e+00
2.461082022544509266e+06 1.000176310539245605e+00
2.461082022610648070e+06 9.994274377822875977e-01
2.461082022676786873e+06 1.000737547874450684e+00
2.461082022742926143e+06 1.000245809555053711e+00
2.461082022809064947e+06 9.997962117195129395e-01
2.461082022875203751e+06 1.000098705291748047e+00
2.461082022941342555e+06 9.991266131401062012e-01
2.461082023007481825e+06 1.001277685165405273e+00
2.461082023073620629e+06 1.000600099563598633e+00
2.461082023139759433e+06 1.000700354576110840e+00
2.461082023205898236e+06 9.997735619544982910e-01
2.461082023272037040e+06 9.994808435440063477e-01
2.461082023338176310e+06 9.992997050285339355e-01
2.461082023404315114e+06 1.001114368438720703e+00
2.461082023470453918e+06 9.996781349182128906e-01
2.461082023536592722e+06 9.998916387557983398e-01
2.461082023602731992e+06 1.000929951667785645e+00
2.461082023668870796e+06 1.001073956489562988e+00
2.461082023735009599e+06 1.001067519187927246e+00
2.461082023801148403e+06 1.000849127769470215e+00
2.461082023867287673e+06 1.000003218650817871e+00
2.461082023933426477e+06 9.989858865737915039e-01
2.461082023999565281e+06 9.987061023712158203e-01
2.461082024065704085e+06 1.000459313392639160e+00
2.461082024131843355e+06 1.000139117240905762e+00
2.461082024197982159e+06 1.000132679939270020e+00
2.461082024264120962e+06 9.998123645782470703e-01
2.461082024330259766e+06 1.002005577087402344e+00
2.461082024396399036e+06 1.000582218170166016e+00
2.461082024462537840e+06 9.997848868370056152e-01
2.461082024528676644e+06 1.000616192817687988e+00
2.461082024594815448e+06 1.000692248344421387e+00
2.461082024660954718e+06 1.000038862228393555e+00
2.461082024727093522e+06 1.000506281852722168e+00
2.461082024793232325e+06 9.993724822998046875e-01
2.461082024859371129e+06 1.000265240669250488e+00
2.461082024925510399e+06 1.001321434974670410e+00
2.461082024991649203e+06 1.001277685165405273e+00
2.461082025057788007e+06 9.997606277465820312e-01
2.461082025123926811e+06 1.000080823898315430e+00
2.461082025190065615e+06 1.000054955482482910e+00
2.461082025256204884e+06 1.002015233039855957e+00
2.461082025322343688e+06 1.000718116760253906e+00
2.461082025388482492e+06 1.000837802886962891e+00
2.461082025454621296e+06 1.000839471817016602e+00
2.461082025520760566e+06 9.996570944786071777e-01
2.461082025586899370e+06 9.994614124298095703e-01
2.461082025653038174e+06 1.000431895256042480e+00
2.461082025719176978e+06 1.000716447830200195e+00
2.461082025785316247e+06 1.000729441642761230e+00
2.461082025851455051e+06 1.001733779907226562e+00
2.461082025917593855e+06 9.991250038146972656e-01
2.461082025983732659e+06 1.000030755996704102e+00
2.461082026049871929e+06 1.000331521034240723e+00
2.461082026116010733e+06 1.000546693801879883e+00
2.461082026182149537e+06 1.002126812934875488e+00
2.461082026248288341e+06 9.995051026344299316e-01
2.461082026314427610e+06 1.000239372253417969e+00
2.461082026380566414e+06 9.996312260627746582e-01
2.461082026446705218e+06 1.000389814376831055e+00
2.461082026512844022e+06 1.000232934951782227e+00
2.461082026578983292e+06 9.998220801353454590e-01
2.461082026645122096e+06 9.984861612319946289e-01
2.461082026711260900e+06 1.000716447830200195e+00
2.461082026777399704e+06 9.996005296707153320e-01
2.461082026843538973e+06 1.000302433967590332e+00
2.461082026909677777e+06 9.999514818191528320e-01
2.461082026975816581e+06 1.000105142593383789e+00
2.461082027041955385e+06 1.000046849250793457e+00
2.461082027108094189e+06 9.994500875473022461e-01
2.461082027174233459e+06 9.985330700874328613e-01
2.461082027240372263e+06 9.997234344482421875e-01
2.461082027306511067e+06 9.997153282165527344e-01
2.461082027372649871e+06 9.996150732040405273e-01
2.461082027438789140e+06 1.000418901443481445e+00
2.461082027504927944e+06 9.997411966323852539e-01
2.461082027571066748e+06 9.994937777519226074e-01
2.461082027637205552e+06 1.000854015350341797e+00
2.461082027703344822e+06 9.997687339782714844e-01
2.461082027769483626e+06 9.993093609809875488e-01
2.461082027835622430e+06 1.000111579895019531e+00
2.461082027901761234e+06 1.000247478485107422e+00
2.461082027967900503e+06 1.000658273696899414e+00
2.461082028034039307e+06 1.000666379928588867e+00
2.461082028100178111e+06 9.994516968727111816e-01
2.461082028166316915e+06 9.999805688858032227e-01
2.461082028232456185e+06 1.000637292861938477e+00
2.461082028298594989e+06 1.000587105751037598e+00
2.461082028364733793e+06 9.988953471183776855e-01
2.461082028430872597e+06 1.000459313392639160e+00
2.461082028497011866e+06 9.994549751281738281e-01
2.461082028563150670e+06 9.992430806159973145e-01
2.461082028629289474e+06 1.000192523002624512e+00
2.461082028695428278e+06 9.992365837097167969e-01
2.461082028761567548e+06 1.000105142593383789e+00
2.461082028827706352e+06 9.995843172073364258e-01
2.461082028893845156e+06 9.992349743843078613e-01
2.461082028959983960e+06 1.000522375106811523e+00
2.461082029026122764e+06 9.994387626647949219e-01
2.461082029092262033e+06 1.000274896621704102e+00
2.461082029158400837e+06 1.000842690467834473e+00
2.461082029224539641e+06 1.000207066535949707e+00
2.461082029290678445e+06 1.000171422958374023e+00
2.461082029356817715e+06 1.000286221504211426e+00
2.461082029422956519e+06 1.000169873237609863e+00
2.461082029489095323e+06 9.998059272766113281e-01
2.461082029555234127e+06 9.995956420898437500e-01
2.461082029621373396e+06 9.997169375419616699e-01
2.461082029687512200e+06 9.995196461677551270e-01
2.461082029753651004e+06 1.000391364097595215e+00
2.461082029819789808e+06 9.983907341957092285e-01
2.461082029885929078e+06 1.000375270843505859e+00
2.461082029952067882e+06 1.000384926795959473e+00
2.461082030018206686e+06 9.996522665023803711e-01
2.461082030084345490e+06 1.001006007194519043e+00
2.461082030150484759e+06 1.000695466995239258e+00
2.461082030216623563e+06 1.001206517219543457e+00
2.461082030282762367e+06 1.000134229660034180e+00
2.461082030348901171e+06 9.997946023941040039e-01
2.461082030415040441e+06 1.000470638275146484e+00
2.461082030481179245e+06 9.997186064720153809e-01
2.461082030547318049e+06 1.000402688980102539e+00
2.461082030613456853e+06 1.000658273696899414e+00
2.461082030679596122e+06 9.999951720237731934e-01
2.461082030745734926e+06 1.000077605247497559e+00
2.461082030811873730e+06 9.997784495353698730e-01
2.461082030878012534e+06 1.000711679458618164e+00
2.461082030944151804e+06 1.000381708145141602e+00
2.461082031010290608e+06 1.000663161277770996e+00
2.461082031076429412e+06 1.000996351242065430e+00
2.461082031142568216e+06 1.000365495681762695e+00
2.461082031208707020e+06 9.999256134033203125e-01
2.461082031274846289e+06 1.001635193824768066e+00
2.461082031340985093e+06 1.001271247863769531e+00
2.461082031407123897e+06 1.001017332077026367e+00
2.461082031473262701e+06 1.000588774681091309e+00
2.461082031539401971e+06 1.001691818237304688e+00
2.461082031605540775e+06 1.000740766525268555e+00
2.461082031671679579e+06 1.000339627265930176e+00
2.461082031737818383e+06 1.000357389450073242e+00
2.461082031803957652e+06 9.991767406463623047e-01
2.461082031870096456e+06 1.000030755996704102e+00
2.461082031936235260e+06 9.997962117195129395e-01
2.461082032002374064e+06 9.993659853935241699e-01
2.461082032068513334e+06 9.995924234390258789e-01
2.461082032134652138e+06 9.999579191207885742e-01
2.461082032200790942e+06 1.000842690467834473e+00
2.461082032266929746e+06 1.001015663146972656e+00
2.461082032333069015e+06 9.999692440032958984e-01
2.461082032399207819e+06 1.000648617744445801e+00
2.461082032465346623e+06 1.000798940658569336e+00
2.461082032531485427e+06 1.000171422958374023e+00
2.461082032597624697e+06 1.000517606735229492e+00
2.461082032663763501e+06 1.000405907630920410e+00
2.461082032729902305e+06 1.001010894775390625e+00
2.461082032796041109e+06 1.000156879425048828e+00
2.461082032862180378e+06 9.998495578765869141e-01
2.461082032928319182e+06 1.000150442123413086e+00
2.461082032994457986e+06 1.000768303871154785e+00
2.461082033060596790e+06 9.983454346656799316e-01
2.461082033126735594e+06 9.996361136436462402e-01
2.461082033192874864e+06 1.000572562217712402e+00
2.461082033259013668e+06 1.001096606254577637e+00
2.461082033325152472e+06 1.000667929649353027e+00
2.461082033391291276e+06 1.000095367431640625e+00
2.461082033457430545e+06 1.000689029693603516e+00
2.461082033523569349e+06 9.998560547828674316e-01
2.461082033589708153e+06 9.992867112159729004e-01
2.461082033655846957e+06 9.996280074119567871e-01
2.461082033721986227e+06 9.993417263031005859e-01
2.461082033788125031e+06 1.000122904777526855e+00
2.461082033854263835e+06 1.001148343086242676e+00
2.461082033920402639e+06 1.000042080879211426e+00
2.461082033986541908e+06 9.985378980636596680e-01
2.461082034052680712e+06 1.000575780868530273e+00
2.461082034118819516e+06 1.000839471817016602e+00
2.461082034184958320e+06 1.000655055046081543e+00
2.461082034251097590e+06 1.000208616256713867e+00
2.461082034317236394e+06 1.000405907630920410e+00
2.461082034383375198e+06 1.001327872276306152e+00
2.461082034449514002e+06 9.990198612213134766e-01
2.461082034515653271e+06 1.000127792358398438e+00
2.461082034581792075e+06 1.000114798545837402e+00
2.461082034647930879e+06 9.997460842132568359e-01
2.461082034714069683e+06 1.000169873237609863e+00
2.461082034780208953e+06 9.993659853935241699e-01
2.461082034846347757e+06 1.000283002853393555e+00
2.461082034912486561e+06 1.000745654106140137e+00
2.461082034978625365e+06 1.000166535377502441e+00
2.461082035044764169e+06 1.000512719154357910e+00
2.461082035110903438e+06 1.000519156455993652e+00
2.461082035177042242e+06 9.995309710502624512e-01
2.461082035243181046e+06 1.000341296195983887e+00
2.461082035309319850e+06 1.001153230667114258e+00
2.461082035375459120e+06 9.994565844535827637e-01
2.461082035441597924e+06 1.000818371772766113e+00
2.461082035507736728e+06 1.000126123428344727e+00
2.461082035573875532e+06 1.000520825386047363e+00
2.461082035640014801e+06 9.998948574066162109e-01
2.461082035706153605e+06 9.999013543128967285e-01
2.461082035772292409e+06 1.000669598579406738e+00
2.461082035838431213e+06 1.000409245491027832e+00
2.461082035904570483e+06 1.000438332557678223e+00
2.461082035970709287e+06 1.000475525856018066e+00
2.461082036036848091e+06 9.988403320312500000e-01
2.461082036102986895e+06 9.992398619651794434e-01
2.461082036169126164e+06 9.998673796653747559e-01
2.461082036235264968e+06 9.986042380332946777e-01
2.461082036301403772e+06 1.000139117240905762e+00
2.461082036367542576e+06 9.994856715202331543e-01
2.461082036433681846e+06 1.001564025878906250e+00
2.461082036499820650e+06 9.988824129104614258e-01
2.461082036565959454e+06 1.001387715339660645e+00
2.461082036632098258e+06 9.994549751281738281e-01
2.461082036698237527e+06 1.000101923942565918e+00
2.461082036764376331e+06 1.001272916793823242e+00
2.461082036830515135e+06 9.995843172073364258e-01
2.461082036896653939e+06 1.000997900962829590e+00
2.461082036962792743e+06 9.993546605110168457e-01
2.461082037028932013e+06 9.997509121894836426e-01
2.461082037095070817e+06 1.000886321067810059e+00
2.461082037161209621e+06 9.996733069419860840e-01
2.461082037227348424e+06 9.999692440032958984e-01
2.461082037293487694e+06 9.999854564666748047e-01
2.461082037359626498e+06 9.996926784515380859e-01
2.461082037425765302e+06 1.000140666961669922e+00
2.461082037491904106e+06 1.001187205314636230e+00
2.461082037558043376e+06 1.000241041183471680e+00
2.461082037624182180e+06 1.000951051712036133e+00
2.461082037690320984e+06 9.992721676826477051e-01
2.461082037756459787e+06 9.998495578765869141e-01
2.461082037822599057e+06 1.000582218170166016e+00
2.461082037888737861e+06 9.999449849128723145e-01
2.461082037954876665e+06 1.000580668449401855e+00
2.461082038021015469e+06 1.001507401466369629e+00
2.461082038087154739e+06 1.000447988510131836e+00
2.461082038153293543e+06 9.991427659988403320e-01
2.461082038219432347e+06 1.000976920127868652e+00
2.461082038285571150e+06 1.000676035881042480e+00
2.461082038351710420e+06 1.000836133956909180e+00
2.461082038417849224e+06 1.000697135925292969e+00
2.461082038483988028e+06 1.000139117240905762e+00
2.461082038550126832e+06 1.000409245491027832e+00
2.461082038616266102e+06 9.992560148239135742e-01
2.461082038682404906e+06 1.000949382781982422e+00
2.461082038748543710e+06 1.001051306724548340e+00
2.461082038814682513e+06 1.000478744506835938e+00
2.461082038880821317e+06 1.000680923461914062e+00
2.461082038946960587e+06 1.000139117240905762e+00
2.461082039013099391e+06 1.000608086585998535e+00
2.461082039079238195e+06 1.000496506690979004e+00
2.461082039145376999e+06 9.997848868370056152e-01
2.461082039211516269e+06 1.000232934951782227e+00
2.461082039277655073e+06 9.999773502349853516e-01
2.461082039343793876e+06 1.000147223472595215e+00
2.461082039409932680e+06 9.993708729743957520e-01
2.461082039476071950e+06 1.000181198120117188e+00
2.461082039542210754e+06 1.000574111938476562e+00
2.461082039608349558e+06 9.991152882575988770e-01
2.461082039674488362e+06 1.000032305717468262e+00
2.461082039740627632e+06 9.993530511856079102e-01
2.461082039806766436e+06 1.001508951187133789e+00
2.461082039872905239e+06 1.000192523002624512e+00
2.461082039939044043e+06 9.999304413795471191e-01
2.461082040005183313e+06 1.000425338745117188e+00
2.461082040071322117e+06 1.000499725341796875e+00
2.461082040137460921e+06 1.000711679458618164e+00
2.461082040203599725e+06 1.001085281372070312e+00
2.461082040269738995e+06 1.000037193298339844e+00
2.461082040335877798e+06 1.000844240188598633e+00
2.461082040402016602e+06 1.000378489494323730e+00
2.461082040468155406e+06 9.997962117195129395e-01
2.461082040534294676e+06 1.000486850738525391e+00
2.461082040600433480e+06 1.000341296195983887e+00
2.461082040666572284e+06 9.997606277465820312e-01
2.461082040732711088e+06 1.000320196151733398e+00
2.461082040798849892e+06 1.000862002372741699e+00
2.461082040864989161e+06 1.000676035881042480e+00
2.461082040931127965e+06 9.998027086257934570e-01
2.461082040997266769e+06 1.000711679458618164e+00
2.461082041063405573e+06 9.997476935386657715e-01
2.461082041129544843e+06 1.001204967498779297e+00
2.461082041195683647e+06 1.000329971313476562e+00
2.461082041261822451e+06 9.993174672126770020e-01
2.461082041327961255e+06 1.000357389450073242e+00
2.461082041394100524e+06 9.990797042846679688e-01
2.461082041460239328e+06 1.000397920608520508e+00
2.461082041526378132e+06 1.000229716300964355e+00
2.461082041592516936e+06 1.001073956489562988e+00
2.461082041658656206e+06 1.000952601432800293e+00
2.461082041724795010e+06 1.000160098075866699e+00
2.461082041790933814e+06 9.992042779922485352e-01
2.461082041857072618e+06 9.999272227287292480e-01
2.461082041923211887e+06 1.000444769859313965e+00
2.461082041989350691e+06 9.997606277465820312e-01
2.461082042055489495e+06 9.997751712799072266e-01
2.461082042121628299e+06 9.991444349288940430e-01
2.461082042187767569e+06 1.000740766525268555e+00
2.461082042253906373e+06 9.996037483215332031e-01
2.461082042320045177e+06 9.997428655624389648e-01
2.461082042386183981e+06 9.997493028640747070e-01
2.461082042452323250e+06 1.001056194305419922e+00
2.461082042518462054e+06 1.000386595726013184e+00
2.461082042584600858e+06 1.001167774200439453e+00
2.461082042650739662e+06 1.000258803367614746e+00
2.461082042716878466e+06 9.997395873069763184e-01
2.461082042783017736e+06 9.997331500053405762e-01
2.461082042849156540e+06 1.000863671302795410e+00
2.461082042915295344e+06 1.000389814376831055e+00
2.461082042981434148e+06 1.000195741653442383e+00
2.461082043047573417e+06 9.992252588272094727e-01
2.461082043113712221e+06 1.000042080879211426e+00
2.461082043179851025e+06 1.000684142112731934e+00
2.461082043245989829e+06 1.001119256019592285e+00
2.461082043312129099e+06 9.994533061981201172e-01
2.461082043378267903e+06 1.000000000000000000e+00
2.461082043444406707e+06 1.000536918640136719e+00
2.461082043510545511e+06 1.001056194305419922e+00
2.461082043576684780e+06 9.996570944786071777e-01
2.461082043642823584e+06 1.000042080879211426e+00
2.461082043708962388e+06 1.000818371772766113e+00
2.461082043775101192e+06 1.000097036361694336e+00
2.461082043841240462e+06 1.001187205314636230e+00
2.461082043907379266e+06 9.999757409095764160e-01
2.461082043973518070e+06 1.000786066055297852e+00
2.461082044039656874e+06 9.994630217552185059e-01
2.461082044105796143e+06 1.000967144966125488e+00
2.461082044171934947e+06 9.998415112495422363e-01
2.461082044238073751e+06 9.999854564666748047e-01
2.461082044304212555e+06 9.999353289604187012e-01
2.461082044370351825e+06 9.995843172073364258e-01
2.461082044436490629e+06 9.999094009399414062e-01
2.461082044502629433e+06 9.986753463745117188e-01
2.461082044568768237e+06 1.000590324401855469e+00
2.461082044634907041e+06 1.000954270362854004e+00
2.461082044701046310e+06 1.000131011009216309e+00
2.461082044767185114e+06 1.000604867935180664e+00
2.461082044833323918e+06 9.992204308509826660e-01
2.461082044899462722e+06 1.000132679939270020e+00
2.461082044965601992e+06 9.991185069084167480e-01
2.461082045031740796e+06 9.997994303703308105e-01
2.461082045097879600e+06 1.000042080879211426e+00
2.461082045164018404e+06 9.988209605216979980e-01
2.461082045230157673e+06 9.999466538429260254e-01
2.461082045296296477e+06 9.990166425704956055e-01
2.461082045362435281e+06 1.000873327255249023e+00
2.461082045428574085e+06 9.994969964027404785e-01
2.461082045494713355e+06 9.996926784515380859e-01
2.461082045560852159e+06 1.001064181327819824e+00
2.461082045626990963e+06 1.000693798065185547e+00
2.461082045693129767e+06 9.999158978462219238e-01
2.461082045759269036e+06 1.000307321548461914e+00
2.461082045825407840e+06 1.000012993812561035e+00
2.461082045891546644e+06 1.000038862228393555e+00
2.461082045957685448e+06 9.996037483215332031e-01
2.461082046023824718e+06 9.994646310806274414e-01
2.461082046089963522e+06 9.989422559738159180e-01
2.461082046156102326e+06 1.000122904777526855e+00
2.461082046222241130e+06 1.000952601432800293e+00
2.461082046288380399e+06 9.996587634086608887e-01
2.461082046354519203e+06 1.000401139259338379e+00
2.461082046420658007e+06 1.000666379928588867e+00
2.461082046486796811e+06 1.000871777534484863e+00
2.461082046552935615e+06 9.993465542793273926e-01
2.461082046619074885e+06 9.990667700767517090e-01
2.461082046685213689e+06 1.001015663146972656e+00
2.461082046751352493e+06 1.000700354576110840e+00
2.461082046817491297e+06 9.994986057281494141e-01
2.461082046883630566e+06 9.995212554931640625e-01
2.461082046949769370e+06 1.000173091888427734e+00
2.461082047015908174e+06 1.000192523002624512e+00
2.461082047082046978e+06 9.997832775115966797e-01
2.461082047148186248e+06 1.000156879425048828e+00
2.461082047214325052e+06 9.991055727005004883e-01
2.461082047280463856e+06 1.000145554542541504e+00
2.461082047346602660e+06 9.992446899414062500e-01
2.461082047412741929e+06 1.000344514846801758e+00
2.461082047478880733e+06 1.002058863639831543e+00
2.461082047545019537e+06 1.000161767005920410e+00
2.461082047611158341e+06 1.000338077545166016e+00
2.461082047677297611e+06 1.000079274177551270e+00
2.461082047743436415e+06 9.997331500053405762e-01
2.461082047809575219e+06 1.000064730644226074e+00
2.461082047875714023e+06 1.001652956008911133e+00
2.461082047941853292e+06 1.000375270843505859e+00
2.461082048007992096e+06 9.998382925987243652e-01
2.461082048074130900e+06 9.999045729637145996e-01
2.461082048140269704e+06 1.000693798065185547e+00
2.461082048206408508e+06 9.996652007102966309e-01
2.461082048272547778e+06 1.000014543533325195e+00
2.461082048338686582e+06 1.000236153602600098e+00
2.461082048404825386e+06 9.994824528694152832e-01
2.461082048470964190e+06 9.995148181915283203e-01
2.461082048537103459e+06 1.001193642616271973e+00
2.461082048603242263e+06 9.999967813491821289e-01
2.461082048669381067e+06 1.000310540199279785e+00
2.461082048735519871e+06 1.000608086585998535e+00
2.461082048801659141e+06 1.000876665115356445e+00
2.461082048867797945e+06 1.000887989997863770e+00
2.461082048933936749e+06 9.991783499717712402e-01
2.461082049000075553e+06 1.000435113906860352e+00
2.461082049066214822e+06 9.998916387557983398e-01
2.461082049132353626e+06 1.000200510025024414e+00
2.461082049198492430e+06 1.000144004821777344e+00
2.461082049264631234e+06 9.993110299110412598e-01
2.461082049330770504e+06 1.000111579895019531e+00
2.461082049396909308e+06 1.000171422958374023e+00
2.461082049463048112e+06 1.001161217689514160e+00
2.461082049529186916e+06 1.000981688499450684e+00
2.461082049595326185e+06 9.999660253524780273e-01
2.461082049661464989e+06 1.000310540199279785e+00
2.461082049727603793e+06 1.000100255012512207e+00
2.461082049793742597e+06 9.999433755874633789e-01
2.461082049859881867e+06 1.000071167945861816e+00
2.461082049926020671e+06 9.986381530761718750e-01
2.461082049992159475e+06 9.991039633750915527e-01
2.461082050058298279e+06 9.994047880172729492e-01
2.461082050124437548e+06 9.998415112495422363e-01
2.461082050190576352e+06 1.001564025878906250e+00
2.461082050256715156e+06 1.000679254531860352e+00
2.461082050322853960e+06 1.000331521034240723e+00
2.461082050388992764e+06 1.000750422477722168e+00
2.461082050455132034e+06 1.000278234481811523e+00
2.461082050521270838e+06 9.995406866073608398e-01
2.461082050587409642e+06 1.000181198120117188e+00
2.461082050653548446e+06 1.000669598579406738e+00
2.461082050719687715e+06 9.989584088325500488e-01
2.461082050785826519e+06 9.995729923248291016e-01
2.461082050851965323e+06 9.997864961624145508e-01
2.461082050918104127e+06 1.000710010528564453e+00
2.461082050984243397e+06 9.992430806159973145e-01
2.461082051050382201e+06 9.989567995071411133e-01
2.461082051116521005e+06 9.999983906745910645e-01
2.461082051182659809e+06 9.991250038146972656e-01
2.461082051248799078e+06 1.000194072723388672e+00
2.461082051314937882e+06 9.993077516555786133e-01
2.461082051381076686e+06 1.000753641128540039e+00
2.461082051447215490e+06 1.000144004821777344e+00
2.461082051513354760e+06 1.000297546386718750e+00
2.461082051579493564e+06 9.988160729408264160e-01
2.461082051645632368e+06 9.995228648185729980e-01
2.461082051711771172e+06 1.001203298568725586e+00
2.461082051777910441e+06 1.000608086585998535e+00
2.461082051844049245e+06 1.000527262687683105e+00
2.461082051910188049e+06 1.000179529190063477e+00
2.461082051976326853e+06 1.001054525375366211e+00
2.461082052042466123e+06 9.994500875473022461e-01
2.461082052108604927e+06 9.994177222251892090e-01
2.461082052174743731e+06 1.000359058380126953e+00
2.461082052240882535e+06 9.995972514152526855e-01
2.461082052307021338e+06 1.000242590904235840e+00
2.461082052373160608e+06 1.000166535377502441e+00
2.461082052439299412e+06 9.990020990371704102e-01
2.461082052505438216e+06 9.997897148132324219e-01
2.461082052571577020e+06 1.001107931137084961e+00
2.461082052637716290e+06 9.997541308403015137e-01
2.461082052703855094e+06 9.992705583572387695e-01
2.461082052769993898e+06 1.000410795211791992e+00
2.461082052836132701e+06 1.001298785209655762e+00
2.461082052902271971e+06 1.000331521034240723e+00
2.461082052968410775e+06 1.000329971313476562e+00
2.461082053034549579e+06 9.999611973762512207e-01
2.461082053100688383e+06 1.000451207160949707e+00
2.461082053166827653e+06 1.000012993812561035e+00
2.461082053232966457e+06 1.000239372253417969e+00
2.461082053299105261e+06 9.999773502349853516e-01
2.461082053365244064e+06 9.996959567070007324e-01
2.461082053431383334e+06 1.000530481338500977e+00
2.461082053497522138e+06 9.994533061981201172e-01
2.461082053563660942e+06 9.996765255928039551e-01
2.461082053629799746e+06 9.993013143539428711e-01
2.461082053695939016e+06 1.000360727310180664e+00
2.461082053762077820e+06 1.000831365585327148e+00
2.461082053828216624e+06 1.000721335411071777e+00
2.461082053894355427e+06 1.000854015350341797e+00
2.461082053960494697e+06 9.983567595481872559e-01
2.461082054026633501e+06 1.000769853591918945e+00
2.461082054092772305e+06 1.001538157463073730e+00
2.461082054158911109e+06 1.000511050224304199e+00
2.461082054225049913e+06 9.994679093360900879e-01
2.461082054291189183e+06 9.997751712799072266e-01
2.461082054357327987e+06 1.001973152160644531e+00
2.461082054423466790e+06 1.001007676124572754e+00
2.461082054489605594e+06 9.997218251228332520e-01
2.461082054555744864e+06 1.000632405281066895e+00
2.461082054621883668e+06 9.998851418495178223e-01
2.461082054688022472e+06 9.992123246192932129e-01
2.461082054754161276e+06 9.999741315841674805e-01
2.461082054820300546e+06 1.000939726829528809e+00
2.461082054886439350e+06 1.000148773193359375e+00
2.461082054952578153e+06 1.002010345458984375e+00
2.461082055018716957e+06 1.000577449798583984e+00
2.461082055084856227e+06 9.996312260627746582e-01
2.461082055150995031e+06 1.000798940658569336e+00
2.461082055217133835e+06 9.991233944892883301e-01
2.461082055283272639e+06 9.996345043182373047e-01
2.461082055349411909e+06 1.000144004821777344e+00
2.461082055415550712e+06 1.001381278038024902e+00
2.461082055481689516e+06 9.990845918655395508e-01
2.461082055547828320e+06 1.000012993812561035e+00
2.461082055613967590e+06 1.000554800033569336e+00
2.461082055680106394e+06 1.000596761703491211e+00
2.461082055746245198e+06 1.000350952148437500e+00
2.461082055812384002e+06 1.000999569892883301e+00
2.461082055878522806e+06 1.000381708145141602e+00
2.461082055944662075e+06 9.995196461677551270e-01
2.461082056010800879e+06 1.000787615776062012e+00
2.461082056076939683e+06 1.000063061714172363e+00
2.461082056143078487e+06 1.000773072242736816e+00
2.461082056209217757e+06 1.001452445983886719e+00
2.461082056275356561e+06 9.997816681861877441e-01
2.461082056341495365e+06 1.001542925834655762e+00
2.461082056407634169e+06 1.001164555549621582e+00
2.461082056473773438e+06 9.993773102760314941e-01
2.461082056539912242e+06 9.986834526062011719e-01
2.461082056606051046e+06 1.000519156455993652e+00
2.461082056672189850e+06 9.997347593307495117e-01
2.461082056738329120e+06 9.992834925651550293e-01
2.461082056804467924e+06 1.001180648803710938e+00
2.461082056870606728e+06 9.995002150535583496e-01
2.461082056936745532e+06 1.001264810562133789e+00
2.461082057002884801e+06 1.000921845436096191e+00
2.461082057069023605e+06 1.000509500503540039e+00
2.461082057135162409e+06 1.000205397605895996e+00
2.461082057201301213e+06 1.000360727310180664e+00
2.461082057267440483e+06 1.000084161758422852e+00
2.461082057333579287e+06 1.001539707183837891e+00
2.461082057399718091e+06 9.994468688964843750e-01
2.461082057465856895e+06 9.996474385261535645e-01
2.461082057531996164e+06 1.000043630599975586e+00
2.461082057598134968e+06 1.000069499015808105e+00
2.461082057664273772e+06 9.995827078819274902e-01
2.461082057730412576e+06 1.001753211021423340e+00
2.461082057796551380e+06 9.990506172180175781e-01
2.461082057862690650e+06 9.994387626647949219e-01
2.461082057928829454e+06 1.000242590904235840e+00
2.461082057994968258e+06 9.991929531097412109e-01
2.461082058061107062e+06 1.000139117240905762e+00
2.461082058127246331e+06 1.000451207160949707e+00
2.461082058193385135e+06 9.989212155342102051e-01
2.461082058259523939e+06 1.001444339752197266e+00
2.461082058325662743e+06 1.000158548355102539e+00
2.461082058391802013e+06 1.000310540199279785e+00
2.461082058457940817e+06 1.000145554542541504e+00
2.461082058524079621e+06 9.996312260627746582e-01
2.461082058590218425e+06 1.000627517700195312e+00
2.461082058656357694e+06 1.000444769859313965e+00
2.461082058722496498e+06 1.000798940658569336e+00
2.461082058788635302e+06 1.000001668930053711e+00
2.461082058854774106e+06 1.000265240669250488e+00
2.461082058920913376e+06 9.993061423301696777e-01
2.461082058987052180e+06 1.000452876091003418e+00
2.461082059053190984e+06 9.999498724937438965e-01
2.461082059119329788e+06 1.001932740211486816e+00
2.461082059185469057e+06 1.000886321067810059e+00
2.461082059251607861e+06 9.999449849128723145e-01
2.461082059317746665e+06 1.000957489013671875e+00
2.461082059383885469e+06 1.001120805740356445e+00
2.461082059450024739e+06 9.996733069419860840e-01
2.461082059516163543e+06 1.002893447875976562e+00
2.461082059582302347e+06 9.996991753578186035e-01
2.461082059648441151e+06 9.994953870773315430e-01
2.461082059714579955e+06 1.001020550727844238e+00
2.461082059780719224e+06 1.000415682792663574e+00
2.461082059846858028e+06 1.000721335411071777e+00
2.461082059912996832e+06 1.000158548355102539e+00
2.461082059979135636e+06 9.998787045478820801e-01
2.461082060045274906e+06 1.000022649765014648e+00
2.461082060111413710e+06 9.994452595710754395e-01
2.461082060177552514e+06 1.001112699508666992e+00
2.461082060243691318e+06 9.996441602706909180e-01
2.461082060309830587e+06 1.000150442123413086e+00
2.461082060375969391e+06 9.999353289604187012e-01
2.461082060442108195e+06 1.000316977500915527e+00
2.461082060508246999e+06 1.000902533531188965e+00
2.461082060574386269e+06 1.000084161758422852e+00
2.461082060640525073e+06 9.993174672126770020e-01
2.461082060706663877e+06 1.000124573707580566e+00
2.461082060772802681e+06 9.999272227287292480e-01
2.461082060838941950e+06 9.995455145835876465e-01
2.461082060905080754e+06 9.999886751174926758e-01
2.461082060971219558e+06 9.990959167480468750e-01
2.461082061037358362e+06 1.000118017196655273e+00
2.461082061103497632e+06 1.000289559364318848e+00
2.461082061169636436e+06 1.000747203826904297e+00
2.461082061235775240e+06 1.000063061714172363e+00
2.461082061301914044e+06 9.989729523658752441e-01
2.461082061368053313e+06 1.000883102416992188e+00
2.461082061434192117e+06 1.000485181808471680e+00
2.461082061500330921e+06 9.993530511856079102e-01
2.461082061566469725e+06 1.001517057418823242e+00
2.461082061632608529e+06 1.000054955482482910e+00
2.461082061698747799e+06 9.999449849128723145e-01
2.461082061764886603e+06 9.995325803756713867e-01
2.461082061831025407e+06 1.000174641609191895e+00
2.461082061897164211e+06 9.999951720237731934e-01
2.461082061963303480e+06 9.998997449874877930e-01
2.461082062029442284e+06 1.000558018684387207e+00
2.461082062095581088e+06 1.000076055526733398e+00
2.461082062161719892e+06 1.000148773193359375e+00
2.461082062227859162e+06 1.000719785690307617e+00
2.461082062293997966e+06 9.993643760681152344e-01
2.461082062360136770e+06 1.000850677490234375e+00
2.461082062426275574e+06 1.000355839729309082e+00
2.461082062492414843e+06 9.997687339782714844e-01
2.461082062558553647e+06 1.000566124916076660e+00
2.461082062624692451e+06 1.001384496688842773e+00
2.461082062690831255e+06 1.000051736831665039e+00
2.461082062756970525e+06 9.996021389961242676e-01
2.461082062823109329e+06 1.000879883766174316e+00
2.461082062889248133e+06 1.000792503356933594e+00
2.461082062955386937e+06 9.996457695960998535e-01
2.461082063021526206e+06 1.000606536865234375e+00
2.461082063087665010e+06 1.000483632087707520e+00
2.461082063153803814e+06 1.001589894294738770e+00
2.461082063219942618e+06 1.000287890434265137e+00
2.461082063286081888e+06 9.993304014205932617e-01
2.461082063352220692e+06 1.000781178474426270e+00
2.461082063418359496e+06 9.991589784622192383e-01
2.461082063484498300e+06 9.999611973762512207e-01
2.461082063550637104e+06 1.000316977500915527e+00
2.461082063616776373e+06 1.000051736831665039e+00
2.461082063682915177e+06 1.000517606735229492e+00
2.461082063749053981e+06 1.000724554061889648e+00
2.461082063815192785e+06 1.001502513885498047e+00
2.461082063881332055e+06 1.000153660774230957e+00
2.461082063947470859e+06 9.994808435440063477e-01
2.461082064013609663e+06 9.991929531097412109e-01
2.461082064079748467e+06 1.000384926795959473e+00
2.461082064145887736e+06 1.001116037368774414e+00
2.461082064212026540e+06 9.994161128997802734e-01
2.461082064278165344e+06 1.001583456993103027e+00
2.461082064344304148e+06 1.000087380409240723e+00
2.461082064410443418e+06 9.996975660324096680e-01
2.461082064476582222e+06 1.000025868415832520e+00
2.461082064542721026e+06 9.999126791954040527e-01
2.461082064608859830e+06 1.000921845436096191e+00
2.461082064674999099e+06 1.000334739685058594e+00
2.461082064741137903e+06 9.995002150535583496e-01
2.461082064807276707e+06 1.001251816749572754e+00
2.461082064873415511e+06 9.996635913848876953e-01
2.461082064939554781e+06 9.995067119598388672e-01
2.461082065005693585e+06 9.993999600410461426e-01
2.461082065071832389e+06 9.987109303474426270e-01
2.461082065137971193e+06 9.978990554809570312e-01
2.461082065204109997e+06 1.000019431114196777e+00
2.461082065270249266e+06 9.994484782218933105e-01
2.461082065336388070e+06 9.994743466377258301e-01
2.461082065402526874e+06 9.992544054985046387e-01
2.461082065468665678e+06 9.992172122001647949e-01
2.461082065534804948e+06 9.999547004699707031e-01
2.461082065600943752e+06 1.000312209129333496e+00
2.461082065667082556e+06 9.997622370719909668e-01
2.461082065733221360e+06 1.000938057899475098e+00
2.461082065799360629e+06 1.000258803367614746e+00
2.461082065865499433e+06 1.000996351242065430e+00
2.461082065931638237e+06 9.994662404060363770e-01
2.461082065997777041e+06 1.000823259353637695e+00
2.461082066063916311e+06 9.998447299003601074e-01
2.461082066130055115e+06 1.000279784202575684e+00
2.461082066196193919e+06 9.998900294303894043e-01
2.461082066262332723e+06 1.000166535377502441e+00
2.461082066328471992e+06 1.000787615776062012e+00
2.461082066394610796e+06 1.000457763671875000e+00
2.461082066460749600e+06 9.998350143432617188e-01
2.461082066526888404e+06 1.000617861747741699e+00
2.461082066593027674e+06 9.999983906745910645e-01
2.461082066659166478e+06 1.000195741653442383e+00
2.461082066725305282e+06 1.000849127769470215e+00
2.461082066791444086e+06 1.001289010047912598e+00
2.461082066857583355e+06 1.001374721527099609e+00
2.461082066923722159e+06 1.000129342079162598e+00
2.461082066989860963e+06 9.996069669723510742e-01
2.461082067055999767e+06 9.996393322944641113e-01
2.461082067122139037e+06 1.000054955482482910e+00
2.461082067188277841e+06 1.001785516738891602e+00
2.461082067254416645e+06 9.991573691368103027e-01
2.461082067320555449e+06 9.999644160270690918e-01
2.461082067386694252e+06 9.997881054878234863e-01
2.461082067452833522e+06 1.000514268875122070e+00
2.461082067518972326e+06 1.000761747360229492e+00
2.461082067585111130e+06 9.994727373123168945e-01
2.461082067651249934e+06 1.000253915786743164e+00
2.461082067717389204e+06 9.994339346885681152e-01
2.461082067783528008e+06 9.992770552635192871e-01
2.461082067849666812e+06 9.995503425598144531e-01
2.461082067915805615e+06 1.000043630599975586e+00
2.461082067981944885e+06 1.000606536865234375e+00
2.461082068048083689e+06 1.000355839729309082e+00
2.461082068114222493e+06 9.994468688964843750e-01
2.461082068180361297e+06 1.000239372253417969e+00
2.461082068246500567e+06 9.991217851638793945e-01
2.461082068312639371e+06 1.000490069389343262e+00
2.461082068378778175e+06 1.000941276550292969e+00
2.461082068444916978e+06 9.998495578765869141e-01
2.461082068511056248e+06 9.997622370719909668e-01
2.461082068577195052e+06 9.995309710502624512e-01
2.461082068643333856e+06 9.995713829994201660e-01
2.461082068709472660e+06 1.000483632087707520e+00
2.461082068775611930e+06 9.999417662620544434e-01
2.461082068841750734e+06 1.000664710998535156e+00
2.461082068907889538e+06 9.997881054878234863e-01
2.461082068974028341e+06 9.998705983161926270e-01
2.461082069040167145e+06 9.998447299003601074e-01
2.461082069106306415e+06 9.988904595375061035e-01
2.461082069172445219e+06 9.998722076416015625e-01
2.461082069238584023e+06 9.999676346778869629e-01
2.461082069304722827e+06 1.001022219657897949e+00
2.461082069370862097e+06 9.999741315841674805e-01
2.461082069437000901e+06 1.000139117240905762e+00
2.461082069503139704e+06 1.000008106231689453e+00
2.461082069569278508e+06 9.989907741546630859e-01
2.461082069635417778e+06 9.999805688858032227e-01
2.461082069701556582e+06 1.001526832580566406e+00
2.461082069767695386e+06 1.000514268875122070e+00
2.461082069833834190e+06 9.993255734443664551e-01
2.461082069899973460e+06 9.999595880508422852e-01
2.461082069966112264e+06 1.001135349273681641e+00
2.461082070032251067e+06 1.000140666961669922e+00
2.461082070098389871e+06 1.000294327735900879e+00
2.461082070164529141e+06 9.999757409095764160e-01
2.461082070230667945e+06 1.000664710998535156e+00
2.461082070296806749e+06 1.000350952148437500e+00
2.461082070362945553e+06 9.991945624351501465e-01
2.461082070429084823e+06 1.000131011009216309e+00
2.461082070495223626e+06 1.000373601913452148e+00
2.461082070561362430e+06 1.000014543533325195e+00
2.461082070627501234e+06 1.000383257865905762e+00
2.461082070693640038e+06 1.000202178955078125e+00
2.461082070759779308e+06 9.993449449539184570e-01
2.461082070825918112e+06 1.000847458839416504e+00
2.461082070892056916e+06 1.000339627265930176e+00
2.461082070958195720e+06 9.996053576469421387e-01
2.461082071024334989e+06 1.000619411468505859e+00
2.461082071090473793e+06 9.998059272766113281e-01
2.461082071156612597e+06 9.999223947525024414e-01
2.461082071222751401e+06 1.000719785690307617e+00
2.461082071288890671e+06 9.998770952224731445e-01
2.461082071355029475e+06 9.986414313316345215e-01
2.461082071421168279e+06 9.987902045249938965e-01
2.461082071487307083e+06 9.990651607513427734e-01
2.461082071553446352e+06 9.996101856231689453e-01
2.461082071619585156e+06 1.000574111938476562e+00
2.461082082566981670e+06 9.912953376770019531e-01
2.461082082633120473e+06 9.960827231407165527e-01
2.461082082699258812e+06 9.981400370597839355e-01
2.461082082765397616e+06 9.994403719902038574e-01
2.461082082831536420e+06 9.989681243896484375e-01
2.461082082897674758e+06 9.984004497528076172e-01
2.461082082963813562e+06 9.997897148132324219e-01
2.461082083029952366e+06 9.981189966201782227e-01
2.461082083096090704e+06 1.000234484672546387e+00
2.461082083162229508e+06 9.985297918319702148e-01
2.461082083228368312e+06 1.000139117240905762e+00
2.461082083294507116e+06 9.984667301177978516e-01
2.461082083360645454e+06 9.993271827697753906e-01
2.461082083426784258e+06 1.000268459320068359e+00
2.461082083492923062e+06 9.991621971130371094e-01
2.461082083559061401e+06 1.000372052192687988e+00
2.461082083625200205e+06 9.996166825294494629e-01
2.461082083691339009e+06 9.999353289604187012e-01
2.461082083757477347e+06 9.993498325347900391e-01
2.461082083823616151e+06 9.992964267730712891e-01
2.461082083889754955e+06 9.992786645889282227e-01
2.461082083955893759e+06 1.001030206680297852e+00
2.461082084022032097e+06 9.986866712570190430e-01
2.461082084088170901e+06 9.990683794021606445e-01
2.461082084154309705e+06 9.984942078590393066e-01
2.461082084220448043e+06 9.994646310806274414e-01
2.461082084286586847e+06 1.000464200973510742e+00
2.461082084352725651e+06 9.997444748878479004e-01
2.461082084418863989e+06 9.989050626754760742e-01
2.461082084485002793e+06 9.986672997474670410e-01
2.461082084551141597e+06 9.993465542793273926e-01
2.461082084617280401e+06 9.980931282043457031e-01
2.461082084683418740e+06 9.993546605110168457e-01
2.461082084749557544e+06 9.996490478515625000e-01
2.461082084815696348e+06 9.987804889678955078e-01
2.461082084881834686e+06 9.998657703399658203e-01
2.461082084947973490e+06 9.998980760574340820e-01
2.461082085014112294e+06 1.000129342079162598e+00
2.461082085080250632e+06 9.981772303581237793e-01
2.461082085146389436e+06 9.995972514152526855e-01
2.461082085212528240e+06 9.994792342185974121e-01
2.461082085278667044e+06 9.991832375526428223e-01
2.461082085344805382e+06 9.987319707870483398e-01
2.461082085410944186e+06 9.987627267837524414e-01
2.461082085477082990e+06 9.987902045249938965e-01
2.461082085543221328e+06 9.987271428108215332e-01
2.461082085609360132e+06 9.995843172073364258e-01
2.461082085675498936e+06 9.997751712799072266e-01
2.461082085741637275e+06 9.978311061859130859e-01
2.461082085807776079e+06 9.995956420898437500e-01
2.461082085873914883e+06 9.990780949592590332e-01
2.461082085940053686e+06 9.978311061859130859e-01
2.461082086006192025e+06 9.995762705802917480e-01
2.461082086072330829e+06 1.000435113906860352e+00
2.461082086138469633e+06 1.000050187110900879e+00
2.461082086204607971e+06 9.992479085922241211e-01
2.461082086270746775e+06 9.992511868476867676e-01
2.461082086336885579e+06 9.978682994842529297e-01
2.461082086403023917e+06 9.994953870773315430e-01
2.461082086469162721e+06 9.985799789428710938e-01
2.461082086535301525e+06 9.988500475883483887e-01
2.461082086601439863e+06 9.988225698471069336e-01
2.461082086667578667e+06 9.977049827575683594e-01
2.461082086733717471e+06 9.997088909149169922e-01
2.461082086799856275e+06 9.983243942260742188e-01
2.461082086865994614e+06 9.998091459274291992e-01
2.461082086932133418e+06 9.995471239089965820e-01
2.461082086998272222e+06 9.997493028640747070e-01
2.461082087064410560e+06 9.984732270240783691e-01
2.461082087130549364e+06 9.991573691368103027e-01
2.461082087196688168e+06 9.990845918655395508e-01
2.461082087262826506e+06 9.989082813262939453e-01
2.461082087328965310e+06 9.989923834800720215e-01
2.461082087395104114e+06 9.998932480812072754e-01
2.461082087461242918e+06 1.000077605247497559e+00
2.461082087527381256e+06 9.998399019241333008e-01
2.461082087593520060e+06 9.995260834693908691e-01
2.461082087659658864e+06 1.000368714332580566e+00
2.461082087725797202e+06 9.998269677162170410e-01
2.461082087791936006e+06 1.000257134437561035e+00
2.461082087858074810e+06 1.000129342079162598e+00
2.461082087924213149e+06 9.995051026344299316e-01
2.461082087990351953e+06 9.990150332450866699e-01
2.461082088056490757e+06 9.992834925651550293e-01
2.461082088122629561e+06 9.988775253295898438e-01
2.461082088188767899e+06 9.989762306213378906e-01
2.461082088254906703e+06 1.000420570373535156e+00
2.461082088321045507e+06 1.000265240669250488e+00
2.461082088387183845e+06 9.991864562034606934e-01
2.461082088453322649e+06 9.998334050178527832e-01
2.461082088519461453e+06 9.994630217552185059e-01
2.461082088585599791e+06 9.999077916145324707e-01
2.461082088651738595e+06 9.997719526290893555e-01
2.461082088717877399e+06 9.995341897010803223e-01
2.461082088784016203e+06 9.989810585975646973e-01
2.461082088850154541e+06 9.987950325012207031e-01
2.461082088916293345e+06 9.984683394432067871e-01
2.461082088982432149e+06 1.000598430633544922e+00
2.461082089048570488e+06 9.990813136100769043e-01
2.461082089114709292e+06 1.000677704811096191e+00
2.461082089180848096e+06 9.983001351356506348e-01
2.461082089246986434e+06 9.996975660324096680e-01
2.461082089313125238e+06 9.990522265434265137e-01
2.461082089379264042e+06 9.995600581169128418e-01
2.461082089445402846e+06 1.001484751701354980e+00
2.461082089511541184e+06 9.992317557334899902e-01
2.461082089577679988e+06 9.991945624351501465e-01
2.461082089643818792e+06 9.986672997474670410e-01
2.461082089709957130e+06 9.991573691368103027e-01
2.461082089776095934e+06 1.001348853111267090e+00
2.461082089842234738e+06 9.988840222358703613e-01
2.461082089908373076e+06 9.991589784622192383e-01
2.461082089974511880e+06 9.989891648292541504e-01
2.461082090040650684e+06 9.979103803634643555e-01
2.461082090106789488e+06 9.988322854042053223e-01
2.461082090172927827e+06 9.981740117073059082e-01
2.461082090239066631e+06 1.000481963157653809e+00
2.461082090305205435e+06 9.985492229461669922e-01
2.461082090371343773e+06 9.990392923355102539e-01
2.461082090437482577e+06 9.983648657798767090e-01
2.461082090503621381e+06 9.995455145835876465e-01
2.461082090569759719e+06 9.986478686332702637e-01
2.461082090635898523e+06 9.986705183982849121e-01
2.461082090702037327e+06 9.993336200714111328e-01
2.461082090768176131e+06 9.985702633857727051e-01
2.461082090834314469e+06 9.986220002174377441e-01
2.461082090900453273e+06 9.998544454574584961e-01
2.461082090966592077e+06 9.982953071594238281e-01
2.461082091032730415e+06 9.982451796531677246e-01
2.461082091098869219e+06 1.000110030174255371e+00
2.461082091165008023e+06 9.985314011573791504e-01
2.461082091231146362e+06 9.993255734443664551e-01
2.461082091297285166e+06 9.986979961395263672e-01
2.461082091363423970e+06 9.977243542671203613e-01
2.461082091429562308e+06 1.000202178955078125e+00
2.461082091495701112e+06 9.995260834693908691e-01
2.461082091561839916e+06 1.000074386596679688e+00
2.461082091627978720e+06 9.991508722305297852e-01
2.461082091694117058e+06 9.987578392028808594e-01
2.461082091760255862e+06 9.992608428001403809e-01
2.461082091826394666e+06 9.986672997474670410e-01
2.461082091892533004e+06 9.991735219955444336e-01
2.461082091958671808e+06 9.992560148239135742e-01
2.461082092024810612e+06 1.000399470329284668e+00
2.461082092090948950e+06 9.983971714973449707e-01
2.461082092157087754e+06 9.980979561805725098e-01
2.461082092223226558e+06 9.985201358795166016e-01
2.461082092289365362e+06 9.988516569137573242e-01
2.461082092355503701e+06 9.978796243667602539e-01
2.461082092421642505e+06 9.989584088325500488e-01
2.461082092487781309e+06 9.986624121665954590e-01
2.461082092553919647e+06 9.999498724937438965e-01
2.461082092620058451e+06 9.996474385261535645e-01
2.461082092686197255e+06 9.987044930458068848e-01
2.461082092752335593e+06 9.986786246299743652e-01
2.461082092818474397e+06 9.990829229354858398e-01
2.461082092884613201e+06 9.985168576240539551e-01
2.461082092950752005e+06 9.993158578872680664e-01
2.461082093016890343e+06 9.982273578643798828e-01
2.461082093083029147e+06 9.977356791496276855e-01
2.461082093149167951e+06 9.985492229461669922e-01
2.461082093215306289e+06 9.988047480583190918e-01
2.461082093281445093e+06 9.996231794357299805e-01
2.461082093347583897e+06 9.986155033111572266e-01
2.461082093413722236e+06 1.000447988510131836e+00
2.461082093479861040e+06 9.997574090957641602e-01
2.461082093545999844e+06 1.000022649765014648e+00
2.461082093612138648e+06 9.983114600181579590e-01
2.461082093678276986e+06 9.984619021415710449e-01
2.461082093744415790e+06 9.991993904113769531e-01
2.461082093810554594e+06 9.984101057052612305e-01
2.461082093876692932e+06 9.991039633750915527e-01
2.461082093942831736e+06 1.000304102897644043e+00
2.461082094008970540e+06 9.989389777183532715e-01
2.461082094075108878e+06 9.990699887275695801e-01
2.461082094141247682e+06 9.985718727111816406e-01
2.461082094207386486e+06 9.992592334747314453e-01
2.461082094273525290e+06 9.990683794021606445e-01
2.461082094339663628e+06 9.983066320419311523e-01
2.461082094405802432e+06 9.990991353988647461e-01
2.461082094471941236e+06 9.995115399360656738e-01
2.461082094538079575e+06 9.971243143081665039e-01
2.461082094604218379e+06 9.994371533393859863e-01
2.461082094670357183e+06 9.990118145942687988e-01
2.461082094736495521e+06 9.992414712905883789e-01
2.461082094802634325e+06 9.987012743949890137e-01
2.461082094868773129e+06 9.982807636260986328e-01
2.461082094934911467e+06 9.989956021308898926e-01
2.461082095001050271e+06 9.986527562141418457e-01
2.461082095067189075e+06 9.989535808563232422e-01
2.461082095133327879e+06 9.993401169776916504e-01
2.461082095199466217e+06 9.989034533500671387e-01
2.461082095265605021e+06 9.993222951889038086e-01
2.461082095331743825e+06 9.990926384925842285e-01
2.461082095397882164e+06 9.996345043182373047e-01
2.461082095464020967e+06 9.989519715309143066e-01
2.461082095530159771e+06 9.998301863670349121e-01
2.461082095596298110e+06 9.993077516555786133e-01
2.461082095662436914e+06 9.989034533500671387e-01
2.461082095728575718e+06 9.984699487686157227e-01
2.461082095794714522e+06 9.999579191207885742e-01
2.461082095860852860e+06 9.994484782218933105e-01
2.461082095926991664e+06 9.982435107231140137e-01
2.461082095993130468e+06 9.974736571311950684e-01
2.461082096059268806e+06 9.988031387329101562e-01
2.461082096125407610e+06 9.995697736740112305e-01
2.461082096191546414e+06 9.987351894378662109e-01
2.461082096257684752e+06 9.991573691368103027e-01
2.461082096323823556e+06 9.981998801231384277e-01
2.461082096389962360e+06 9.980187416076660156e-01
2.461082096456101164e+06 9.999660253524780273e-01
2.461082096522239503e+06 9.990037083625793457e-01
2.461082096588378306e+06 9.990845918655395508e-01
2.461082096654517110e+06 9.988726973533630371e-01
2.461082096720655449e+06 9.979442954063415527e-01
2.461082096786794253e+06 9.993271827697753906e-01
2.461082096852933057e+06 9.994598031044006348e-01
2.461082096919071395e+06 9.986721277236938477e-01
2.461082096985210199e+06 9.981756210327148438e-01
2.461082097051349003e+06 9.993417263031005859e-01
2.461082097117487807e+06 9.985880255699157715e-01
2.461082097183626145e+06 9.973847270011901855e-01
2.461082097249764949e+06 1.000144004821777344e+00
2.461082097315903753e+06 9.978472590446472168e-01
2.461082097382042091e+06 9.983518719673156738e-01
2.461082097448180895e+06 9.987449049949645996e-01
2.461082097514319699e+06 9.996457695960998535e-01
2.461082097580458038e+06 9.991993904113769531e-01
2.461082097646596842e+06 9.993724822998046875e-01
2.461082097712735645e+06 9.987707734107971191e-01
2.461082097778874449e+06 9.979054927825927734e-01
2.461082097845012788e+06 9.989665150642395020e-01
2.461082097911151592e+06 9.993433356285095215e-01
2.461082097977290396e+06 9.979119896888732910e-01
2.461082098043428734e+06 9.985848069190979004e-01
2.461082098109567538e+06 9.994339346885681152e-01
2.461082098175706342e+06 9.980187416076660156e-01
2.461082098241844680e+06 9.999191164970397949e-01
2.461082098307983484e+06 9.995212554931640625e-01
2.461082098374122288e+06 9.982710480690002441e-01
2.461082098440260626e+06 9.994339346885681152e-01
2.461082098506399430e+06 1.000014543533325195e+00
2.461082098572538234e+06 9.991993904113769531e-01
2.461082098638677038e+06 1.000009655952453613e+00
2.461082098704815377e+06 9.980850219726562500e-01
2.461082098770954181e+06 9.987432956695556641e-01
2.461082098837092984e+06 9.991282224655151367e-01
2.461082098903231323e+06 9.997574090957641602e-01
2.461082098969370127e+06 1.000185966491699219e+00
2.461082099035508931e+06 9.985686540603637695e-01
2.461082099101647735e+06 9.996150732040405273e-01
2.461082099167786073e+06 9.999061822891235352e-01
2.461082099233924877e+06 9.988791346549987793e-01
2.461082099300063681e+06 9.998657703399658203e-01
2.461082099366202019e+06 9.985443949699401855e-01
2.461082099432340823e+06 1.000011324882507324e+00
2.461082099498479627e+06 9.999126791954040527e-01
2.461082099564617965e+06 9.988937377929687500e-01
2.461082099630756769e+06 9.993368983268737793e-01
2.461082099696895573e+06 9.993546605110168457e-01
2.461082099763033912e+06 9.984020590782165527e-01
2.461082099829172716e+06 9.985088109970092773e-01
2.461082099895311520e+06 9.999628067016601562e-01
2.461082099961450323e+06 9.990732669830322266e-01
2.461082100027588662e+06 9.995325803756713867e-01
2.461082100093727466e+06 9.990683794021606445e-01
2.461082100159866270e+06 9.999207258224487305e-01
2.461082100226004608e+06 9.982435107231140137e-01
2.461082100292143412e+06 9.984456896781921387e-01
2.461082100358282216e+06 9.988371133804321289e-01
2.461082100424420554e+06 9.996830224990844727e-01
2.461082100490559358e+06 9.992301464080810547e-01
2.461082100556698162e+06 9.995520114898681641e-01
2.461082100622836966e+06 9.994161128997802734e-01
2.461082100688975304e+06 9.989406466484069824e-01
2.461082100755114108e+06 9.993482232093811035e-01
2.461082100821252912e+06 9.994306564331054688e-01
2.461082100887391251e+06 9.993142485618591309e-01
2.461082100953530055e+06 9.992834925651550293e-01
2.461082101019668858e+06 9.987481832504272461e-01
2.461082101085807197e+06 9.990101456642150879e-01
2.461082101151946001e+06 9.992883801460266113e-01
2.461082101218084805e+06 9.984780550003051758e-01
2.461082101284223609e+06 9.994937777519226074e-01
2.461082101350361947e+06 9.986705183982849121e-01
2.461082101416500751e+06 9.987432956695556641e-01
2.461082101482639555e+06 9.997784495353698730e-01
2.461082101548777893e+06 9.977987408638000488e-01
2.461082101614916697e+06 9.983114600181579590e-01
2.461082101681055501e+06 9.989163875579833984e-01
2.461082101747193839e+06 9.997493028640747070e-01
2.461082101813332643e+06 9.993692040443420410e-01
2.461082101879471447e+06 9.987853765487670898e-01
2.461082101945610251e+06 9.978909492492675781e-01
2.461082102011748590e+06 9.986818432807922363e-01
2.461082102077887394e+06 9.992705583572387695e-01
2.461082102144026197e+06 9.979540109634399414e-01
2.461082102210164536e+06 9.999482631683349609e-01
2.461082102276303340e+06 9.985621571540832520e-01
2.461082102342442144e+06 9.988953471183776855e-01
2.461082102408580482e+06 9.991848468780517578e-01
2.461082102474719286e+06 9.986850619316101074e-01
2.461082102540858090e+06 9.998091459274291992e-01
2.461082102606996428e+06 9.998528361320495605e-01
2.461082102673135232e+06 9.985330700874328613e-01
2.461082102739274036e+06 9.993659853935241699e-01
2.461082102805412840e+06 9.992964267730712891e-01
2.461082102871551178e+06 9.991072416305541992e-01
2.461082102937689982e+06 9.994452595710754395e-01
2.461082103003828786e+06 9.993805289268493652e-01
2.461082103069967125e+06 9.983696937561035156e-01
2.461082103136105929e+06 9.994339346885681152e-01
2.461082103202244733e+06 9.987497925758361816e-01
2.461082103268383071e+06 9.991185069084167480e-01
2.461082103334521875e+06 9.995212554931640625e-01
2.461082103400660679e+06 9.985023140907287598e-01
2.461082103466799483e+06 9.992948174476623535e-01
2.461082103532937821e+06 9.986802339553833008e-01
2.461082103599076625e+06 9.996490478515625000e-01
2.461082103665215429e+06 9.991363286972045898e-01
2.461082103731353767e+06 9.981028437614440918e-01
2.461082103797492571e+06 9.990327954292297363e-01
2.461082103863631375e+06 9.990490078926086426e-01
2.461082103929769713e+06 9.991088509559631348e-01
2.461082103995908517e+06 9.979798793792724609e-01
2.461082104062047321e+06 1.000108361244201660e+00
2.461082104128186125e+06 9.990667700767517090e-01
2.461082104194324464e+06 9.990910291671752930e-01
2.461082104260463268e+06 9.995536208152770996e-01
2.461082104326602072e+06 9.996894598007202148e-01
2.461082104392740410e+06 9.985297918319702148e-01
2.461082104458879214e+06 9.981254935264587402e-01
2.461082104525018018e+06 9.993093609809875488e-01
2.461082104591156356e+06 9.999644160270690918e-01
2.461082104657295160e+06 9.993918538093566895e-01
2.461082104723433964e+06 9.992009997367858887e-01
2.461082104789572768e+06 9.996247887611389160e-01
2.461082104855711106e+06 9.980559349060058594e-01
2.461082104921849910e+06 9.989649057388305664e-01
2.461082104987988714e+06 9.996635913848876953e-01
2.461082105054127052e+06 9.985686540603637695e-01
2.461082105120265856e+06 1.000446438789367676e+00
2.461082105186404660e+06 9.994904994964599609e-01
2.461082105252542999e+06 9.979313611984252930e-01
2.461082105318681803e+06 1.000250697135925293e+00
2.461082105384820607e+06 9.992560148239135742e-01
2.461082105450959411e+06 9.987432956695556641e-01
2.461082105517097749e+06 9.992139339447021484e-01
2.461082105583236553e+06 9.989858865737915039e-01
2.461082105649375357e+06 9.992042779922485352e-01
2.461082105715513695e+06 9.981594085693359375e-01
2.461082105781652499e+06 9.990991353988647461e-01
2.461082105847791303e+06 9.994323253631591797e-01
2.461082105913929641e+06 9.995762705802917480e-01
2.461082105980068445e+06 9.991104602813720703e-01
2.461082106046207249e+06 9.987497925758361816e-01
2.461082106112346053e+06 9.997347593307495117e-01
2.461082106178484391e+06 9.985152482986450195e-01
2.461082106244623195e+06 9.986866712570190430e-01
2.461082106310761999e+06 9.977744817733764648e-01
2.461082106376900338e+06 9.982726573944091797e-01
2.461082106443039142e+06 9.987432956695556641e-01
2.461082106509177946e+06 9.992414712905883789e-01
2.461082106575316284e+06 9.985427260398864746e-01
2.461082106641455088e+06 9.992997050285339355e-01
2.461082106707593892e+06 9.989600181579589844e-01
2.461082106773732230e+06 9.989438652992248535e-01
2.461082106839871034e+06 9.990813136100769043e-01
2.461082106906009838e+06 9.990118145942687988e-01
2.461082106972148642e+06 9.995309710502624512e-01
2.461082107038286980e+06 9.988888502120971680e-01
2.461082107104425784e+06 9.997105002403259277e-01
2.461082107170564588e+06 9.991492629051208496e-01
2.461082107236702926e+06 9.993724822998046875e-01
2.461082107302841730e+06 9.988953471183776855e-01
2.461082107368980534e+06 9.982257485389709473e-01
2.461082107435118873e+06 9.978262782096862793e-01
2.461082107501257677e+06 9.994662404060363770e-01
2.461082107567396481e+06 1.000245809555053711e+00
2.461082107633535285e+06 9.982710480690002441e-01
2.461082107699673623e+06 1.000219941139221191e+00
2.461082107765812427e+06 9.985750913619995117e-01
2.461082107831951231e+06 9.997121095657348633e-01
2.461082107898089569e+06 9.974057674407958984e-01
2.461082107964228373e+06 9.981125593185424805e-01
2.461082108030367177e+06 9.996457695960998535e-01
2.461082108096505515e+06 9.976418614387512207e-01
2.461082108162644319e+06 9.977744817733764648e-01
2.461082108228783123e+06 9.987109303474426270e-01
2.461082108294921927e+06 9.983745217323303223e-01
2.461082108361060265e+06 9.998625516891479492e-01
2.461082108427199069e+06 9.988031387329101562e-01
2.461082108493337873e+06 9.983146786689758301e-01
2.461082108559476212e+06 9.998139739036560059e-01
2.461082108625615016e+06 9.989357590675354004e-01
2.461082108691753820e+06 9.981448650360107422e-01
2.461082108757892158e+06 9.990376830101013184e-01
2.461082108824030962e+06 9.996603727340698242e-01
2.461082108890169766e+06 9.990862011909484863e-01
2.461082108956308570e+06 9.985346794128417969e-01
2.461082109022446908e+06 9.986220002174377441e-01
2.461082109088585712e+06 9.991751313209533691e-01
2.461082109154724516e+06 1.000446438789367676e+00
2.461082109220862854e+06 9.979152083396911621e-01
2.461082109287001658e+06 9.984311461448669434e-01
2.461082109353140462e+06 9.994986057281494141e-01
2.461082109419278800e+06 9.987319707870483398e-01
2.461082109485417604e+06 9.989454746246337891e-01
2.461082109551556408e+06 9.993838071823120117e-01
2.461082109617695212e+06 9.989519715309143066e-01
2.461082109683833551e+06 9.977146387100219727e-01
2.461082109749972355e+06 9.980769753456115723e-01
2.461082109816111159e+06 9.978472590446472168e-01
2.461082109882249497e+06 9.992834925651550293e-01
2.461082109948388301e+06 9.997347593307495117e-01
2.461082110014527105e+06 9.987432956695556641e-01
2.461082110080665443e+06 9.984635114669799805e-01
2.461082110146804247e+06 9.987335801124572754e-01
2.461082110212943051e+06 9.987044930458068848e-01
2.461082110279081389e+06 9.996053576469421387e-01
2.461082110345220193e+06 9.983114600181579590e-01
2.461082110411358997e+06 9.983842372894287109e-01
2.461082110477497801e+06 9.987740516662597656e-01
2.461082110543636139e+06 9.981044530868530273e-01
2.461082110609774943e+06 9.990004897117614746e-01
2.461082110675913747e+06 9.993498325347900391e-01
2.461082110742052086e+06 9.986737370491027832e-01
2.461082110808190890e+06 9.981044530868530273e-01
2.461082110874329694e+06 9.999725222587585449e-01
2.461082110940468032e+06 9.990506172180175781e-01
2.461082111006606836e+06 9.990764856338500977e-01
2.461082111072745640e+06 9.990085363388061523e-01
2.461082111138884444e+06 9.991864562034606934e-01
2.461082111205022782e+06 9.979524016380310059e-01
2.461082111271161586e+06 9.989114999771118164e-01
2.461082111337300390e+06 9.996425509452819824e-01
2.461082111403438728e+06 1.000087380409240723e+00
2.461082111469577532e+06 9.993562698364257812e-01
2.461082111535716336e+06 9.994824528694152832e-01
2.461082111601854675e+06 9.981480836868286133e-01
2.461082111667993478e+06 9.984311461448669434e-01
2.461082111734132282e+06 9.987772703170776367e-01
2.461082111800271086e+06 9.993287920951843262e-01
2.461082111866409425e+06 9.990150332450866699e-01
2.461082111932548229e+06 9.984101057052612305e-01
2.461082111998687033e+06 9.991913437843322754e-01
2.461082112064825371e+06 9.978246092796325684e-01
2.461082112130964175e+06 9.991088509559631348e-01
2.461082112197102979e+06 9.998657703399658203e-01
2.461082112263241317e+06 9.996878504753112793e-01
2.461082112329380121e+06 9.985249638557434082e-01
2.461082112395518925e+06 1.000134229660034180e+00
2.461082112461657729e+06 9.989778399467468262e-01
2.461082112527796067e+06 9.984861612319946289e-01
2.461082112593934871e+06 9.982532262802124023e-01
2.461082112660073675e+06 9.985977411270141602e-01
2.461082112726212014e+06 9.994533061981201172e-01
2.461082112792350817e+06 9.999401569366455078e-01
2.461082112858489621e+06 1.000137448310852051e+00
2.461082112924627960e+06 9.988791346549987793e-01
2.461082112990766764e+06 9.990683794021606445e-01
2.461082113056905568e+06 9.993805289268493652e-01
2.461082113123044372e+06 9.987578392028808594e-01
2.461082113189182710e+06 9.993659853935241699e-01
2.461082113255321514e+06 9.984214305877685547e-01
2.461082113321460318e+06 1.000121355056762695e+00
2.461082113387598656e+06 9.982953071594238281e-01
2.461082113453737460e+06 9.987287521362304688e-01
2.461082113519876264e+06 9.985427260398864746e-01
2.461082113586014602e+06 9.999983906745910645e-01
2.461082113652153406e+06 9.990020990371704102e-01
2.461082113718292210e+06 9.995600581169128418e-01
2.461082113784430549e+06 9.985831975936889648e-01
2.461082113850569353e+06 1.000291109085083008e+00
2.461082113916708156e+06 9.988953471183776855e-01
2.461082113982846960e+06 9.991120696067810059e-01
2.461082114048985299e+06 9.993498325347900391e-01
2.461082114115124103e+06 9.984812736511230469e-01
2.461082114181262907e+06 9.990651607513427734e-01
2.461082114247401245e+06 1.000417232513427734e+00
2.461082114313540049e+06 9.992802739143371582e-01
2.461082114379678853e+06 9.981497526168823242e-01
2.461082114445817191e+06 9.992544054985046387e-01
2.461082114511955995e+06 9.989729523658752441e-01
2.461082114578094799e+06 9.992802739143371582e-01
2.461082114644233603e+06 9.999902844429016113e-01
2.461082114710371941e+06 9.985023140907287598e-01
2.461082114776510745e+06 9.988856315612792969e-01
2.461082114842649549e+06 9.993336200714111328e-01
2.461082114908787888e+06 9.995762705802917480e-01
2.461082114974926692e+06 9.995455145835876465e-01
2.461082115041065495e+06 9.981335401535034180e-01
2.461082115107203834e+06 9.979394674301147461e-01
2.461082115173342638e+06 9.990538358688354492e-01
2.461082115239481442e+06 9.998172521591186523e-01
2.461082115305620246e+06 9.984699487686157227e-01
2.461082115371758584e+06 9.979265332221984863e-01
2.461082115437897388e+06 9.984230399131774902e-01
2.461082115504036192e+06 1.000354170799255371e+00
2.461082115570174530e+06 9.984780550003051758e-01
2.461082115636313334e+06 9.982467889785766602e-01
2.461082115702452138e+06 9.973523616790771484e-01
2.461082115768590476e+06 9.981691241264343262e-01
2.461082115834729280e+06 1.000088930130004883e+00
2.461082115900868084e+06 9.996263980865478516e-01
2.461082115967006888e+06 1.000574111938476562e+00
2.461082116033145227e+06 9.994937777519226074e-01
2.461082116099284030e+06 9.993222951889038086e-01
2.461082116165422834e+06 9.992026090621948242e-01
2.461082116231561173e+06 1.000359058380126953e+00
2.461082116297699977e+06 9.993951320648193359e-01
2.461082116363838781e+06 9.989535808563232422e-01
2.461082116429977119e+06 9.990376830101013184e-01
2.461082116496115923e+06 9.999854564666748047e-01
2.461082116562254727e+06 9.997121095657348633e-01
2.461082116628393531e+06 9.985718727111816406e-01
2.461082116694531869e+06 9.982112050056457520e-01
2.461082116760670673e+06 9.983923435211181641e-01
2.461082116826809477e+06 9.988743066787719727e-01
2.461082116892947815e+06 9.982904195785522461e-01
2.461082116959086619e+06 9.983422160148620605e-01
2.461082117025225423e+06 9.989616274833679199e-01
2.461082117091363762e+06 9.998964667320251465e-01
2.461082117157502566e+06 9.979265332221984863e-01
2.461082117223641369e+06 9.995746612548828125e-01
2.461082117289779708e+06 9.989600181579589844e-01
2.461082117355918512e+06 9.992414712905883789e-01
2.461082117422057316e+06 9.977890849113464355e-01
2.461082117488196120e+06 9.999595880508422852e-01
2.461082117554334458e+06 9.988452196121215820e-01
2.461082117620473262e+06 9.994808435440063477e-01
2.461082117686612066e+06 9.988225698471069336e-01
2.461082117752750404e+06 9.983114600181579590e-01
2.461082117818889208e+06 1.000185966491699219e+00
2.461082117885028012e+06 9.989163875579833984e-01
2.461082117951166350e+06 9.972342848777770996e-01
2.461082118017305154e+06 9.990813136100769043e-01
2.461082118083443958e+06 9.991088509559631348e-01
2.461082118149582762e+06 9.994403719902038574e-01
2.461082118215721101e+06 9.988888502120971680e-01
2.461082118281859905e+06 9.976338148117065430e-01
2.461082118347998708e+06 9.991039633750915527e-01
2.461082118414137047e+06 9.977243542671203613e-01
2.461082118480275851e+06 9.998399019241333008e-01
2.461082118546414655e+06 9.987400770187377930e-01
2.461082118612552993e+06 9.996490478515625000e-01
2.461082118678691797e+06 9.989600181579589844e-01
2.461082118744830601e+06 9.976354241371154785e-01
2.461082118810969405e+06 9.999175071716308594e-01
2.461082118877107743e+06 9.987239241600036621e-01
2.461082118943246547e+06 1.000059843063354492e+00
2.461082119009385351e+06 9.979669451713562012e-01
2.461082119075523689e+06 9.998431205749511719e-01
2.461082119141662493e+06 9.992220401763916016e-01
2.461082119207801297e+06 9.984198212623596191e-01
2.461082119273939636e+06 9.982613325119018555e-01
2.461082119340078440e+06 9.995374083518981934e-01
2.461082119406217244e+06 9.988355040550231934e-01
2.461082119472356047e+06 9.990263581275939941e-01
2.461082119538494386e+06 9.989373683929443359e-01
2.461082119604633190e+06 9.993546605110168457e-01
2.461082119670771994e+06 9.994581937789916992e-01
2.461082119736910332e+06 9.983325004577636719e-01
2.461082119803049136e+06 9.984182119369506836e-01
2.461082119869187940e+06 9.995746612548828125e-01
2.461082119935326278e+06 9.990878105163574219e-01
2.461082120001465082e+06 9.987967014312744141e-01
2.461082120067603886e+06 9.990166425704956055e-01
2.461082120133742690e+06 9.989923834800720215e-01
2.461082120199881028e+06 9.981659054756164551e-01
2.461082120266019832e+06 9.996570944786071777e-01
2.461082120332158636e+06 9.983874559402465820e-01
2.461082120398296975e+06 9.985556602478027344e-01
2.461082120464435779e+06 9.990311861038208008e-01
2.461082120530574583e+06 9.984472990036010742e-01
2.461082120596712921e+06 9.991540908813476562e-01
2.461082120662851725e+06 9.991508722305297852e-01
2.461082120728990529e+06 9.989842772483825684e-01
2.461082120795128867e+06 9.984602928161621094e-01
2.461082120861267671e+06 9.990150332450866699e-01
2.461082120927406475e+06 9.983923435211181641e-01
2.461082120993545279e+06 1.000291109085083008e+00
2.461082121059683617e+06 9.998819231986999512e-01
2.461082121125822421e+06 9.987416863441467285e-01
2.461082121191961225e+06 9.985767006874084473e-01
2.461082121258099563e+06 9.984780550003051758e-01
2.461082121324238367e+06 9.986494779586791992e-01
2.461082121390377171e+06 9.974785447120666504e-01
2.461082121456515510e+06 9.994500875473022461e-01
2.461082121522654314e+06 9.988257884979248047e-01
2.461082121588793118e+06 9.985945224761962891e-01
2.461082121654931922e+06 9.997153282165527344e-01
2.461082121721070260e+06 9.988322854042053223e-01
2.461082121787209064e+06 1.000008106231689453e+00
2.461082121853347868e+06 9.985524415969848633e-01
2.461082121919486206e+06 9.984166026115417480e-01
2.461082121985625010e+06 9.979249238967895508e-01
2.461082122051763814e+06 9.984360337257385254e-01
2.461082122117902152e+06 9.987804889678955078e-01
2.461082122184040956e+06 9.985071420669555664e-01
2.461082122250179760e+06 9.997525215148925781e-01
2.461082122316318564e+06 9.989147186279296875e-01
2.461082122382456902e+06 9.995406866073608398e-01
2.461082122448595706e+06 9.984456896781921387e-01
2.461082122514734510e+06 9.987061023712158203e-01
2.461082122580872849e+06 9.987174272537231445e-01
2.461082122647011653e+06 9.991411566734313965e-01
2.461082122713150457e+06 9.974575042724609375e-01
2.461082122779288795e+06 9.981335401535034180e-01
2.461082122845427599e+06 9.984861612319946289e-01
2.461082122911566403e+06 9.993304014205932617e-01
2.461082122977705207e+06 9.982904195785522461e-01
2.461082123043843545e+06 9.991444349288940430e-01
2.461082123109982349e+06 9.979200363159179688e-01
2.461082123176121153e+06 9.996894598007202148e-01
2.461082123242259491e+06 9.984828829765319824e-01
2.461082123308398295e+06 1.000126123428344727e+00
2.461082123374537099e+06 1.000198960304260254e+00
2.461082123440675437e+06 9.984715580940246582e-01
2.461082123506814241e+06 9.997784495353698730e-01
2.461082123572953045e+06 9.994630217552185059e-01
2.461082123639091384e+06 9.975044131278991699e-01
2.461082123705230188e+06 9.976305365562438965e-01
2.461082123771368992e+06 9.984667301177978516e-01
2.461082123837507796e+06 1.000101923942565918e+00
2.461082123903646134e+06 9.991363286972045898e-01
2.461082123969784938e+06 9.999709129333496094e-01
2.461082124035923742e+06 9.984635114669799805e-01
2.461082124102062080e+06 9.993239641189575195e-01
2.461082124168200884e+06 9.987853765487670898e-01
2.461082124234339688e+06 9.999353289604187012e-01
2.461082124300478026e+06 9.977793693542480469e-01
2.461082124366616830e+06 9.992997050285339355e-01
2.461082124432755634e+06 9.975076317787170410e-01
2.461082124498894438e+06 9.987158179283142090e-01
2.461082124565032776e+06 9.993838071823120117e-01
2.461082124631171580e+06 9.990425109863281250e-01
2.461082124697310384e+06 9.991168975830078125e-01
2.461082124763448723e+06 9.992641210556030273e-01
2.461082124829587527e+06 9.987772703170776367e-01
2.461082124895726331e+06 1.000782847404479980e+00
2.461082124961864669e+06 9.986866712570190430e-01
2.461082125028003473e+06 9.979653358459472656e-01
2.461082125094142277e+06 9.995471239089965820e-01
2.461082125160281081e+06 9.989681243896484375e-01
2.461082125226419419e+06 9.989147186279296875e-01
2.461082125292558223e+06 9.989147186279296875e-01
2.461082125358697027e+06 9.987546205520629883e-01
2.461082125424835365e+06 9.996538758277893066e-01
2.461082125490974169e+06 9.995794892311096191e-01
2.461082125557112973e+06 9.998803138732910156e-01
2.461082125623251311e+06 9.985023140907287598e-01
2.461082125689390115e+06 9.997444748878479004e-01
2.461082125755528919e+06 9.993110299110412598e-01
2.461082125821667723e+06 9.993902444839477539e-01
2.461082125887806062e+06 9.983130693435668945e-01
2.461082125953944866e+06 9.998819231986999512e-01
2.461082126020083670e+06 9.976887702941894531e-01
2.461082126086222008e+06 9.988872408866882324e-01
2.461082126152360812e+06 9.985411167144775391e-01
2.461082126218499616e+06 9.987125992774963379e-01
2.461082126284637954e+06 1.001049637794494629e+00
2.461082126350776758e+06 9.986979961395263672e-01
2.461082126416915562e+06 9.986106753349304199e-01
2.461082126483053900e+06 1.000459313392639160e+00
2.461082126549192704e+06 9.992592334747314453e-01
2.461082126615331508e+06 9.978440403938293457e-01
2.461082126681470312e+06 9.993627667427062988e-01
2.461082126747608650e+06 9.988355040550231934e-01
2.461082126813747454e+06 9.998236894607543945e-01
2.461082126879886258e+06 9.987351894378662109e-01
2.461082126946024597e+06 9.993029236793518066e-01
2.461082127012163401e+06 9.991266131401062012e-01
2.461082127078302205e+06 9.979605078697204590e-01
2.461082127144440543e+06 9.999967813491821289e-01
2.461082127210579347e+06 1.000139117240905762e+00
2.461082127276718151e+06 9.983033537864685059e-01
2.461082127342856955e+06 9.995956420898437500e-01
2.461082127408995293e+06 9.987627267837524414e-01
2.461082127475134097e+06 9.994274377822875977e-01
2.461082127541272901e+06 9.983874559402465820e-01
2.461082127607411239e+06 9.986138939857482910e-01
2.461082127673550043e+06 9.999741315841674805e-01
2.461082127739688847e+06 9.987222552299499512e-01
2.461082127805827186e+06 9.987514019012451172e-01
2.461082127871965989e+06 9.987853765487670898e-01
2.461082127938104793e+06 9.988031387329101562e-01
2.461082128004243597e+06 9.991751313209533691e-01
2.461082128070381936e+06 9.989001750946044922e-01
2.461082128136520740e+06 9.990392923355102539e-01
2.461082128202659544e+06 9.981577992439270020e-01
2.461082128268797882e+06 9.993206858634948730e-01
2.461082128334936686e+06 9.987562298774719238e-01
2.461082128401075490e+06 9.985912442207336426e-01
2.461082128467213828e+06 9.981400370597839355e-01
2.461082128533352632e+06 9.983389377593994141e-01
2.461082128599491436e+06 9.986138939857482910e-01
2.461082128665630240e+06 9.995972514152526855e-01
2.461082128731768578e+06 9.989600181579589844e-01
2.461082128797907382e+06 9.982192516326904297e-01
2.461082128864046186e+06 9.982305765151977539e-01
2.461082128930184525e+06 9.993061423301696777e-01
2.461082128996323328e+06 9.986640810966491699e-01
2.461082129062462132e+06 9.990376830101013184e-01
2.461082129128600471e+06 9.994695186614990234e-01
2.461082129194739275e+06 9.988015294075012207e-01
2.461082129260878079e+06 9.991185069084167480e-01
2.461082129327016883e+06 9.983955621719360352e-01
2.461082129393155221e+06 9.994792342185974121e-01
2.461082129459294025e+06 9.994242191314697266e-01
2.461082129525432829e+06 9.993385076522827148e-01
2.461082129591571167e+06 9.985443949699401855e-01
2.461082129657709971e+06 9.985831975936889648e-01
2.461082129723848775e+06 9.989551901817321777e-01
2.461082129789987113e+06 9.997493028640747070e-01
2.461082129856125917e+06 9.996490478515625000e-01
2.461082129922264721e+06 9.997590184211730957e-01
2.461082129988403060e+06 9.992398619651794434e-01
2.461082130054541864e+06 9.993514418601989746e-01
2.461082130120680667e+06 9.986818432807922363e-01
2.461082130186819471e+06 9.986398220062255859e-01
2.461082130252957810e+06 9.987303614616394043e-01
2.461082130319096614e+06 9.988888502120971680e-01
2.461082130385235418e+06 9.993999600410461426e-01
2.461082130451373756e+06 9.982597231864929199e-01
2.461082130517512560e+06 9.983518719673156738e-01
2.461082130583651364e+06 9.991540908813476562e-01
2.461082130649789702e+06 9.990134239196777344e-01
2.461082130715928506e+06 9.995827078819274902e-01
2.461082130782067310e+06 9.998851418495178223e-01
2.461082130848206114e+06 9.986624121665954590e-01
2.461082130914344452e+06 9.993724822998046875e-01
2.461082130980483256e+06 9.977971315383911133e-01
2.461082131046622060e+06 9.984635114669799805e-01
2.461082131112760399e+06 9.983583688735961914e-01
2.461082131178899202e+06 9.978505373001098633e-01
2.461082131245038006e+06 9.991088509559631348e-01
2.461082131311176345e+06 9.998043179512023926e-01
2.461082131377315149e+06 9.987028837203979492e-01
2.461082131443453953e+06 9.986786246299743652e-01
2.461082131509592757e+06 9.993190765380859375e-01
2.461082131575731095e+06 9.995616674423217773e-01
2.461082131641869899e+06 9.989972114562988281e-01
2.461082131708008703e+06 9.984408617019653320e-01
2.461082131774147041e+06 9.990053176879882812e-01
2.461082131840285845e+06 9.982839822769165039e-01
2.461082131906424649e+06 9.993352890014648438e-01
2.461082131972562987e+06 9.993692040443420410e-01
2.461082132038701791e+06 9.987497925758361816e-01
2.461082132104840595e+06 9.974170327186584473e-01
2.461082132170979399e+06 9.982467889785766602e-01
2.461082132237117738e+06 9.997864961624145508e-01
2.461082132303256541e+06 9.994743466377258301e-01
2.461082132369395345e+06 9.991880655288696289e-01
2.461082132435533684e+06 9.992156028747558594e-01
2.461082132501672488e+06 1.000088930130004883e+00
2.461082132567811292e+06 9.986268281936645508e-01
2.461082132633949630e+06 1.000008106231689453e+00
2.461082132700088434e+06 9.992349743843078613e-01
2.461082132766227238e+06 9.991072416305541992e-01
2.461082132832365576e+06 9.984052777290344238e-01
2.461082132898504380e+06 9.975965619087219238e-01
2.461082132964643184e+06 9.980850219726562500e-01
2.461082133030781988e+06 9.981949925422668457e-01
2.461082133096920326e+06 9.989454746246337891e-01
2.461082133163059130e+06 9.996716976165771484e-01
2.461082133229197934e+06 9.989600181579589844e-01
2.461082133295336273e+06 9.997654557228088379e-01
2.461082133361475077e+06 9.982079267501831055e-01
2.461082133427613880e+06 9.989939928054809570e-01
2.461082133493752219e+06 9.993951320648193359e-01
2.461082133559891023e+06 1.000098705291748047e+00
2.461082133626029827e+06 9.999838471412658691e-01
2.461082133692168631e+06 9.988371133804321289e-01
2.461082133758306969e+06 9.978666901588439941e-01
2.461082133824445773e+06 9.986381530761718750e-01
2.461082133890584577e+06 9.985136389732360840e-01
2.461082133956722915e+06 9.984990954399108887e-01
2.461082134022861719e+06 1.000003218650817871e+00
2.461082134089000523e+06 9.980656504631042480e-01
2.461082134155138861e+06 9.992980360984802246e-01
2.461082134221277665e+06 9.989600181579589844e-01
2.461082134287416469e+06 9.989519715309143066e-01
2.461082134353555273e+06 9.998819231986999512e-01
2.461082134419693612e+06 9.990327954292297363e-01
2.461082134485832416e+06 9.985734820365905762e-01
2.461082134551971219e+06 9.990360736846923828e-01
2.461082134618109558e+06 9.985460042953491211e-01
2.461082134684248362e+06 9.986365437507629395e-01
2.461082134750387166e+06 9.984360337257385254e-01
2.461082134816525504e+06 9.991670250892639160e-01
2.461082134882664308e+06 9.988856315612792969e-01
2.461082134948803112e+06 9.991395473480224609e-01
2.461082135014941916e+06 9.992673397064208984e-01
2.461082135081080254e+06 9.985265731811523438e-01
2.461082135147219058e+06 9.990862011909484863e-01
2.461082135213357862e+06 9.999611973762512207e-01
2.461082135279496200e+06 9.983406066894531250e-01
2.461082135345635004e+06 9.986122846603393555e-01
2.461082135411773808e+06 9.992834925651550293e-01
2.461082135477912147e+06 9.983939528465270996e-01
2.461082135544050951e+06 9.987820982933044434e-01
2.461082135610189755e+06 9.981949925422668457e-01
2.461082135676328093e+06 9.991136789321899414e-01
2.461082135742466897e+06 9.986640810966491699e-01
2.461082135808605701e+06 9.988888502120971680e-01
2.461082135874744505e+06 9.992770552635192871e-01
2.461082135940882843e+06 9.990409016609191895e-01
2.461082136007021647e+06 9.988888502120971680e-01
2.461082136073160451e+06 9.988047480583190918e-01
2.461082136139298789e+06 9.989017844200134277e-01
2.461082136205437593e+06 9.988371133804321289e-01
2.461082136271576397e+06 9.996830224990844727e-01
2.461082136337714735e+06 1.000156879425048828e+00
2.461082136403853539e+06 9.982047080993652344e-01
2.461082136469992343e+06 9.993206858634948730e-01
2.461082136536131147e+06 9.991460442543029785e-01
2.461082136602269486e+06 9.989665150642395020e-01
2.461082136668408290e+06 9.990118145942687988e-01
2.461082136734547094e+06 9.988355040550231934e-01
2.461082136800685432e+06 9.997023940086364746e-01
2.461082136866824236e+06 9.989778399467468262e-01
2.461082136932963040e+06 9.992398619651794434e-01
2.461082136999101378e+06 9.992834925651550293e-01
2.461082137065240182e+06 9.997186064720153809e-01
2.461082137131378986e+06 9.985637664794921875e-01
2.461082137197517790e+06 9.997848868370056152e-01
2.461082137263656128e+06 9.988678693771362305e-01
2.461082137329794932e+06 9.987497925758361816e-01
2.461082137395933736e+06 1.000383257865905762e+00
2.461082137462072074e+06 9.995681643486022949e-01
2.461082137528210878e+06 9.992398619651794434e-01
2.461082137594349682e+06 1.000038862228393555e+00
2.461082137660488021e+06 9.989260435104370117e-01
2.461082137726626825e+06 9.990214705467224121e-01
2.461082137792765629e+06 9.997897148132324219e-01
2.461082137858904433e+06 9.995034933090209961e-01
2.461082137925042771e+06 9.980381131172180176e-01
2.461082137991181575e+06 9.992042779922485352e-01
2.461082138057320379e+06 9.990554451942443848e-01
2.461082138123458717e+06 9.998269677162170410e-01
2.461082138189597521e+06 9.989875555038452148e-01
2.461082138255736325e+06 9.988743066787719727e-01
2.461082138321874663e+06 9.993578791618347168e-01
2.461082138388013467e+06 9.997363686561584473e-01
2.461082138454152271e+06 9.992737770080566406e-01
2.461082138520291075e+06 9.991751313209533691e-01
2.461082138586429413e+06 9.976257085800170898e-01
2.461082138652568217e+06 1.000480413436889648e+00
2.461082138718707021e+06 9.988322854042053223e-01
2.461082138784845360e+06 9.996522665023803711e-01
2.461082138850984164e+06 9.991007447242736816e-01
2.461082138917122968e+06 9.994145035743713379e-01
2.461082138983261306e+06 9.987594485282897949e-01
2.461082139049400110e+06 9.998269677162170410e-01
2.461082139115538914e+06 9.997088909149169922e-01
2.461082139181677252e+06 9.991589784622192383e-01
2.461082139247816056e+06 9.998884201049804688e-01
2.461082139313954860e+06 9.990214705467224121e-01
2.461082139380093664e+06 9.988484382629394531e-01
2.461082139446232002e+06 9.998010396957397461e-01
2.461082139512370806e+06 9.987351894378662109e-01
2.461082139578509610e+06 9.990311861038208008e-01
2.461082139644647948e+06 9.985556602478027344e-01
2.461082139710786752e+06 9.986737370491027832e-01
2.461082139776925556e+06 9.992786645889282227e-01
2.461082139843063895e+06 9.986996054649353027e-01
2.461082139909202699e+06 9.994516968727111816e-01
2.461082139975341503e+06 9.981772303581237793e-01
2.461082140041480307e+06 9.990166425704956055e-01
2.461082140107618645e+06 9.978925585746765137e-01
2.461082140173757449e+06 9.998317956924438477e-01
2.461082140239896253e+06 9.994921684265136719e-01
2.461082140306034591e+06 9.992381930351257324e-01
2.461082140372173395e+06 9.999773502349853516e-01
2.461082140438312199e+06 1.000412464141845703e+00
2.461082140504450537e+06 9.986155033111572266e-01
2.461082140570589341e+06 9.999045729637145996e-01
2.461082140636728145e+06 1.001447558403015137e+00
2.461082140702866949e+06 9.989357590675354004e-01
2.461082140769005287e+06 9.984182119369506836e-01
2.461082140835144091e+06 9.996830224990844727e-01
2.461082140901282895e+06 9.984472990036010742e-01
2.461082140967421234e+06 9.992673397064208984e-01
2.461082141033560038e+06 1.000147223472595215e+00
2.461082141099698842e+06 9.994856715202331543e-01
2.461082141165837180e+06 9.991072416305541992e-01
2.461082141231975984e+06 1.000038862228393555e+00
2.461082141298114788e+06 9.986494779586791992e-01
2.461082141364253126e+06 9.986866712570190430e-01
2.461082141430391930e+06 9.997250437736511230e-01
2.461082141496530734e+06 9.993805289268493652e-01
2.461082141562669538e+06 9.986317157745361328e-01
2.461082141628807876e+06 9.994727373123168945e-01
2.461082141694946680e+06 9.999660253524780273e-01
2.461082141761085484e+06 9.984683394432067871e-01
2.461082141827223822e+06 9.999579191207885742e-01
2.461082141893362626e+06 9.992333650588989258e-01
2.461082141959501430e+06 9.989535808563232422e-01
2.461082142025639769e+06 1.001318097114562988e+00
2.461082142091778573e+06 9.981853365898132324e-01
2.461082142157917377e+06 1.000147223472595215e+00
2.461082142224056181e+06 9.987983107566833496e-01
2.461082142290194519e+06 1.000753641128540039e+00
2.461082142356333323e+06 9.987691640853881836e-01
2.461082142422472127e+06 9.992236495018005371e-01
2.461082142488610465e+06 9.989034533500671387e-01
2.461082142554749269e+06 9.982532262802124023e-01
2.461082142620888073e+06 9.991735219955444336e-01
2.461082142687026411e+06 9.994598031044006348e-01
2.461082142753165215e+06 9.994306564331054688e-01
2.461082142819304019e+06 9.996101856231689453e-01
2.461082142885442823e+06 9.988888502120971680e-01
2.461082142951581161e+06 9.989875555038452148e-01
2.461082143017719965e+06 9.989600181579589844e-01
2.461082143083858769e+06 9.987918138504028320e-01
2.461082143149997108e+06 9.988856315612792969e-01
2.461082143216135912e+06 9.993045330047607422e-01
2.461082143282274716e+06 9.998269677162170410e-01
2.461082143348413054e+06 9.996166825294494629e-01
2.461082143414551858e+06 9.988144636154174805e-01
2.461082143480690662e+06 9.985912442207336426e-01
2.461082143546829466e+06 9.993854165077209473e-01
2.461082143612967804e+06 1.000221610069274902e+00
2.461082143679106608e+06 9.994145035743713379e-01
2.461082143745245412e+06 9.990134239196777344e-01
2.461082143811383750e+06 9.996280074119567871e-01
2.461082143877522554e+06 9.980818033218383789e-01
2.461082143943661358e+06 9.991524815559387207e-01
2.461082144009799697e+06 9.989535808563232422e-01
2.461082144075938500e+06 9.998528361320495605e-01
2.461082144142077304e+06 9.985007047653198242e-01
2.461082144208216108e+06 9.989584088325500488e-01
2.461082144274354447e+06 9.988080263137817383e-01
2.461082144340493251e+06 9.984732270240783691e-01
2.461082144406632055e+06 9.987627267837524414e-01
2.461082144472770393e+06 9.991977810859680176e-01
2.461082144538909197e+06 9.987514019012451172e-01
2.461082144605048001e+06 9.986802339553833008e-01
2.461082144671186339e+06 9.988824129104614258e-01
2.461082144737325143e+06 9.992576241493225098e-01
2.461082144803463947e+06 9.982565045356750488e-01
2.461082144869602285e+06 9.987125992774963379e-01
2.461082144935741089e+06 9.996296167373657227e-01
2.461082145001879893e+06 9.997913837432861328e-01
2.461082145068018697e+06 9.980251789093017578e-01
2.461082145134157035e+06 9.993595480918884277e-01
2.461082145200295839e+06 1.000664710998535156e+00
2.461082145266434643e+06 9.989972114562988281e-01
2.461082145332572982e+06 9.975739717483520508e-01
2.461082145398711786e+06 9.979394674301147461e-01
2.461082145464850590e+06 9.990797042846679688e-01
2.461082145530988928e+06 9.977615475654602051e-01
2.461082145597127732e+06 9.984279274940490723e-01
2.461082145663266536e+06 9.999272227287292480e-01
2.461082145729405340e+06 9.981092810630798340e-01
2.461082145795543678e+06 9.989503026008605957e-01
2.461082145861682482e+06 9.992544054985046387e-01
2.461082145927821286e+06 9.995989203453063965e-01
2.461082145993959624e+06 9.978068470954895020e-01
2.461082146060098428e+06 9.982305765151977539e-01
2.461082146126237232e+06 9.987158179283142090e-01
2.461082146192375571e+06 9.990829229354858398e-01
2.461082146258514374e+06 9.987061023712158203e-01
2.461082146324653178e+06 9.996457695960998535e-01
2.461082146390791982e+06 1.000525593757629395e+00
2.461082146456930321e+06 9.983842372894287109e-01
2.461082146523069125e+06 1.000701904296875000e+00
2.461082146589207929e+06 9.996878504753112793e-01
2.461082146655346267e+06 9.990635514259338379e-01
2.461082146721485071e+06 9.983907341957092285e-01
2.461082146787623875e+06 9.987999200820922852e-01
2.461082146853762213e+06 9.997493028640747070e-01
2.461082146919901017e+06 9.987643361091613770e-01
2.461082146986039821e+06 9.999191164970397949e-01
2.461082147052178159e+06 9.988937377929687500e-01
2.461082147118316963e+06 9.994096755981445312e-01
2.461082147184455767e+06 9.983648657798767090e-01
2.461082147250594571e+06 9.989341497421264648e-01
2.461082147316732910e+06 9.985929131507873535e-01
2.461082147382871713e+06 9.992624521255493164e-01
2.461082147449010517e+06 9.991767406463623047e-01
2.461082147515148856e+06 9.981998801231384277e-01
2.461082147581287660e+06 9.993417263031005859e-01
2.461082147647426464e+06 9.986931681632995605e-01
2.461082147713564802e+06 9.992026090621948242e-01
2.461082147779703606e+06 9.979912042617797852e-01
2.461082147845842410e+06 9.991055727005004883e-01
2.461082147911981214e+06 9.987902045249938965e-01
2.461082147978119552e+06 9.988581538200378418e-01
2.461082148044258356e+06 1.000113248825073242e+00
2.461082148110397160e+06 9.986220002174377441e-01
2.461082148176535498e+06 9.994161128997802734e-01
2.461082148242674302e+06 9.985217452049255371e-01
2.461082148308813106e+06 1.000386595726013184e+00
2.461082148374951445e+06 9.998350143432617188e-01
2.461082148441090249e+06 9.997088909149169922e-01
2.461082148507229052e+06 9.994808435440063477e-01
2.461082148573367856e+06 9.982920289039611816e-01
2.461082148639506195e+06 9.981206059455871582e-01
2.461082148705644999e+06 9.988775253295898438e-01
2.461082148771783803e+06 9.985669851303100586e-01
2.461082148837922141e+06 9.986009597778320312e-01
2.461082148904060945e+06 9.972844123840332031e-01
2.461082148970199749e+06 9.982613325119018555e-01
2.461082149036338087e+06 9.982532262802124023e-01
2.461082149102476891e+06 9.997411966323852539e-01
2.461082149168615695e+06 9.984360337257385254e-01
2.461082149234754499e+06 9.983292818069458008e-01
2.461082149300892837e+06 9.990603327751159668e-01
2.461082149367031641e+06 9.983680844306945801e-01
2.461082149433170445e+06 9.981416463851928711e-01
2.461082149499308784e+06 9.996166825294494629e-01
2.461082149565447588e+06 9.985977411270141602e-01
2.461082149631586391e+06 9.990198612213134766e-01
2.461082149697724730e+06 9.991379380226135254e-01
2.461082149763863534e+06 9.984732270240783691e-01
2.461082149830002338e+06 9.985508322715759277e-01
2.461082149896140676e+06 9.993304014205932617e-01
2.461082149962279480e+06 1.000025868415832520e+00
2.461082150028418284e+06 9.991735219955444336e-01
2.461082150094557088e+06 9.998107552528381348e-01
2.461082150160695426e+06 9.993773102760314941e-01
2.461082150226834230e+06 9.985314011573791504e-01
2.461082150292973034e+06 9.979831576347351074e-01
2.461082150359111372e+06 9.990037083625793457e-01
2.461082150425250176e+06 1.000268459320068359e+00
2.461082150491388980e+06 9.984440803527832031e-01
2.461082150557527319e+06 9.980995655059814453e-01
2.461082150623666123e+06 9.996975660324096680e-01
2.461082150689804927e+06 9.995422959327697754e-01
2.461082150755943730e+06 9.980720877647399902e-01
2.461082150822082069e+06 9.984909892082214355e-01
2.461082150888220873e+06 9.994096755981445312e-01
2.461082150954359677e+06 1.000252366065979004e+00
2.461082151020498015e+06 9.988290071487426758e-01
2.461082151086636819e+06 9.982257485389709473e-01
2.461082151152775623e+06 9.991395473480224609e-01
2.461082151218913961e+06 1.000067949295043945e+00
2.461082151285052765e+06 9.998997449874877930e-01
2.461082151351191569e+06 9.995859265327453613e-01
2.461082151417330373e+06 9.991767406463623047e-01
2.461082151483468711e+06 9.985961318016052246e-01
2.461082151549607515e+06 1.000328302383422852e+00
2.461082151615746319e+06 9.989939928054809570e-01
2.461082151681884658e+06 9.986268281936645508e-01
2.461082151748023462e+06 9.986236095428466797e-01
2.461082151814162266e+06 1.000223159790039062e+00
2.461082151880300604e+06 9.989503026008605957e-01
2.461082151946439408e+06 9.982241392135620117e-01
2.461082152012578212e+06 9.999563097953796387e-01
2.461082152078717016e+06 9.990457296371459961e-01
2.461082152144855354e+06 9.990198612213134766e-01
2.461082152210994158e+06 9.997411966323852539e-01
2.461082152277132962e+06 9.986155033111572266e-01
2.461082152343271300e+06 9.990991353988647461e-01
2.461082152409410104e+06 9.990020990371704102e-01
2.461082152475548908e+06 9.999967813491821289e-01
2.461082152541687246e+06 9.993870258331298828e-01
2.461082152607826050e+06 9.987400770187377930e-01
2.461082152673964854e+06 9.981206059455871582e-01
2.461082152740103193e+06 9.990975260734558105e-01
2.461082152806241997e+06 9.986834526062011719e-01
2.461082152872380801e+06 9.994840621948242188e-01
2.461082152938519605e+06 9.987174272537231445e-01
2.461082153004657943e+06 9.988597631454467773e-01
2.461082153070796747e+06 9.997250437736511230e-01
2.461082153136935551e+06 1.000156879425048828e+00
2.461082153203073889e+06 9.988953471183776855e-01
2.461082153269212693e+06 9.991540908813476562e-01
2.461082153335351497e+06 9.998172521591186523e-01
2.461082153401489835e+06 9.994177222251892090e-01
2.461082153467628639e+06 9.991993904113769531e-01
2.461082153533767443e+06 9.989875555038452148e-01
2.461082153599906247e+06 1.000121355056762695e+00
2.461082153666044585e+06 9.988500475883483887e-01
2.461082153732183389e+06 9.999951720237731934e-01
2.461082153798322193e+06 9.986947774887084961e-01
2.461082153864460532e+06 9.988808035850524902e-01
2.461082153930599336e+06 9.986656904220581055e-01
2.461082153996738140e+06 9.995794892311096191e-01
2.461082154062876478e+06 9.996199011802673340e-01
2.461082154129015282e+06 9.989114999771118164e-01
2.461082154195154086e+06 9.985104203224182129e-01
2.461082154261292890e+06 9.982209205627441406e-01
2.461082154327431228e+06 9.997832775115966797e-01
2.461082154393570032e+06 9.985799789428710938e-01
2.461082154459708836e+06 9.997687339782714844e-01
2.461082154525847174e+06 9.979103803634643555e-01
2.461082154591985978e+06 9.993498325347900391e-01
2.461082154658124782e+06 9.990683794021606445e-01
2.461082154724263120e+06 9.993773102760314941e-01
2.461082154790401924e+06 9.994047880172729492e-01
2.461082154856540728e+06 9.992673397064208984e-01
2.461082154922679532e+06 9.987465143203735352e-01
2.461082154988817871e+06 9.987061023712158203e-01
2.461082155054956675e+06 9.993951320648193359e-01
2.461082155121095479e+06 9.982176423072814941e-01
2.461082155187233817e+06 9.983745217323303223e-01
2.461082155253372621e+06 9.992074966430664062e-01
2.461082155319511425e+06 9.997671246528625488e-01
2.461082155385649763e+06 9.993659853935241699e-01
2.461082155451788567e+06 1.000304102897644043e+00
2.461082155517927371e+06 9.986398220062255859e-01
2.461082155584065709e+06 9.983211755752563477e-01
2.461082155650204513e+06 9.996053576469421387e-01
2.461082155716343317e+06 9.987934231758117676e-01
2.461082155782482121e+06 9.992932081222534180e-01
2.461082155848620459e+06 9.994210004806518555e-01
2.461082155914759263e+06 9.981335401535034180e-01
2.461082155980898067e+06 9.992446899414062500e-01
2.461082156047036406e+06 9.999175071716308594e-01
2.461082156113175210e+06 9.978537559509277344e-01
2.461082156179314014e+06 9.983680844306945801e-01
2.461082156245452352e+06 9.982597231864929199e-01
2.461082156311591156e+06 9.983987808227539062e-01
2.461082156377729960e+06 9.997186064720153809e-01
2.461082156443868764e+06 9.992236495018005371e-01
2.461082156510007102e+06 9.983325004577636719e-01
2.461082156576145906e+06 9.988063573837280273e-01
2.461082156642284710e+06 9.991411566734313965e-01
2.461082156708423048e+06 9.998819231986999512e-01
2.461082156774561852e+06 9.985476136207580566e-01
2.461082156840700656e+06 9.985799789428710938e-01
2.461082156906838994e+06 1.000012993812561035e+00
2.461082156972977798e+06 9.989228248596191406e-01
2.461082157039116602e+06 9.998932480812072754e-01
2.461082157105255406e+06 9.998236894607543945e-01
2.461082157171393745e+06 9.987044930458068848e-01
2.461082157237532549e+06 9.985136389732360840e-01
2.461082157303671353e+06 9.985136389732360840e-01
2.461082157369809691e+06 9.985039234161376953e-01
2.461082157435948495e+06 9.996263980865478516e-01
2.461082157502087299e+06 9.985346794128417969e-01
2.461082157568225637e+06 9.988387227058410645e-01
2.461082157634364441e+06 9.997298717498779297e-01
2.461082157700503245e+06 9.997800588607788086e-01
2.461082157766642049e+06 9.981173872947692871e-01
2.461082157832780387e+06 9.987351894378662109e-01
2.461082157898919191e+06 9.989697337150573730e-01
2.461082157965057995e+06 9.994403719902038574e-01
2.461082158031196333e+06 9.978828430175781250e-01
2.461082158097335137e+06 1.000752091407775879e+00
2.461082158163473941e+06 1.000037193298339844e+00
2.461082158229612280e+06 9.995956420898437500e-01
2.461082158295751084e+06 9.987077116966247559e-01
2.461082158361889888e+06 9.987837672233581543e-01
2.461082158428028226e+06 9.984036684036254883e-01
2.461082158494167030e+06 9.985411167144775391e-01
2.461082158560305834e+06 9.989956021308898926e-01
2.461082158626444638e+06 9.988241791725158691e-01
2.461082158692582976e+06 1.000423789024353027e+00
2.461082158758721780e+06 9.995131492614746094e-01
2.461082158824860584e+06 9.989325404167175293e-01
2.461082158890998922e+06 9.993029236793518066e-01
2.461082158957137726e+06 9.991217851638793945e-01
2.461082159023276530e+06 9.987804889678955078e-01
2.461082159089414869e+06 9.988387227058410645e-01
2.461082159155553672e+06 9.981966614723205566e-01
2.461082159221692476e+06 9.998754858970642090e-01
2.461082159287831280e+06 9.985492229461669922e-01
2.461082159353969619e+06 9.978569746017456055e-01
2.461082159420108423e+06 9.991670250892639160e-01
2.461082159486247227e+06 9.982176423072814941e-01
2.461082159552385565e+06 9.996991753578186035e-01
2.461082159618524369e+06 9.995439052581787109e-01
2.461082159684663173e+06 9.998738169670104980e-01
2.461082159750801511e+06 9.994063973426818848e-01
2.461082159816940315e+06 9.993530511856079102e-01
2.461082159883079119e+06 9.996522665023803711e-01
2.461082159949217923e+06 9.989858865737915039e-01
2.461082160015356261e+06 9.999320507049560547e-01
2.461082160081495065e+06 9.992026090621948242e-01
2.461082160147633869e+06 9.987432956695556641e-01
2.461082160213772207e+06 9.983163475990295410e-01
2.461082160279911011e+06 9.983325004577636719e-01
2.461082160346049815e+06 9.983082413673400879e-01
2.461082160412188154e+06 9.972730875015258789e-01
2.461082160478326958e+06 9.984424710273742676e-01
2.461082160544465762e+06 1.000457763671875000e+00
2.461082160610604100e+06 9.993757009506225586e-01
2.461082160676742904e+06 9.996830224990844727e-01
2.461082160742881708e+06 9.990295767784118652e-01
2.461082160809020512e+06 9.986333250999450684e-01
2.461082160875158850e+06 9.986446499824523926e-01
2.461082160941297654e+06 1.000053405761718750e+00
2.461082161007436458e+06 9.993740916252136230e-01
2.461082161073574796e+06 9.989422559738159180e-01
2.461082161139713600e+06 9.988856315612792969e-01
2.461082161205852404e+06 1.000656604766845703e+00
2.461082161271990743e+06 9.994177222251892090e-01
2.461082161338129546e+06 9.983033537864685059e-01
2.461082161404268350e+06 9.984198212623596191e-01
2.461082161470407154e+06 9.992381930351257324e-01
2.461082161536545493e+06 9.996150732040405273e-01
2.461082161602684297e+06 9.985508322715759277e-01
2.461082161668823101e+06 9.987158179283142090e-01
2.461082161734961439e+06 9.998236894607543945e-01
2.461082161801100243e+06 9.988856315612792969e-01
2.461082161867239047e+06 9.985184669494628906e-01
2.461082161933377385e+06 9.972601532936096191e-01
2.461082161999516189e+06 9.987724423408508301e-01
2.461082162065654993e+06 9.987820982933044434e-01
2.461082162131793797e+06 9.984311461448669434e-01
2.461082162197932135e+06 9.992737770080566406e-01
2.461082162264070939e+06 9.980753064155578613e-01
2.461082162330209743e+06 9.995244741439819336e-01
2.461082162396348082e+06 9.997881054878234863e-01
2.461082162462486885e+06 1.000947833061218262e+00
2.461082162528625689e+06 9.993401169776916504e-01
2.461082162594764028e+06 9.988419413566589355e-01
2.461082162660902832e+06 9.998932480812072754e-01
2.461082162727041636e+06 9.998269677162170410e-01
2.461082162793180440e+06 9.980882406234741211e-01
2.461082162859318778e+06 9.986818432807922363e-01
2.461082162925457582e+06 9.984877705574035645e-01
2.461082162991596386e+06 9.993077516555786133e-01
2.461082163057734724e+06 9.983971714973449707e-01
2.461082163123873528e+06 9.983729124069213867e-01
2.461082163190012332e+06 9.992851018905639648e-01
2.461082163256150670e+06 9.998010396957397461e-01
2.461082163322289474e+06 1.000224828720092773e+00
2.461082163388428278e+06 9.997541308403015137e-01
2.461082163454566617e+06 9.996215105056762695e-01
2.461082163520705421e+06 9.996603727340698242e-01
2.461082163586844224e+06 9.993255734443664551e-01
2.461082163652983028e+06 9.994679093360900879e-01
2.461082163719121367e+06 9.993482232093811035e-01
2.461082163785260171e+06 9.987109303474426270e-01
2.461082163851398975e+06 9.984052777290344238e-01
2.461082163917537313e+06 9.995293617248535156e-01
2.461082163983676117e+06 9.992156028747558594e-01
2.461082164049814921e+06 9.979653358459472656e-01
2.461082164115953259e+06 9.983422160148620605e-01
2.461082164182092063e+06 1.000464200973510742e+00
2.461082164248230867e+06 9.997282624244689941e-01
2.461082164314369671e+06 9.980283975601196289e-01
2.461082164380508009e+06 9.995034933090209961e-01
2.461082164446646813e+06 9.990182518959045410e-01
2.461082164512785617e+06 9.991023540496826172e-01
2.461082164578923956e+06 9.991540908813476562e-01
2.461082164645062760e+06 9.979217052459716797e-01
2.461082164711201563e+06 9.990053176879882812e-01
2.461082164777339902e+06 9.989406466484069824e-01
2.461082164843478706e+06 9.981901645660400391e-01
2.461082164909617510e+06 9.992818832397460938e-01
2.461082164975756314e+06 9.989179968833923340e-01
2.461082165041894652e+06 9.993999600410461426e-01
2.461082165108033456e+06 1.000438332557678223e+00
2.461082165174172260e+06 9.998641610145568848e-01
2.461082165240310598e+06 9.992721676826477051e-01
2.461082165306449402e+06 9.995649456977844238e-01
2.461082165372588206e+06 9.993805289268493652e-01
2.461082165438726544e+06 9.999401569366455078e-01
2.461082165504865348e+06 9.983276128768920898e-01
2.461082165571004152e+06 1.000095367431640625e+00
2.461082165637142491e+06 9.983696937561035156e-01
2.461082165703281295e+06 9.993983507156372070e-01
2.461082165769420099e+06 9.992689490318298340e-01
2.461082165835558902e+06 9.992462992668151855e-01
2.461082165901697241e+06 9.989923834800720215e-01
2.461082165967836045e+06 9.992381930351257324e-01
2.461082166033974849e+06 9.976402521133422852e-01
2.461082166100113187e+06 9.984408617019653320e-01
2.461082166166251991e+06 9.989260435104370117e-01
2.461082166232390795e+06 9.992414712905883789e-01
2.461082166298529133e+06 9.995536208152770996e-01
2.461082166364667937e+06 9.985750913619995117e-01
2.461082166430806741e+06 9.987368583679199219e-01
2.461082166496945545e+06 9.993838071823120117e-01
2.461082166563083883e+06 1.000069499015808105e+00
2.461082166629222687e+06 9.988128542900085449e-01
2.461082166695361491e+06 1.000491738319396973e+00
2.461082166761499830e+06 9.996587634086608887e-01
2.461082166827638634e+06 9.989762306213378906e-01
2.461082166893777438e+06 9.996910691261291504e-01
2.461082166959915776e+06 9.991573691368103027e-01
2.461082167026054580e+06 9.985492229461669922e-01
2.461082167092193384e+06 9.980785846710205078e-01
2.461082167158332188e+06 9.986979961395263672e-01
2.461082167224470526e+06 1.001271247863769531e+00
2.461082167290609330e+06 9.995487332344055176e-01
2.461082167356748134e+06 9.985201358795166016e-01
2.461082167422886472e+06 9.992462992668151855e-01
2.461082167489025276e+06 9.989438652992248535e-01
2.461082167555164080e+06 9.994468688964843750e-01
2.461082167621302418e+06 9.980801939964294434e-01
2.461082167687441222e+06 9.985395073890686035e-01
2.461082167753580026e+06 9.997541308403015137e-01
2.461082167819718830e+06 1.000087380409240723e+00
2.461082167885857169e+06 9.978521466255187988e-01
2.461082167951995973e+06 9.992268681526184082e-01
2.461082168018134777e+06 1.000011324882507324e+00
2.461082168084273115e+06 9.998350143432617188e-01
2.461082168150411919e+06 9.987449049949645996e-01
2.461082168216550723e+06 9.982370734214782715e-01
2.461082168282689061e+06 9.990699887275695801e-01
2.461082168348827865e+06 9.998075366020202637e-01
2.461082168414966669e+06 9.996280074119567871e-01
2.461082168481105007e+06 9.994516968727111816e-01
2.461082168547243811e+06 9.994808435440063477e-01
2.461082168613382615e+06 9.982597231864929199e-01
2.461082168679521419e+06 1.000040411949157715e+00
2.461082168745659757e+06 9.996522665023803711e-01
2.461082168811798561e+06 9.988824129104614258e-01
2.461082168877937365e+06 9.994808435440063477e-01
2.461082168944075704e+06 9.991751313209533691e-01
2.461082169010214508e+06 9.992802739143371582e-01
2.461082169076353312e+06 9.986624121665954590e-01
2.461082169142491650e+06 9.988694787025451660e-01
2.461082169208630454e+06 9.997735619544982910e-01
2.461082169274769258e+06 9.985929131507873535e-01
2.461082169340908062e+06 9.995924234390258789e-01
2.461082169407046400e+06 9.976661205291748047e-01
2.461082169473185204e+06 9.987740516662597656e-01
2.461082169539324008e+06 1.000003218650817871e+00
2.461082169605462346e+06 9.978796243667602539e-01
2.461082169671601150e+06 9.993320107460021973e-01
2.461082169737739954e+06 9.996603727340698242e-01
2.461082169803878292e+06 9.984570145606994629e-01
2.461082169870017096e+06 9.983729124069213867e-01
2.461082169936155900e+06 9.986721277236938477e-01
2.461082170002294704e+06 1.000845909118652344e+00
2.461082170068433043e+06 1.000211834907531738e+00
2.461082170134571847e+06 9.995616674423217773e-01
2.461082170200710651e+06 9.995002150535583496e-01
2.461082170266848989e+06 9.992236495018005371e-01
2.461082170332987793e+06 9.996862411499023438e-01
2.461082170399126597e+06 9.989212155342102051e-01
2.461082170465264935e+06 9.994727373123168945e-01
2.461082170531403739e+06 9.988565444946289062e-01
2.461082170597542543e+06 1.000161767005920410e+00
2.461082170663680881e+06 9.988031387329101562e-01
2.461082170729819685e+06 9.988306164741516113e-01
2.461082170795958489e+06 9.990959167480468750e-01
2.461082170862097293e+06 9.992657303810119629e-01
2.461082170928235631e+06 9.990651607513427734e-01
2.461082170994374435e+06 9.997202157974243164e-01
2.461082171060513239e+06 9.985104203224182129e-01
2.461082171126651578e+06 9.996231794357299805e-01
2.461082171192790382e+06 9.990570545196533203e-01
2.461082171258929186e+06 9.987158179283142090e-01
2.461082171325067524e+06 9.993934631347656250e-01
2.461082171391206328e+06 9.989277124404907227e-01
2.461082171457345132e+06 9.989309310913085938e-01
2.461082171523483936e+06 9.989406466484069824e-01
2.461082171589622274e+06 9.978020191192626953e-01
2.461082171655761078e+06 9.993546605110168457e-01
2.461082171721899882e+06 9.996733069419860840e-01
2.461082171788038220e+06 9.992560148239135742e-01
2.461082171854177024e+06 9.997784495353698730e-01
2.461082171920315828e+06 9.990991353988647461e-01
2.461082171986454166e+06 9.992317557334899902e-01
2.461082172052592970e+06 9.983502626419067383e-01
2.461082172118731774e+06 1.000490069389343262e+00
2.461082172184870578e+06 9.995729923248291016e-01
2.461082172251008917e+06 9.995002150535583496e-01
2.461082172317147721e+06 9.990603327751159668e-01
2.461082172383286525e+06 9.990311861038208008e-01
2.461082172449424863e+06 9.989470839500427246e-01
2.461082172515563667e+06 9.983794093132019043e-01
2.461082172581702471e+06 9.991282224655151367e-01
2.461082172647840809e+06 1.000061511993408203e+00
2.461082172713979613e+06 9.999902844429016113e-01
2.461082172780118417e+06 9.996991753578186035e-01
2.461082172846256755e+06 9.994031786918640137e-01
2.461082172912395559e+06 9.990214705467224121e-01
2.461082172978534363e+06 9.992462992668151855e-01
2.461082173044673167e+06 9.992641210556030273e-01
2.461082173110811505e+06 9.995649456977844238e-01
2.461082173176950309e+06 9.993999600410461426e-01
2.461082173243089113e+06 1.000415682792663574e+00
2.461082173309227452e+06 9.986398220062255859e-01
2.461082173375366256e+06 9.979006648063659668e-01
2.461082173441505060e+06 9.989745616912841797e-01
2.461082173507643398e+06 9.997379779815673828e-01
2.461082173573782202e+06 9.996959567070007324e-01
2.461082173639921006e+06 9.993708729743957520e-01
2.461082173706059810e+06 9.990409016609191895e-01
2.461082173772198148e+06 9.995972514152526855e-01
2.461082173838336952e+06 9.994274377822875977e-01
2.461082173904475756e+06 9.988694787025451660e-01
2.461082173970614094e+06 9.998608827590942383e-01
2.461082174036752898e+06 9.999983906745910645e-01
2.461082174102891702e+06 9.984828829765319824e-01
2.461082174169030041e+06 1.000113248825073242e+00
2.461082174235168844e+06 1.000216722488403320e+00
2.461082174301307648e+06 9.994711279869079590e-01
2.461082174367446452e+06 9.995520114898681641e-01
2.461082174433584791e+06 9.978682994842529297e-01
2.461082174499723595e+06 9.991945624351501465e-01
2.461082174565862399e+06 1.000131011009216309e+00
2.461082174632000737e+06 9.992754459381103516e-01
2.461082174698139541e+06 9.986171722412109375e-01
2.461082174764278345e+06 9.991961717605590820e-01
2.461082174830416683e+06 9.987918138504028320e-01
2.461082174896555487e+06 1.000570893287658691e+00
2.461082174962694291e+06 9.987885951995849609e-01
2.461082175028832629e+06 9.981303215026855469e-01
2.461082175094971433e+06 1.000320196151733398e+00
2.461082175161110237e+06 9.992673397064208984e-01
2.461082175227249041e+06 9.993417263031005859e-01
2.461082175293387379e+06 9.979831576347351074e-01
2.461082175359526183e+06 9.982888102531433105e-01
2.461082175425664987e+06 9.997023940086364746e-01
2.461082175491803326e+06 1.000570893287658691e+00
2.461082175557942130e+06 9.989325404167175293e-01
2.461082175624080934e+06 9.986284971237182617e-01
2.461082175690219272e+06 9.988015294075012207e-01
2.461082175756358076e+06 9.989341497421264648e-01
2.461082175822496880e+06 9.995859265327453613e-01
2.461082175888635684e+06 9.987255334854125977e-01
2.461082175954774022e+06 9.998204708099365234e-01
2.461082176020912826e+06 9.991767406463623047e-01
2.461082176087051630e+06 9.986090660095214844e-01
2.461082176153189968e+06 9.995002150535583496e-01
2.461082176219328772e+06 9.989406466484069824e-01
2.461082176285467576e+06 9.998705983161926270e-01
2.461082176351605915e+06 9.992705583572387695e-01
2.461082176417744718e+06 9.986268281936645508e-01
2.461082176483883522e+06 9.991492629051208496e-01
2.461082176550022326e+06 9.988516569137573242e-01
2.461082176616160665e+06 9.997719526290893555e-01
2.461082176682299469e+06 9.996199011802673340e-01
2.461082176748438273e+06 9.978278875350952148e-01
2.461082176814576611e+06 9.993433356285095215e-01
2.461082176880715415e+06 9.996134638786315918e-01
2.461082176946854219e+06 9.997606277465820312e-01
2.461082177012992557e+06 9.991508722305297852e-01
2.461082177079131361e+06 9.984214305877685547e-01
2.461082177145270165e+06 9.994047880172729492e-01
2.461082177211408969e+06 9.997088909149169922e-01
2.461082177277547307e+06 9.992527961730957031e-01
2.461082177343686111e+06 9.984408617019653320e-01
2.461082177409824915e+06 9.992188215255737305e-01
2.461082177475963254e+06 9.988743066787719727e-01
2.461082177542102057e+06 9.986931681632995605e-01
2.461082177608240861e+06 9.999918937683105469e-01
2.461082177674379200e+06 9.996021389961242676e-01
2.461082177740518004e+06 9.991201758384704590e-01
2.461082177806656808e+06 9.999353289604187012e-01
2.461082177872795146e+06 9.994872808456420898e-01
2.461082177938933950e+06 9.992042779922485352e-01
2.461082178005072754e+06 9.992123246192932129e-01
2.461082178071211558e+06 9.979912042617797852e-01
2.461082178137349896e+06 9.992107152938842773e-01
2.461082178203488700e+06 9.991638064384460449e-01
2.461082178269627504e+06 9.999256134033203125e-01
2.461082178335765842e+06 9.991460442543029785e-01
2.461082178401904646e+06 9.993983507156372070e-01
2.461082178468043450e+06 9.994484782218933105e-01
2.461082178534181789e+06 9.996749162673950195e-01
2.461082178600320593e+06 9.990344047546386719e-01
2.461082178666459396e+06 9.994128942489624023e-01
2.461082178732598200e+06 9.989001750946044922e-01
2.461082178798736539e+06 1.000981688499450684e+00
2.461082178864875343e+06 9.984084963798522949e-01
2.461082178931014147e+06 9.994824528694152832e-01
2.461082178997152485e+06 9.996975660324096680e-01
2.461082179063291289e+06 1.000228047370910645e+00
2.461082179129430093e+06 9.982402920722961426e-01
2.461082179195568431e+06 9.989600181579589844e-01
2.461082179261707235e+06 9.996716976165771484e-01
2.461082179327846039e+06 9.999110698699951172e-01
2.461082179393984843e+06 9.981044530868530273e-01
2.461082179460123181e+06 9.987530112266540527e-01
2.461082179526261985e+06 9.984861612319946289e-01
2.461082179592400789e+06 9.988953471183776855e-01
2.461082179658539128e+06 9.994792342185974121e-01
2.461082179724677932e+06 9.992479085922241211e-01
2.461082179790816735e+06 1.000375270843505859e+00
2.461082179856955074e+06 1.000252366065979004e+00
2.461082179923093878e+06 9.992285370826721191e-01
2.461082179989232682e+06 1.000373601913452148e+00
2.461082180055371486e+06 9.989422559738159180e-01
2.461082180121509824e+06 9.988144636154174805e-01
2.461082180187648628e+06 9.992576241493225098e-01
2.461082180253787432e+06 9.994792342185974121e-01
2.461082180319925770e+06 9.993433356285095215e-01
2.461082180386064574e+06 9.997493028640747070e-01
2.461082180452203378e+06 9.976984858512878418e-01
2.461082180518341716e+06 9.991395473480224609e-01
2.461082180584480520e+06 9.995681643486022949e-01
2.461082180650619324e+06 9.989745616912841797e-01
2.461082180716757663e+06 9.994112849235534668e-01
2.461082180782896467e+06 9.984456896781921387e-01
2.461082180849035271e+06 9.986025691032409668e-01
2.461082180915174074e+06 9.996635913848876953e-01
2.461082180981312413e+06 9.994549751281738281e-01
2.461082181047451217e+06 9.981222152709960938e-01
2.461082181113590021e+06 9.992139339447021484e-01
2.461082181179728359e+06 9.989277124404907227e-01
2.461082181245867163e+06 9.995487332344055176e-01
2.461082181312005967e+06 9.990053176879882812e-01
2.461082181378144305e+06 9.991993904113769531e-01
2.461082181444283109e+06 9.985718727111816406e-01
2.461082181510421913e+06 9.989535808563232422e-01
2.461082181576560717e+06 9.996101856231689453e-01
2.461082181642699055e+06 9.998139739036560059e-01
2.461082181708837859e+06 9.996021389961242676e-01
2.461082181774976663e+06 9.995633363723754883e-01
2.461082181841115002e+06 9.991993904113769531e-01
2.461082181907253806e+06 9.976839423179626465e-01
2.461082181973392610e+06 9.989066720008850098e-01
2.461082182039530948e+06 9.995422959327697754e-01
2.461082182105669752e+06 9.992139339447021484e-01
2.461082182171808556e+06 9.990764856338500977e-01
2.461082182237947360e+06 9.983163475990295410e-01
2.461082182304085698e+06 9.983518719673156738e-01
2.461082182370224502e+06 9.999579191207885742e-01
2.461082182436363306e+06 9.994727373123168945e-01
2.461082182502501644e+06 9.986575841903686523e-01
2.461082182568640448e+06 9.993336200714111328e-01
2.461082182634779252e+06 9.991233944892883301e-01
2.461082182700917590e+06 9.996474385261535645e-01
2.461082182767056394e+06 9.992867112159729004e-01
2.461082182833195198e+06 1.001127362251281738e+00
2.461082182899333537e+06 9.992705583572387695e-01
2.461082182965472341e+06 9.988192915916442871e-01
2.461082183031611145e+06 9.989891648292541504e-01
2.461082183097749949e+06 9.996587634086608887e-01
2.461082183163888287e+06 9.983260035514831543e-01
2.461082183230027091e+06 9.990020990371704102e-01
2.461082183296165895e+06 1.000095367431640625e+00
2.461082183362304233e+06 9.998495578765869141e-01
2.461082183428443037e+06 9.982629418373107910e-01
2.461082183494581841e+06 9.989665150642395020e-01
2.461082183560720179e+06 9.982532262802124023e-01
2.461082183626858983e+06 1.000077605247497559e+00
2.461082183692997787e+06 9.976273179054260254e-01
2.461082183759136591e+06 9.984360337257385254e-01
2.461082183825274929e+06 9.976629018783569336e-01
2.461082183891413733e+06 9.993886351585388184e-01
2.461082183957552537e+06 9.998835325241088867e-01
2.461082184023690876e+06 9.990490078926086426e-01
2.461082184089829680e+06 9.986947774887084961e-01
2.461082184155968484e+06 9.993870258331298828e-01
2.461082184222106822e+06 9.993417263031005859e-01
2.461082184288245626e+06 9.994792342185974121e-01
2.461082184354384430e+06 9.990878105163574219e-01
2.461082184420523234e+06 9.992172122001647949e-01
2.461082184486661572e+06 9.985718727111816406e-01
2.461082184552800376e+06 9.990926384925842285e-01
2.461082184618939180e+06 9.998447299003601074e-01
2.461082184685077518e+06 1.000414013862609863e+00
2.461082184751216322e+06 9.990748763084411621e-01
2.461082184817355126e+06 9.985669851303100586e-01
2.461082184883493464e+06 9.984877705574035645e-01
2.461082184949632268e+06 9.995633363723754883e-01
2.461082185015771072e+06 9.981060624122619629e-01
2.461082185081909411e+06 1.000252366065979004e+00
2.461082185148048215e+06 9.998479485511779785e-01
2.461082185214187019e+06 9.987611174583435059e-01
2.461082185280325823e+06 9.986979961395263672e-01
2.461082185346464161e+06 9.993708729743957520e-01
2.461082185412602965e+06 1.000111579895019531e+00
2.461082185478741769e+06 9.985378980636596680e-01
2.461082185544880107e+06 9.975690841674804688e-01
2.461082185611018911e+06 9.994614124298095703e-01
2.461082185677157715e+06 9.998236894607543945e-01
2.461082185743296053e+06 9.981804490089416504e-01
2.461082185809434857e+06 9.995341897010803223e-01
2.461082185875573661e+06 9.995422959327697754e-01
2.461082185941712465e+06 9.983955621719360352e-01
2.461082186007850803e+06 1.000140666961669922e+00
2.461082186073989607e+06 9.988775253295898438e-01
2.461082186140128411e+06 9.983810186386108398e-01
2.461082186206266750e+06 9.981659054756164551e-01
2.461082186272405554e+06 9.990360736846923828e-01
2.461082186338544358e+06 9.994193911552429199e-01
2.461082186404682696e+06 9.986527562141418457e-01
2.461082186470821500e+06 9.981092810630798340e-01
2.461082186536960304e+06 9.980850219726562500e-01
2.461082186603099108e+06 1.000567674636840820e+00
2.461082186669237446e+06 9.999061822891235352e-01
2.461082186735376250e+06 9.994679093360900879e-01
2.461082186801515054e+06 9.995972514152526855e-01
2.461082186867653392e+06 9.982467889785766602e-01
2.461082186933792196e+06 9.995810985565185547e-01
2.461082186999931000e+06 9.984198212623596191e-01
2.461082187066069338e+06 9.997525215148925781e-01
2.461082187132208142e+06 9.997460842132568359e-01
2.461082187198346946e+06 9.988257884979248047e-01
2.461082187264485285e+06 9.987400770187377930e-01
2.461082187330624089e+06 9.991929531097412109e-01
2.461082187396762893e+06 9.999158978462219238e-01
2.461082187462901697e+06 9.991686940193176270e-01
2.461082187529040035e+06 9.993773102760314941e-01
2.461082187595178839e+06 9.991703033447265625e-01
2.461082187661317643e+06 9.981157779693603516e-01
2.461082187727455981e+06 9.982565045356750488e-01
2.461082187793594785e+06 9.997186064720153809e-01
2.461082187859733589e+06 9.986883401870727539e-01
2.461082187925871927e+06 9.979540109634399414e-01
2.461082187992010731e+06 9.996942877769470215e-01
2.461082188058149535e+06 9.995471239089965820e-01
2.461082188124288339e+06 9.994323253631591797e-01
2.461082188190426677e+06 9.988273978233337402e-01
2.461082188256565481e+06 9.987400770187377930e-01
2.461082188322704285e+06 9.994210004806518555e-01
2.461082188388842624e+06 9.992430806159973145e-01
2.461082188454981428e+06 9.988047480583190918e-01
2.461082188521120232e+06 9.988241791725158691e-01
2.461082188587258570e+06 9.988209605216979980e-01
2.461082188653397374e+06 9.987546205520629883e-01
2.461082188719536178e+06 9.985864162445068359e-01
2.461082188785674982e+06 9.995794892311096191e-01
2.461082188851813320e+06 9.982904195785522461e-01
2.461082188917952124e+06 9.976273179054260254e-01
2.461082188984090928e+06 9.991945624351501465e-01
2.461082189050229266e+06 9.986025691032409668e-01
2.461082189116368070e+06 9.980138540267944336e-01
2.461082189182506874e+06 9.990829229354858398e-01
2.461082189248645213e+06 9.987368583679199219e-01
2.461082189314784016e+06 9.990392923355102539e-01
2.461082189380922820e+06 9.981335401535034180e-01
2.461082189447061159e+06 9.999401569366455078e-01
2.461082189513199963e+06 9.987497925758361816e-01
2.461082189579338767e+06 9.995956420898437500e-01
2.461082189645477571e+06 9.986365437507629395e-01
2.461082189711615909e+06 9.994953870773315430e-01
2.461082189777754713e+06 9.986850619316101074e-01
2.461082189843893517e+06 9.991670250892639160e-01
2.461082189910031855e+06 9.985395073890686035e-01
2.461082189976170659e+06 9.984230399131774902e-01
2.461082190042309463e+06 9.999967813491821289e-01
2.461082190108447801e+06 9.993352890014648438e-01
2.461082190174586605e+06 9.997638463973999023e-01
2.461082190240725409e+06 9.993514418601989746e-01
2.461082190306864213e+06 9.996069669723510742e-01
2.461082190373002551e+06 1.000237703323364258e+00
2.461082190439141355e+06 9.978165626525878906e-01
2.461082190505280159e+06 9.984715580940246582e-01
2.461082190571418498e+06 9.982419013977050781e-01
2.461082190637557302e+06 9.978715181350708008e-01
2.461082190703696106e+06 9.996296167373657227e-01
2.461082190769834444e+06 9.990214705467224121e-01
