# target=gj3929b eclipse=3 centroid=(62,68) aper_r=4 n=3891
# BJD_TDB    relative_flux
2.461071457665090449e+06 9.944767355918884277e-01
2.461071457731229253e+06 9.988350868225097656e-01
2.461071457797368057e+06 1.001111507415771484e+00
2.461071457863506861e+06 1.001213550567626953e+00
2.461071457929645665e+06 1.001646161079406738e+00
2.461071457995784469e+06 1.000693440437316895e+00
2.461071458061923273e+06 1.001897215843200684e+00
2.461071458128062077e+06 1.002102971076965332e+00
2.461071458194200881e+06 1.000445604324340820e+00
2.461071458260339685e+06 1.001224875450134277e+00
2.461071458326478023e+06 1.002384901046752930e+00
2.461071458392616827e+06 9.999303221702575684e-01
2.461071458458755631e+06 1.000925183296203613e+00
2.461071458524894435e+06 1.002060890197753906e+00
2.461071458591033239e+06 1.001704454421997070e+00
2.461071458657172043e+06 1.001565098762512207e+00
2.461071458723310847e+06 1.001581311225891113e+00
2.461071458789449651e+06 1.001516461372375488e+00
2.461071458855588455e+06 1.002117633819580078e+00
2.461071458921727259e+06 1.000641584396362305e+00
2.461071458987866063e+06 1.002182364463806152e+00
2.461071459054004867e+06 1.001644492149353027e+00
2.461071459120143671e+06 1.000960826873779297e+00
2.461071459186282475e+06 1.001660704612731934e+00
2.461071459252421279e+06 1.002295851707458496e+00
2.461071459318559617e+06 1.002391457557678223e+00
2.461071459384698421e+06 1.001495480537414551e+00
2.461071459450837225e+06 1.002264976501464844e+00
2.461071459516976029e+06 1.002104640007019043e+00
2.461071459583114833e+06 1.002060890197753906e+00
2.461071459649253637e+06 1.002219676971435547e+00
2.461071459715392441e+06 1.000492572784423828e+00
2.461071459781531245e+06 1.000450372695922852e+00
2.461071459847670048e+06 1.001406311988830566e+00
2.461071459913808852e+06 1.000787377357482910e+00
2.461071459979947656e+06 1.002352476119995117e+00
2.461071460046086460e+06 1.000874876976013184e+00
2.461071460112225264e+06 1.001770853996276855e+00
2.461071460178364068e+06 1.001665592193603516e+00
2.461071460244502872e+06 1.002226114273071289e+00
2.461071460310641211e+06 1.001521348953247070e+00
2.461071460376780014e+06 1.002770543098449707e+00
2.461071460442918818e+06 1.001113057136535645e+00
2.461071460509057622e+06 1.002172708511352539e+00
2.461071460575196426e+06 1.002004146575927734e+00
2.461071460641335230e+06 1.001362562179565430e+00
2.461071460707474034e+06 1.001707673072814941e+00
2.461071460773612838e+06 1.001913428306579590e+00
2.461071460839751642e+06 1.001543998718261719e+00
2.461071460905890446e+06 1.001808166503906250e+00
2.461071460972029250e+06 1.001315593719482422e+00
2.461071461038168054e+06 1.002313613891601562e+00
2.461071461104306858e+06 1.001981496810913086e+00
2.461071461170445662e+06 1.001578092575073242e+00
2.461071461236584000e+06 1.002346038818359375e+00
2.461071461302722804e+06 1.002015471458435059e+00
2.461071461368861608e+06 1.001109838485717773e+00
2.461071461435000412e+06 1.002264976501464844e+00
2.461071461501139216e+06 1.000674009323120117e+00
2.461071461567278020e+06 1.001929640769958496e+00
2.461071461633416824e+06 1.002751111984252930e+00
2.461071461699555628e+06 1.001385211944580078e+00
2.461071461765694432e+06 1.001615285873413086e+00
2.461071461831833236e+06 1.002477288246154785e+00
2.461071461897972040e+06 1.000204086303710938e+00
2.461071461964110844e+06 1.002235889434814453e+00
2.461071462030249648e+06 1.001027226448059082e+00
2.461071462096388452e+06 1.000521659851074219e+00
2.461071462162527256e+06 1.000630259513854980e+00
2.461071462228665594e+06 9.999319314956665039e-01
2.461071462294804398e+06 1.001505136489868164e+00
2.461071462360943202e+06 1.002127289772033691e+00
2.461071462427082006e+06 1.000385642051696777e+00
2.461071462493220810e+06 1.000774502754211426e+00
2.461071462559359614e+06 1.000614047050476074e+00
2.461071462625498418e+06 1.000994801521301270e+00
2.461071462691637222e+06 1.002486944198608398e+00
2.461071462757776026e+06 1.002391457557678223e+00
2.461071462823914830e+06 1.001717448234558105e+00
2.461071462890053634e+06 1.001407980918884277e+00
2.461071462956192438e+06 1.001578092575073242e+00
2.461071463022331242e+06 1.000955939292907715e+00
2.461071463088470045e+06 1.001686573028564453e+00
2.461071463154608849e+06 1.002762436866760254e+00
2.461071463220747188e+06 1.002378463745117188e+00
2.461071463286885992e+06 1.000445604324340820e+00
2.461071463353024796e+06 1.002038240432739258e+00
2.461071463419163600e+06 1.002172708511352539e+00
2.461071463485302404e+06 9.996305704116821289e-01
2.461071463551441208e+06 1.001616954803466797e+00
2.461071463617580011e+06 1.000819802284240723e+00
2.461071463683718815e+06 1.001213550567626953e+00
2.461071463749857619e+06 1.000931620597839355e+00
2.461071463815996423e+06 1.001696348190307617e+00
2.461071463882135227e+06 1.001116275787353516e+00
2.461071463948274031e+06 1.002164602279663086e+00
2.461071464014412835e+06 1.001032114028930664e+00
2.461071464080551639e+06 1.002023577690124512e+00
2.461071464146690443e+06 1.000852227210998535e+00
2.461071464212828781e+06 1.001524567604064941e+00
2.461071464278967585e+06 1.001944184303283691e+00
2.461071464345106389e+06 1.000879764556884766e+00
2.461071464411245193e+06 1.000933289527893066e+00
2.461071464477383997e+06 1.002802968025207520e+00
2.461071464543522801e+06 1.001958847045898438e+00
2.461071464609661605e+06 1.000884652137756348e+00
2.461071464675800409e+06 1.000132799148559570e+00
2.461071464741939213e+06 1.001531124114990234e+00
2.461071464808078017e+06 1.001845359802246094e+00
2.461071464874216821e+06 1.001364231109619141e+00
2.461071464940355625e+06 1.000939726829528809e+00
2.461071465006494429e+06 1.001043438911437988e+00
2.461071465072633233e+06 1.001361012458801270e+00
2.461071465138772037e+06 1.000874876976013184e+00
2.461071465204910375e+06 1.000187993049621582e+00
2.461071465271049179e+06 1.002171039581298828e+00
2.461071465337187983e+06 1.001070976257324219e+00
2.461071465403326787e+06 1.000669121742248535e+00
2.461071465469465591e+06 1.002159714698791504e+00
2.461071465535604395e+06 1.000936508178710938e+00
2.461071465601743199e+06 1.000980257987976074e+00
2.461071465667882003e+06 1.001299381256103516e+00
2.461071465734020807e+06 9.995657801628112793e-01
2.461071465800159611e+06 1.000973701477050781e+00
2.461071465866298415e+06 9.999027848243713379e-01
2.461071465932437219e+06 1.000904083251953125e+00
2.461071465998576023e+06 1.001540780067443848e+00
2.461071466064714827e+06 1.000325679779052734e+00
2.461071466130853631e+06 1.000388860702514648e+00
2.461071466196991969e+06 1.001069307327270508e+00
2.461071466263130773e+06 1.000043749809265137e+00
2.461071466329269577e+06 1.000200867652893066e+00
2.461071466395408381e+06 1.001335024833679199e+00
2.461071466461547185e+06 1.001122832298278809e+00
2.461071466527685989e+06 1.001258850097656250e+00
2.461071466593824793e+06 1.000680446624755859e+00
2.461071466659963597e+06 1.002922773361206055e+00
2.461071466726102401e+06 1.001386880874633789e+00
2.461071466792241205e+06 1.001793503761291504e+00
2.461071466858380008e+06 1.001069307327270508e+00
2.461071466924518812e+06 1.002260208129882812e+00
2.461071466990657616e+06 1.000385642051696777e+00
2.461071467056796420e+06 1.001723885536193848e+00
2.461071467122934759e+06 1.000920295715332031e+00
2.461071467189073563e+06 1.001113057136535645e+00
2.461071467255212367e+06 1.001232981681823730e+00
2.461071467321351171e+06 1.002161383628845215e+00
2.461071467387489974e+06 1.002470850944519043e+00
2.461071467453628778e+06 1.000011324882507324e+00
2.461071467519767582e+06 1.000452041625976562e+00
2.461071467585906386e+06 1.002209901809692383e+00
2.461071467652045190e+06 1.001098513603210449e+00
2.461071467718183994e+06 1.000231742858886719e+00
2.461071467784322798e+06 1.000016212463378906e+00
2.461071467850461602e+06 1.000952720642089844e+00
2.461071467916600406e+06 1.000633478164672852e+00
2.461071467982739210e+06 1.001600742340087891e+00
2.461071468048878014e+06 1.001555442810058594e+00
2.461071468115016352e+06 9.999627470970153809e-01
2.461071468181155156e+06 1.000409960746765137e+00
2.461071468247293960e+06 1.000785827636718750e+00
2.461071468313432764e+06 1.000967264175415039e+00
2.461071468379571568e+06 1.001049876213073730e+00
2.461071468445710372e+06 1.000615715980529785e+00
2.461071468511849176e+06 1.000636696815490723e+00
2.461071468577987980e+06 1.000586509704589844e+00
2.461071468644126784e+06 1.000374317169189453e+00
2.461071468710265588e+06 1.001082301139831543e+00
2.461071468776404392e+06 1.000628590583801270e+00
2.461071468842543196e+06 1.001113057136535645e+00
2.461071468908682000e+06 1.000510334968566895e+00
2.461071468974820804e+06 1.001198887825012207e+00
2.461071469040959608e+06 1.000481247901916504e+00
2.461071469107097946e+06 1.000837683677673340e+00
2.461071469173236750e+06 1.001093626022338867e+00
2.461071469239375554e+06 1.000973701477050781e+00
2.461071469305514358e+06 1.001019120216369629e+00
2.461071469371653162e+06 1.001396656036376953e+00
2.461071469437791966e+06 1.001399874687194824e+00
2.461071469503930770e+06 1.000418066978454590e+00
2.461071469570069574e+06 1.001680135726928711e+00
2.461071469636208378e+06 1.000179886817932129e+00
2.461071469702347182e+06 1.000900864601135254e+00
2.461071469768485986e+06 1.000541090965270996e+00
2.461071469834624790e+06 9.997277855873107910e-01
2.461071469900763594e+06 1.000884652137756348e+00
2.461071469966902398e+06 1.001040220260620117e+00
2.461071470033041202e+06 1.000432610511779785e+00
2.461071470099179540e+06 1.000985026359558105e+00
2.461071470165318344e+06 1.001232981681823730e+00
2.461071470231457148e+06 1.000301361083984375e+00
2.461071470297595952e+06 1.002414107322692871e+00
2.461071470363734756e+06 1.000486016273498535e+00
2.461071470429873560e+06 1.000989913940429688e+00
2.461071470496012364e+06 1.000584840774536133e+00
2.461071470562151168e+06 1.001137375831604004e+00
2.461071470628289972e+06 1.001770853996276855e+00
2.461071470694428775e+06 1.001284837722778320e+00
2.461071470760567579e+06 1.000701546669006348e+00
2.461071470826706383e+06 1.000789046287536621e+00
2.461071470892845187e+06 1.001258850097656250e+00
2.461071470958983991e+06 1.001111507415771484e+00
2.461071471025122795e+06 1.001258850097656250e+00
2.461071471091261134e+06 1.000714540481567383e+00
2.461071471157399938e+06 9.997277855873107910e-01
2.461071471223538741e+06 1.001328587532043457e+00
2.461071471289677545e+06 1.000309467315673828e+00
2.461071471355816349e+06 1.001629948616027832e+00
2.461071471421955153e+06 1.000767946243286133e+00
2.461071471488093957e+06 1.001641273498535156e+00
2.461071471554232761e+06 9.997083544731140137e-01
2.461071471620371565e+06 1.001341462135314941e+00
2.461071471686510369e+06 9.995852112770080566e-01
2.461071471752649173e+06 1.001404762268066406e+00
2.461071471818787977e+06 1.001542448997497559e+00
2.461071471884926781e+06 1.000311136245727539e+00
2.461071471951065585e+06 1.000597834587097168e+00
2.461071472017204389e+06 1.000976920127868652e+00
2.461071472083342727e+06 1.001906991004943848e+00
2.461071472149481531e+06 1.000592947006225586e+00
2.461071472215620335e+06 1.000082612037658691e+00
2.461071472281759139e+06 1.001446843147277832e+00
2.461071472347897943e+06 1.001273512840270996e+00
2.461071472414036747e+06 1.002551794052124023e+00
2.461071472480175551e+06 9.994069933891296387e-01
2.461071472546314355e+06 1.001597523689270020e+00
2.461071472612453159e+06 1.000933289527893066e+00
2.461071472678591963e+06 1.000759840011596680e+00
2.461071472744730767e+06 1.000829577445983887e+00
2.461071472810869571e+06 1.000973701477050781e+00
2.461071472877008375e+06 1.000627040863037109e+00
2.461071472943147179e+06 1.000162005424499512e+00
2.461071473009285517e+06 1.000878095626831055e+00
2.461071473075424321e+06 1.000665903091430664e+00
2.461071473141563125e+06 1.001962065696716309e+00
2.461071473207701929e+06 1.001615285873413086e+00
2.461071473273840733e+06 1.000659465789794922e+00
2.461071473339979537e+06 1.000664234161376953e+00
2.461071473406118341e+06 1.001853466033935547e+00
2.461071473472257145e+06 1.000698328018188477e+00
2.461071473538395949e+06 1.001594305038452148e+00
2.461071473604534753e+06 1.000951051712036133e+00
2.461071473670673557e+06 1.001048207283020020e+00
2.461071473736812361e+06 1.000502228736877441e+00
2.461071473802951165e+06 1.001665592193603516e+00
2.461071473869089969e+06 1.000761508941650391e+00
2.461071473935228772e+06 1.000787377357482910e+00
2.461071474001367111e+06 1.001401424407958984e+00
2.461071474067505915e+06 1.002276420593261719e+00
2.461071474133644719e+06 1.000021100044250488e+00
2.461071474199783523e+06 1.000908970832824707e+00
2.461071474265922327e+06 1.000610828399658203e+00
2.461071474332061131e+06 1.001527786254882812e+00
2.461071474398199935e+06 1.001164913177490234e+00
2.461071474464338738e+06 1.000800371170043945e+00
2.461071474530477542e+06 1.001597523689270020e+00
2.461071474596616346e+06 9.998412132263183594e-01
2.461071474662755150e+06 1.000458478927612305e+00
2.461071474728893954e+06 1.000954270362854004e+00
2.461071474795032758e+06 1.001472711563110352e+00
2.461071474861171562e+06 1.002085208892822266e+00
2.461071474927310366e+06 1.000520110130310059e+00
2.461071474993448704e+06 1.000046968460083008e+00
2.461071475059587508e+06 1.001381993293762207e+00
2.461071475125726312e+06 1.001425743103027344e+00
2.461071475191865116e+06 9.996775984764099121e-01
2.461071475258003920e+06 1.001184344291687012e+00
2.461071475324142724e+06 1.001450061798095703e+00
2.461071475390281528e+06 1.001122832298278809e+00
2.461071475456420332e+06 1.001777410507202148e+00
2.461071475522559136e+06 1.000239729881286621e+00
2.461071475588697940e+06 1.001725554466247559e+00
2.461071475654836744e+06 1.001647710800170898e+00
2.461071475720975548e+06 1.000675678253173828e+00
2.461071475787114352e+06 1.000677227973937988e+00
2.461071475853253156e+06 1.001764416694641113e+00
2.461071475919391960e+06 1.000343441963195801e+00
2.461071475985530298e+06 1.000594615936279297e+00
2.461071476051669102e+06 1.001228094100952148e+00
2.461071476117807906e+06 1.000481247901916504e+00
2.461071476183946710e+06 9.999271035194396973e-01
2.461071476250085514e+06 1.000489354133605957e+00
2.461071476316224318e+06 1.001019120216369629e+00
2.461071476382363122e+06 1.000570297241210938e+00
2.461071476448501926e+06 1.001090407371520996e+00
2.461071476514640730e+06 1.000077724456787109e+00
2.461071476580779534e+06 1.000964045524597168e+00
2.461071476646918338e+06 1.001046657562255859e+00
2.461071476713057142e+06 1.001254081726074219e+00
2.461071476779195946e+06 1.000729084014892578e+00
2.461071476845334750e+06 1.001164913177490234e+00
2.461071476911473554e+06 1.000735521316528320e+00
2.461071476977611892e+06 1.001111507415771484e+00
2.461071477043750696e+06 1.000064849853515625e+00
2.461071477109889500e+06 1.001715779304504395e+00
2.461071477176028304e+06 1.001597523689270020e+00
2.461071477242167108e+06 9.997472763061523438e-01
2.461071477308305912e+06 1.001527786254882812e+00
2.461071477374444716e+06 9.995787739753723145e-01
2.461071477440583520e+06 1.000759840011596680e+00
2.461071477506722324e+06 1.000155568122863770e+00
2.461071477572861128e+06 1.000285148620605469e+00
2.461071477638999932e+06 1.000808477401733398e+00
2.461071477705138735e+06 1.001477599143981934e+00
2.461071477771277539e+06 9.996435642242431641e-01
2.461071477837416343e+06 9.995787739753723145e-01
2.461071477903555147e+06 1.002239108085632324e+00
2.461071477969693486e+06 1.001589417457580566e+00
2.461071478035832290e+06 1.001529455184936523e+00
2.461071478101971094e+06 1.000324010848999023e+00
2.461071478168109898e+06 1.002247214317321777e+00
2.461071478234248701e+06 1.000978589057922363e+00
2.461071478300387505e+06 1.000669121742248535e+00
2.461071478366526309e+06 1.001137375831604004e+00
2.461071478432665113e+06 9.990116953849792480e-01
2.461071478498803917e+06 1.000247836112976074e+00
2.461071478564942721e+06 1.000090718269348145e+00
2.461071478631081525e+06 1.000473141670227051e+00
2.461071478697220329e+06 1.000672340393066406e+00
2.461071478763359133e+06 1.000862002372741699e+00
2.461071478829497937e+06 9.998720288276672363e-01
2.461071478895636275e+06 1.001095294952392578e+00
2.461071478961775079e+06 1.001070976257324219e+00
2.461071479027913883e+06 1.001843810081481934e+00
2.461071479094052687e+06 1.000304579734802246e+00
2.461071479160191491e+06 1.000450372695922852e+00
2.461071479226330295e+06 1.000264048576354980e+00
2.461071479292469099e+06 1.000111818313598633e+00
2.461071479358607903e+06 9.994620680809020996e-01
2.461071479424746707e+06 1.001803278923034668e+00
2.461071479490885511e+06 1.000405073165893555e+00
2.461071479557024315e+06 1.000738859176635742e+00
2.461071479623163119e+06 1.000008106231689453e+00
2.461071479689301923e+06 1.000887870788574219e+00
2.461071479755440727e+06 1.000137686729431152e+00
2.461071479821579531e+06 1.001132488250732422e+00
2.461071479887717869e+06 1.000518441200256348e+00
2.461071479953856673e+06 1.000443935394287109e+00
2.461071480019995477e+06 1.000638365745544434e+00
2.461071480086134281e+06 1.000119924545288086e+00
2.461071480152273085e+06 1.000385642051696777e+00
2.461071480218411889e+06 1.000272154808044434e+00
2.461071480284550693e+06 1.000324010848999023e+00
2.461071480350689497e+06 1.000819802284240723e+00
2.461071480416828301e+06 1.000218749046325684e+00
2.461071480482967105e+06 1.000479578971862793e+00
2.461071480549105909e+06 9.999983906745910645e-01
2.461071480615244713e+06 1.000234961509704590e+00
2.461071480681383517e+06 1.001032114028930664e+00
2.461071480747522321e+06 9.994021654129028320e-01
2.461071480813661125e+06 1.000894308090209961e+00
2.461071480879799463e+06 1.001727104187011719e+00
2.461071480945938267e+06 1.001813054084777832e+00
2.461071481012077071e+06 1.001106619834899902e+00
2.461071481078215875e+06 1.001064419746398926e+00
2.461071481144354679e+06 1.000272154808044434e+00
2.461071481210493483e+06 1.000257611274719238e+00
2.461071481276632287e+06 9.994329214096069336e-01
2.461071481342771091e+06 1.001218438148498535e+00
2.461071481408909895e+06 1.000273823738098145e+00
2.461071481475048698e+06 1.000742077827453613e+00
2.461071481541187502e+06 1.001219987869262695e+00
2.461071481607326306e+06 1.000254392623901367e+00
2.461071481673465110e+06 1.000079393386840820e+00
2.461071481739603914e+06 1.000965595245361328e+00
2.461071481805742718e+06 1.001665592193603516e+00
2.461071481871881057e+06 1.001675248146057129e+00
2.461071481938019861e+06 1.001286387443542480e+00
2.461071482004158664e+06 1.000874876976013184e+00
2.461071482070297468e+06 9.996548891067504883e-01
2.461071482136436272e+06 1.000322461128234863e+00
2.461071482202575076e+06 1.000962376594543457e+00
2.461071482268713880e+06 1.001255631446838379e+00
2.461071482334852684e+06 1.000771164894104004e+00
2.461071482400991488e+06 9.997618198394775391e-01
2.461071482467130292e+06 1.000703215599060059e+00
2.461071482533269096e+06 1.001275062561035156e+00
2.461071482599407900e+06 1.000737190246582031e+00
2.461071482665546704e+06 1.000145792961120605e+00
2.461071482731685508e+06 1.000942945480346680e+00
2.461071482797823846e+06 1.001903772354125977e+00
2.461071482863962650e+06 1.000661015510559082e+00
2.461071482930101454e+06 1.001206994056701660e+00
2.461071482996240258e+06 1.000558972358703613e+00
2.461071483062379062e+06 9.995479583740234375e-01
2.461071483128517866e+06 1.000829577445983887e+00
2.461071483194656670e+06 1.000852227210998535e+00
2.461071483260795474e+06 1.000862002372741699e+00
2.461071483326934278e+06 1.001158475875854492e+00
2.461071483393073082e+06 1.000030755996704102e+00
2.461071483459211886e+06 1.000973701477050781e+00
2.461071483525350690e+06 1.001435518264770508e+00
2.461071483591489494e+06 9.995090961456298828e-01
2.461071483657628298e+06 9.996500611305236816e-01
2.461071483723767102e+06 1.001718997955322266e+00
2.461071483789905906e+06 9.998104572296142578e-01
2.461071483856044244e+06 1.000711321830749512e+00
2.461071483922183048e+06 1.000014543533325195e+00
2.461071483988321852e+06 9.997699260711669922e-01
2.461071484054460656e+06 1.001176238059997559e+00
2.461071484120599460e+06 9.999659657478332520e-01
2.461071484186738264e+06 9.997764229774475098e-01
2.461071484252877068e+06 1.000623822212219238e+00
2.461071484319015872e+06 1.000759840011596680e+00
2.461071484385154676e+06 1.000293254852294922e+00
2.461071484451293480e+06 1.001263737678527832e+00
2.461071484517432284e+06 1.000243067741394043e+00
2.461071484583571088e+06 1.001025557518005371e+00
2.461071484649709892e+06 1.000466585159301758e+00
2.461071484715848695e+06 1.000648021697998047e+00
2.461071484781987034e+06 1.001309156417846680e+00
2.461071484848125838e+06 1.000218749046325684e+00
2.461071484914264642e+06 1.000212192535400391e+00
2.461071484980403446e+06 1.000421285629272461e+00
2.461071485046542250e+06 1.000314354896545410e+00
2.461071485112681054e+06 1.001589417457580566e+00
2.461071485178819858e+06 9.997035264968872070e-01
2.461071485244958661e+06 9.996419548988342285e-01
2.461071485311097465e+06 1.001710891723632812e+00
2.461071485377236269e+06 1.000413179397583008e+00
2.461071485443375073e+06 1.001595854759216309e+00
2.461071485509513877e+06 1.001072525978088379e+00
2.461071485575652681e+06 1.000181436538696289e+00
2.461071485641791485e+06 1.000466585159301758e+00
2.461071485707930289e+06 1.000968933105468750e+00
2.461071485774068628e+06 1.001187562942504883e+00
2.461071485840207431e+06 1.000247836112976074e+00
2.461071485906346235e+06 1.000160455703735352e+00
2.461071485972485039e+06 1.000589728355407715e+00
2.461071486038623843e+06 1.000277042388916016e+00
2.461071486104762647e+06 9.997845292091369629e-01
2.461071486170901451e+06 1.000246286392211914e+00
2.461071486237040255e+06 1.000123143196105957e+00
2.461071486303179059e+06 1.001987934112548828e+00
2.461071486369317863e+06 1.000273823738098145e+00
2.461071486435456667e+06 1.000664234161376953e+00
2.461071486501595471e+06 1.001035332679748535e+00
2.461071486567734275e+06 1.000045418739318848e+00
2.461071486633873079e+06 1.000221967697143555e+00
2.461071486700011883e+06 1.000502228736877441e+00
2.461071486766150221e+06 1.001030445098876953e+00
2.461071486832289025e+06 1.000157117843627930e+00
2.461071486898427829e+06 1.001244306564331055e+00
2.461071486964566633e+06 1.001061201095581055e+00
2.461071487030705437e+06 1.000105261802673340e+00
2.461071487096844241e+06 9.997488856315612793e-01
2.461071487162983045e+06 1.001155257225036621e+00
2.461071487229121849e+06 1.000379085540771484e+00
2.461071487295260653e+06 9.995852112770080566e-01
2.461071487361399457e+06 9.992449879646301270e-01
2.461071487427538261e+06 1.000251173973083496e+00
2.461071487493677065e+06 9.999465346336364746e-01
2.461071487559815869e+06 9.999578595161437988e-01
2.461071487625954673e+06 1.001213550567626953e+00
2.461071487692093477e+06 1.000936508178710938e+00
2.461071487758231815e+06 1.000338673591613770e+00
2.461071487824370619e+06 9.994912743568420410e-01
2.461071487890509423e+06 1.000588178634643555e+00
2.461071487956648227e+06 1.000970482826232910e+00
2.461071488022787031e+06 9.993940591812133789e-01
2.461071488088925835e+06 1.001560211181640625e+00
2.461071488155064639e+06 9.998720288276672363e-01
2.461071488221203443e+06 1.000134468078613281e+00
2.461071488287342247e+06 1.000853896141052246e+00
2.461071488353481051e+06 1.000450372695922852e+00
2.461071488419619855e+06 1.000936508178710938e+00
2.461071488485758658e+06 9.994718432426452637e-01
2.461071488551897462e+06 1.000884652137756348e+00
2.461071488618036266e+06 1.000591397285461426e+00
2.461071488684175070e+06 1.001333475112915039e+00
2.461071488750313409e+06 1.000716090202331543e+00
2.461071488816452213e+06 1.000048637390136719e+00
2.461071488882591017e+06 1.001208662986755371e+00
2.461071488948729821e+06 1.000343441963195801e+00
2.461071489014868625e+06 1.000878095626831055e+00
2.461071489081007428e+06 1.000513553619384766e+00
2.461071489147146232e+06 1.000006437301635742e+00
2.461071489213285036e+06 1.001361012458801270e+00
2.461071489279423840e+06 1.001190900802612305e+00
2.461071489345562644e+06 9.997602105140686035e-01
2.461071489411701448e+06 9.999368190765380859e-01
2.461071489477840252e+06 1.000409960746765137e+00
2.461071489543979056e+06 9.999967813491821289e-01
2.461071489610117860e+06 9.998055696487426758e-01
2.461071489676256664e+06 1.000293254852294922e+00
2.461071489742395002e+06 1.000115036964416504e+00
2.461071489808533806e+06 1.000285148620605469e+00
2.461071489874672610e+06 1.000118255615234375e+00
2.461071489940811414e+06 9.993665218353271484e-01
2.461071490006950218e+06 1.000545978546142578e+00
2.461071490073089022e+06 9.995738863945007324e-01
2.461071490139227826e+06 9.992093443870544434e-01
2.461071490205366630e+06 1.000267386436462402e+00
2.461071490271505434e+06 1.000179886817932129e+00
2.461071490337644238e+06 1.000792264938354492e+00
2.461071490403783042e+06 1.000947833061218262e+00
2.461071490469921846e+06 1.000042080879211426e+00
2.461071490536060650e+06 9.998282790184020996e-01
2.461071490602199454e+06 1.000688552856445312e+00
2.461071490668337792e+06 9.997942447662353516e-01
2.461071490734476596e+06 1.000975370407104492e+00
2.461071490800615400e+06 1.000960826873779297e+00
2.461071490866754204e+06 1.000468254089355469e+00
2.461071490932893008e+06 1.000064849853515625e+00
2.461071490999031812e+06 9.996873140335083008e-01
2.461071491065170616e+06 9.997715353965759277e-01
2.461071491131309420e+06 1.000278711318969727e+00
2.461071491197448224e+06 9.998331069946289062e-01
2.461071491263587028e+06 9.997164607048034668e-01
2.461071491329725832e+06 1.000207424163818359e+00
2.461071491395864636e+06 9.992384910583496094e-01
2.461071491462003440e+06 1.000019431114196777e+00
2.461071491528142244e+06 1.000993132591247559e+00
2.461071491594281048e+06 1.000492572784423828e+00
2.461071491660419386e+06 1.000217080116271973e+00
2.461071491726558190e+06 9.994021654129028320e-01
2.461071491792696994e+06 1.000045418739318848e+00
2.461071491858835798e+06 9.995447397232055664e-01
2.461071491924974602e+06 1.001007795333862305e+00
2.461071491991113406e+06 1.000238180160522461e+00
2.461071492057252210e+06 1.000777721405029297e+00
2.461071492123391014e+06 1.001973390579223633e+00
2.461071492189529818e+06 1.000492572784423828e+00
2.461071492255668622e+06 1.000874876976013184e+00
2.461071492321807425e+06 1.000947833061218262e+00
2.461071492387946229e+06 9.993422031402587891e-01
2.461071492454085033e+06 9.996192455291748047e-01
2.461071492520223837e+06 1.001147150993347168e+00
2.461071492586362641e+06 9.994167089462280273e-01
2.461071492652500980e+06 1.000187993049621582e+00
2.461071492718639784e+06 1.000691771507263184e+00
2.461071492784778588e+06 1.000452041625976562e+00
2.461071492850917391e+06 1.001440405845642090e+00
2.461071492917056195e+06 1.000090718269348145e+00
2.461071492983194999e+06 1.000077724456787109e+00
2.461071493049333803e+06 1.000123143196105957e+00
2.461071493115472607e+06 1.001270174980163574e+00
2.461071493181611411e+06 9.989841580390930176e-01
2.461071493247750215e+06 9.999837875366210938e-01
2.461071493313889019e+06 1.000918626785278320e+00
2.461071493380027823e+06 1.000568747520446777e+00
2.461071493446166627e+06 1.000081062316894531e+00
2.461071493512305431e+06 1.001202225685119629e+00
2.461071493578444235e+06 1.000891089439392090e+00
2.461071493644582573e+06 9.994831681251525879e-01
2.461071493710721377e+06 9.999189972877502441e-01
2.461071493776860181e+06 1.001093626022338867e+00
2.461071493842998985e+06 1.044735193252563477e+00
2.461071493909137789e+06 9.996792078018188477e-01
2.461071493975276593e+06 1.001145482063293457e+00
2.461071494041415397e+06 1.000693440437316895e+00
2.461071494107554201e+06 1.000573515892028809e+00
2.461071494173693005e+06 9.997731447219848633e-01
2.461071494239831809e+06 9.997488856315612793e-01
2.461071494305970613e+06 1.001451730728149414e+00
2.461071494372109417e+06 1.002264976501464844e+00
2.461071494438248221e+06 1.000445604324340820e+00
2.461071494504387025e+06 1.000508785247802734e+00
2.461071494570525829e+06 9.993827342987060547e-01
2.461071494636664167e+06 1.000955939292907715e+00
2.461071494702802971e+06 1.000379085540771484e+00
2.461071494768941775e+06 9.998914599418640137e-01
2.461071494835080579e+06 9.997456073760986328e-01
2.461071494901219383e+06 9.990295171737670898e-01
2.461071494967358187e+06 1.000819802284240723e+00
2.461071495033496991e+06 1.001325368881225586e+00
2.461071495099635795e+06 9.993875622749328613e-01
2.461071495165774599e+06 1.000532984733581543e+00
2.461071495231913403e+06 1.000186324119567871e+00
2.461071495298052207e+06 1.000418066978454590e+00
2.461071495364191011e+06 1.000810146331787109e+00
2.461071495430329815e+06 1.001032114028930664e+00
2.461071495496468619e+06 9.999578595161437988e-01
2.461071495562607422e+06 1.000202536582946777e+00
2.461071495628745761e+06 1.000262498855590820e+00
2.461071495694884565e+06 1.001720666885375977e+00
2.461071495761023369e+06 9.996970295906066895e-01
2.461071495827162173e+06 9.992952346801757812e-01
2.461071495893300977e+06 1.001075863838195801e+00
2.461071495959439781e+06 1.000750184059143066e+00
2.461071496025578585e+06 9.995139241218566895e-01
2.461071496091717388e+06 1.000137686729431152e+00
2.461071496157856192e+06 1.000131249427795410e+00
2.461071496223994996e+06 1.000325679779052734e+00
2.461071496290133800e+06 1.000756621360778809e+00
2.461071496356272604e+06 1.000696659088134766e+00
2.461071496422411408e+06 1.001454949378967285e+00
2.461071496488550212e+06 9.997909665107727051e-01
2.461071496554689016e+06 9.998801350593566895e-01
2.461071496620827354e+06 9.989047646522521973e-01
2.461071496686966158e+06 1.000568747520446777e+00
2.461071496753104962e+06 9.994021654129028320e-01
2.461071496819243766e+06 1.001291275024414062e+00
2.461071496885382570e+06 1.002047896385192871e+00
2.461071496951521374e+06 1.000234961509704590e+00
2.461071497017660178e+06 9.999368190765380859e-01
2.461071497083798982e+06 1.000411510467529297e+00
2.461071497149937786e+06 1.000873327255249023e+00
2.461071497216076590e+06 1.000925183296203613e+00
2.461071497282215394e+06 1.000476360321044922e+00
2.461071497348354198e+06 1.000466585159301758e+00
2.461071497414493002e+06 1.000103712081909180e+00
2.461071497480631806e+06 1.000793933868408203e+00
2.461071497546770610e+06 1.000886201858520508e+00
2.461071497612908948e+06 9.991818070411682129e-01
2.461071497679047752e+06 9.992838501930236816e-01
2.461071497745186556e+06 9.986763000488281250e-01
2.461071497811325360e+06 9.997083544731140137e-01
2.461071497877464164e+06 9.999287128448486328e-01
2.461071497943602968e+06 1.000260829925537109e+00
2.461071498009741772e+06 9.997472763061523438e-01
2.461071498075880576e+06 1.000262498855590820e+00
2.461071498142019380e+06 1.001158475875854492e+00
2.461071498208158184e+06 1.000136137008666992e+00
2.461071498274296988e+06 1.000077724456787109e+00
2.461071498340435792e+06 9.999449253082275391e-01
2.461071498406574596e+06 1.000641584396362305e+00
2.461071498472713400e+06 9.989420175552368164e-01
2.461071498538852204e+06 9.993503093719482422e-01
2.461071498604990542e+06 1.000750184059143066e+00
2.461071498671129346e+06 1.001704454421997070e+00
2.461071498737268150e+06 1.000176548957824707e+00
2.461071498803406954e+06 1.000418066978454590e+00
2.461071498869545758e+06 1.000270605087280273e+00
2.461071498935684562e+06 9.999675750732421875e-01
2.461071499001823366e+06 1.000567078590393066e+00
2.461071499067962170e+06 1.000474691390991211e+00
2.461071499134100974e+06 9.996338486671447754e-01
2.461071499200239778e+06 1.003507733345031738e+00
2.461071499266378582e+06 1.000545978546142578e+00
2.461071499332517385e+06 1.000184655189514160e+00
2.461071499398656189e+06 9.998379945755004883e-01
2.461071499464794993e+06 1.000669121742248535e+00
2.461071499530933797e+06 9.989063739776611328e-01
2.461071499597072136e+06 9.998509287834167480e-01
2.461071499663210940e+06 1.000108599662780762e+00
2.461071499729349744e+06 1.000507116317749023e+00
2.461071499795488548e+06 1.000753402709960938e+00
2.461071499861627351e+06 1.001294493675231934e+00
2.461071499927766155e+06 9.997748136520385742e-01
2.461071499993904959e+06 9.998962879180908203e-01
2.461071500060043763e+06 1.000432610511779785e+00
2.461071500126182567e+06 1.000913739204406738e+00
2.461071500192321371e+06 1.000776052474975586e+00
2.461071500258460175e+06 9.999125003814697266e-01
2.461071500324598979e+06 9.988723397254943848e-01
2.461071500390737783e+06 1.000163674354553223e+00
2.461071500456876587e+06 9.999449253082275391e-01
2.461071500523014925e+06 1.000106930732727051e+00
2.461071500589153729e+06 1.000153899192810059e+00
2.461071500655292533e+06 9.998250007629394531e-01
2.461071500721431337e+06 9.996144175529479980e-01
2.461071500787570141e+06 1.001519799232482910e+00
2.461071500853708945e+06 1.000375866889953613e+00
2.461071500919847749e+06 1.000942945480346680e+00
2.461071500985986553e+06 1.000359654426574707e+00
2.461071501052125357e+06 1.000058293342590332e+00
2.461071501118264161e+06 9.995301365852355957e-01
2.461071501184402965e+06 9.995414614677429199e-01
2.461071501250541769e+06 1.000317573547363281e+00
2.461071501316680573e+06 1.000145792961120605e+00
2.461071501382819377e+06 9.994313120841979980e-01
2.461071501448958181e+06 1.000022649765014648e+00
2.461071501515096985e+06 9.994977116584777832e-01
2.461071501581235323e+06 1.000852227210998535e+00
2.461071501647374127e+06 1.000429391860961914e+00
2.461071501713512931e+06 1.000518441200256348e+00
2.461071501779651735e+06 1.000699877738952637e+00
2.461071501845790539e+06 1.000847339630126953e+00
2.461071501911929343e+06 1.000630259513854980e+00
2.461071501978068147e+06 1.001116275787353516e+00
2.461071502044206951e+06 1.000541090965270996e+00
2.461071502110345755e+06 9.999708533287048340e-01
2.461071502176484559e+06 1.000043749809265137e+00
2.461071502242623363e+06 1.000662684440612793e+00
2.461071502308762167e+06 1.000636696815490723e+00
2.461071502374900971e+06 1.000779271125793457e+00
2.461071502441039775e+06 1.001161694526672363e+00
2.461071502507178113e+06 1.000309467315673828e+00
2.461071502573316917e+06 1.000045418739318848e+00
2.461071502639455721e+06 9.996743202209472656e-01
2.461071502705594525e+06 9.996857047080993652e-01
2.461071502771733329e+06 9.999853968620300293e-01
2.461071502837872133e+06 1.000158786773681641e+00
2.461071502904010937e+06 1.000217080116271973e+00
2.461071502970149741e+06 1.001304268836975098e+00
2.461071503036288545e+06 1.000006437301635742e+00
2.461071503102427348e+06 9.990165233612060547e-01
2.461071503168566152e+06 9.994264245033264160e-01
2.461071503234704956e+06 9.997748136520385742e-01
2.461071503300843760e+06 1.000654578208923340e+00
2.461071503366982564e+06 1.000670790672302246e+00
2.461071503433121368e+06 9.997261762619018555e-01
2.461071503499259707e+06 9.993810653686523438e-01
2.461071503565398511e+06 1.000059962272644043e+00
2.461071503631537315e+06 1.000521659851074219e+00
2.461071503697676118e+06 1.000304579734802246e+00
2.461071503763814922e+06 1.001699566841125488e+00
2.461071503829953726e+06 9.995398521423339844e-01
2.461071503896092530e+06 9.995625615119934082e-01
2.461071503962231334e+06 1.000510334968566895e+00
2.461071504028370138e+06 1.000369429588317871e+00
2.461071504094508942e+06 9.996857047080993652e-01
2.461071504160647746e+06 9.999271035194396973e-01
2.461071504226786550e+06 1.000361323356628418e+00
2.461071504292925354e+06 9.996775984764099121e-01
2.461071504359064158e+06 1.000291585922241211e+00
2.461071504425202962e+06 9.996938109397888184e-01
2.461071504491341300e+06 1.000309467315673828e+00
2.461071504557480104e+06 1.000327229499816895e+00
2.461071504623618908e+06 1.000392079353332520e+00
2.461071504689757712e+06 9.987881183624267578e-01
2.461071504755896516e+06 1.000699877738952637e+00
2.461071504822035320e+06 1.001181125640869141e+00
2.461071504888174124e+06 1.001137375831604004e+00
2.461071504954312928e+06 1.000823020935058594e+00
2.461071505020451732e+06 1.000661015510559082e+00
2.461071505086590536e+06 1.000072956085205078e+00
2.461071505152729340e+06 9.994718432426452637e-01
2.461071505218868144e+06 1.008540034294128418e+00
2.461071505285006948e+06 1.000777721405029297e+00
2.461071505351145752e+06 1.000960826873779297e+00
2.461071505417284556e+06 1.000640034675598145e+00
2.461071505483422894e+06 1.000753402709960938e+00
2.461071505549561698e+06 1.000836014747619629e+00
2.461071505615700502e+06 9.994053840637207031e-01
2.461071505681839306e+06 1.000255942344665527e+00
2.461071505747978110e+06 1.000858664512634277e+00
2.461071505814116914e+06 1.000895977020263672e+00
2.461071505880255718e+06 1.000150680541992188e+00
2.461071505946394522e+06 1.000445604324340820e+00
2.461071506012533326e+06 1.000503897666931152e+00
2.461071506078672130e+06 1.000489354133605957e+00
2.461071506144810934e+06 1.000965595245361328e+00
2.461071506210949738e+06 1.000234961509704590e+00
2.461071506277088542e+06 9.995366334915161133e-01
2.461071506343227345e+06 1.000383973121643066e+00
2.461071506409366149e+06 9.999659657478332520e-01
2.461071506475504488e+06 9.995366334915161133e-01
2.461071506541643292e+06 1.000881433486938477e+00
2.461071506607782096e+06 1.001224875450134277e+00
2.461071506673920900e+06 1.000568747520446777e+00
2.461071506740059704e+06 1.000085830688476562e+00
2.461071506806198508e+06 1.001540780067443848e+00
2.461071506872337312e+06 1.000680446624755859e+00
2.461071506938476115e+06 1.000617265701293945e+00
2.461071507004614919e+06 1.000254392623901367e+00
2.461071507070753723e+06 1.000029206275939941e+00
2.461071507136892527e+06 1.000377535820007324e+00
2.461071507203031331e+06 1.000236511230468750e+00
2.461071507269170135e+06 1.000439047813415527e+00
2.461071507335308939e+06 1.001600742340087891e+00
2.461071507401447743e+06 9.997537136077880859e-01
2.461071507467586081e+06 1.000309467315673828e+00
2.461071507533724885e+06 1.001142263412475586e+00
2.461071507599863689e+06 1.000792264938354492e+00
2.461071507666002493e+06 1.000388860702514648e+00
2.461071507732141297e+06 9.997180700302124023e-01
2.461071507798280101e+06 1.000793933868408203e+00
2.461071507864418905e+06 1.000264048576354980e+00
2.461071507930557709e+06 9.997796416282653809e-01
2.461071507996696513e+06 9.998314976692199707e-01
2.461071508062835317e+06 1.000254392623901367e+00
2.461071508128974121e+06 9.977803230285644531e-01
2.461071508195112925e+06 9.995787739753723145e-01
2.461071508261251729e+06 1.001189231872558594e+00
2.461071508327390533e+06 9.987524747848510742e-01
2.461071508393529337e+06 1.000677227973937988e+00
2.461071508459667675e+06 9.996548891067504883e-01
2.461071508525806479e+06 1.001093626022338867e+00
2.461071508591945283e+06 1.000458478927612305e+00
2.461071508658084087e+06 9.998574256896972656e-01
2.461071508724222891e+06 9.996662139892578125e-01
2.461071508790361695e+06 1.001066088676452637e+00
2.461071508856500499e+06 9.997504949569702148e-01
2.461071508922639303e+06 1.000366210937500000e+00
2.461071508988778107e+06 1.000116705894470215e+00
2.461071509054916911e+06 1.001265406608581543e+00
2.461071509121055715e+06 9.997699260711669922e-01
2.461071509187194519e+06 9.997261762619018555e-01
2.461071509253333323e+06 1.000045418739318848e+00
2.461071509319472127e+06 9.990748763084411621e-01
2.461071509385610931e+06 1.000463366508483887e+00
2.461071509451749269e+06 9.993357062339782715e-01
2.461071509517888073e+06 1.000481247901916504e+00
2.461071509584026877e+06 9.990133047103881836e-01
2.461071509650165681e+06 9.995479583740234375e-01
2.461071509716304485e+06 1.000100493431091309e+00
2.461071509782443289e+06 1.000012993812561035e+00
2.461071509848582093e+06 1.000244617462158203e+00
2.461071509914720897e+06 1.000565409660339355e+00
2.461071509980859701e+06 9.996857047080993652e-01
2.461071510046998505e+06 9.998655319213867188e-01
2.461071510113137309e+06 1.001286387443542480e+00
2.461071510179276112e+06 1.000529766082763672e+00
2.461071510245414916e+06 1.000959157943725586e+00
2.461071510311553720e+06 9.998736381530761719e-01
2.461071510377692524e+06 1.000068068504333496e+00
2.461071510443830863e+06 1.000722646713256836e+00
2.461071510509969667e+06 9.988220930099487305e-01
2.461071510576108471e+06 1.001543998718261719e+00
2.461071510642247275e+06 1.000081062316894531e+00
2.461071510708386078e+06 9.994069933891296387e-01
2.461071510774524882e+06 1.000040531158447266e+00
2.461071510840663686e+06 1.000439047813415527e+00
2.461071510906802490e+06 9.993746280670166016e-01
2.461071510972941294e+06 9.999692440032958984e-01
2.461071511039080098e+06 9.998574256896972656e-01
2.461071511105218902e+06 9.996613860130310059e-01
2.461071511171357706e+06 1.000432610511779785e+00
2.461071511237496510e+06 9.999189972877502441e-01
2.461071511303635314e+06 9.999416470527648926e-01
2.461071511369774118e+06 9.999530315399169922e-01
2.461071511435912456e+06 1.000508785247802734e+00
2.461071511502051260e+06 9.994572401046752930e-01
2.461071511568190064e+06 9.990910887718200684e-01
2.461071511634328868e+06 1.000439047813415527e+00
2.461071511700467672e+06 9.990910887718200684e-01
2.461071511766606476e+06 9.996970295906066895e-01
2.461071511832745280e+06 1.000286817550659180e+00
2.461071511898884084e+06 9.992919564247131348e-01
2.461071511965022888e+06 1.000524997711181641e+00
2.461071512031161692e+06 9.984089732170104980e-01
2.461071512097300496e+06 1.000460147857666016e+00
2.461071512163439300e+06 9.991899132728576660e-01
2.461071512229578104e+06 1.000960826873779297e+00
2.461071512295716908e+06 1.001647710800170898e+00
2.461071512361855712e+06 1.000178217887878418e+00
2.461071512427994050e+06 1.000233292579650879e+00
2.461071512494132854e+06 9.996775984764099121e-01
2.461071512560271658e+06 9.996905326843261719e-01
2.461071512626410462e+06 9.992465972900390625e-01
2.461071512692549266e+06 1.001053094863891602e+00
2.461071512758688070e+06 1.000881433486938477e+00
2.461071512824826874e+06 1.001053094863891602e+00
2.461071512890965678e+06 1.000631928443908691e+00
2.461071512957104482e+06 1.001210331916809082e+00
2.461071513023243286e+06 9.999789595603942871e-01
2.461071513089382090e+06 1.000648021697998047e+00
2.461071513155520894e+06 1.000555753707885742e+00
2.461071513221659698e+06 1.001800060272216797e+00
2.461071513287798502e+06 1.000092387199401855e+00
2.461071513353937306e+06 9.993016719818115234e-01
2.461071513420075644e+06 1.000802040100097656e+00
2.461071513486214448e+06 1.000042080879211426e+00
2.461071513552353252e+06 9.989598393440246582e-01
2.461071513618492056e+06 9.992239475250244141e-01
2.461071513684630860e+06 9.997229576110839844e-01
2.461071513750769664e+06 1.000121474266052246e+00
2.461071513816908468e+06 9.991186261177062988e-01
2.461071513883047272e+06 1.001082301139831543e+00
2.461071513949186075e+06 1.000641584396362305e+00
2.461071514015324879e+06 1.001270174980163574e+00
2.461071514081463683e+06 1.000121474266052246e+00
2.461071514147602487e+06 9.987265467643737793e-01
2.461071514213741291e+06 9.998542070388793945e-01
2.461071514279880095e+06 1.000048637390136719e+00
2.461071514346018899e+06 1.000466585159301758e+00
2.461071514412157238e+06 1.001394987106323242e+00
2.461071514478296041e+06 9.991121292114257812e-01
2.461071514544434845e+06 1.001011013984680176e+00
2.461071514610573649e+06 9.994183778762817383e-01
2.461071514676712453e+06 1.000824689865112305e+00
2.461071514742851257e+06 9.993859529495239258e-01
2.461071514808990061e+06 1.000074505805969238e+00
2.461071514875128865e+06 9.998736381530761719e-01
2.461071514941267669e+06 1.000563859939575195e+00
2.461071515007406473e+06 1.001069307327270508e+00
2.461071515073545277e+06 1.000129580497741699e+00
2.461071515139684081e+06 1.000309467315673828e+00
2.461071515205822885e+06 9.998703598976135254e-01
2.461071515271961689e+06 1.000059962272644043e+00
2.461071515338100493e+06 1.000524997711181641e+00
2.461071515404238831e+06 1.000487685203552246e+00
2.461071515470377635e+06 1.000421285629272461e+00
2.461071515536516439e+06 9.994361996650695801e-01
2.461071515602655243e+06 1.000375866889953613e+00
2.461071515668794047e+06 9.994961023330688477e-01
2.461071515734932851e+06 1.001765966415405273e+00
2.461071515801071655e+06 1.000301361083984375e+00
2.461071515867210459e+06 1.000568747520446777e+00
2.461071515933349263e+06 1.000171780586242676e+00
2.461071515999488067e+06 9.995123147964477539e-01
2.461071516065626871e+06 1.000225186347961426e+00
2.461071516131765675e+06 1.000712871551513672e+00
2.461071516197904479e+06 9.997650980949401855e-01
2.461071516264043283e+06 9.992628097534179688e-01
2.461071516330182087e+06 9.999108910560607910e-01
2.461071516396320425e+06 9.994588494300842285e-01
2.461071516462459229e+06 1.000413179397583008e+00
2.461071516528598033e+06 9.990699887275695801e-01
2.461071516594736837e+06 9.999173879623413086e-01
2.461071516660875641e+06 1.000001668930053711e+00
2.461071516727014445e+06 1.000810146331787109e+00
2.461071516793153249e+06 9.994718432426452637e-01
2.461071516859292053e+06 1.001038551330566406e+00
2.461071516925430857e+06 1.000309467315673828e+00
2.461071516991569661e+06 9.999756813049316406e-01
2.461071517057708465e+06 9.994459152221679688e-01
2.461071517123847269e+06 9.998104572296142578e-01
2.461071517189986072e+06 1.000029206275939941e+00
2.461071517256124876e+06 1.000683665275573730e+00
2.461071517322263680e+06 1.000315904617309570e+00
2.461071517388402019e+06 9.992774128913879395e-01
2.461071517454540823e+06 9.992061257362365723e-01
2.461071517520679627e+06 9.987751245498657227e-01
2.461071517586818431e+06 1.000661015510559082e+00
2.461071517652957235e+06 1.000254392623901367e+00
2.461071517719096038e+06 9.992806315422058105e-01
2.461071517785234842e+06 9.998736381530761719e-01
2.461071517851373646e+06 1.000403404235839844e+00
2.461071517917512450e+06 9.996646046638488770e-01
2.461071517983651254e+06 1.000780940055847168e+00
2.461071518049790058e+06 9.999319314956665039e-01
2.461071518115928862e+06 1.000187993049621582e+00
2.461071518182067666e+06 9.999027848243713379e-01
2.461071518248206470e+06 9.999497532844543457e-01
2.461071518314344808e+06 1.001002907752990723e+00
2.461071518380483612e+06 1.000388860702514648e+00
2.461071518446622416e+06 1.000309467315673828e+00
2.461071518512761220e+06 1.000492572784423828e+00
2.461071518578900024e+06 9.989241957664489746e-01
2.461071518645038828e+06 9.997456073760986328e-01
2.461071518711177632e+06 1.000290036201477051e+00
2.461071518777316436e+06 1.000989913940429688e+00
2.461071518843455240e+06 1.000319123268127441e+00
2.461071518909594044e+06 1.000149011611938477e+00
2.461071518975732848e+06 9.996030330657958984e-01
2.461071519041871652e+06 9.998833537101745605e-01
2.461071519108010456e+06 9.985823035240173340e-01
2.461071519174149260e+06 1.000379085540771484e+00
2.461071519240288064e+06 1.000594615936279297e+00
2.461071519306426402e+06 9.998849630355834961e-01
2.461071519372565206e+06 1.000409960746765137e+00
2.461071519438704010e+06 1.000424504280090332e+00
2.461071519504842814e+06 1.001027226448059082e+00
2.461071519570981618e+06 1.000609159469604492e+00
2.461071519637120422e+06 1.000429391860961914e+00
2.461071519703259226e+06 9.997488856315612793e-01
2.461071519769398030e+06 1.000521659851074219e+00
2.461071519835536834e+06 9.994896650314331055e-01
2.461071519901675638e+06 9.994879961013793945e-01
2.461071519967814442e+06 1.000293254852294922e+00
2.461071520033953246e+06 1.000447154045104980e+00
2.461071520100092050e+06 1.000435829162597656e+00
2.461071520166230854e+06 9.985920786857604980e-01
2.461071520232369658e+06 9.999400377273559570e-01
2.461071520298507996e+06 1.000372648239135742e+00
2.461071520364646800e+06 9.998120665550231934e-01
2.461071520430785604e+06 9.982663989067077637e-01
2.461071520496924408e+06 9.999514222145080566e-01
2.461071520563063212e+06 1.000793933868408203e+00
2.461071520629202016e+06 1.000628590583801270e+00
2.461071520695340820e+06 1.000001668930053711e+00
2.461071520761479624e+06 1.000218749046325684e+00
2.461071520827618428e+06 1.000690221786499023e+00
2.461071520893757232e+06 1.000424504280090332e+00
2.461071520959896035e+06 1.000599503517150879e+00
2.461071521026034839e+06 1.000596284866333008e+00
2.461071521092173643e+06 1.000153899192810059e+00
2.461071521158312447e+06 9.995625615119934082e-01
2.461071521224451251e+06 9.993924498558044434e-01
2.461071521290589590e+06 1.000345110893249512e+00
2.461071521356728394e+06 1.000100493431091309e+00
2.461071521422867198e+06 1.000630259513854980e+00
2.461071521489006002e+06 1.001082301139831543e+00
2.461071521555144805e+06 1.001516461372375488e+00
2.461071521621283609e+06 9.987508058547973633e-01
2.461071521687422413e+06 1.000307798385620117e+00
2.461071521753561217e+06 1.000862002372741699e+00
2.461071521819700021e+06 9.998752474784851074e-01
2.461071521885838825e+06 1.000920295715332031e+00
2.461071521951977629e+06 9.999886751174926758e-01
2.461071522018116433e+06 1.000280261039733887e+00
2.461071522084255237e+06 1.001450061798095703e+00
2.461071522150394041e+06 9.997537136077880859e-01
2.461071522216532845e+06 1.000061511993408203e+00
2.461071522282671183e+06 1.000400185585021973e+00
2.461071522348809987e+06 9.996889233589172363e-01
2.461071522414948791e+06 9.999902844429016113e-01
2.461071522481087595e+06 1.000452041625976562e+00
2.461071522547226399e+06 1.001508355140686035e+00
2.461071522613365203e+06 1.000560641288757324e+00
2.461071522679504007e+06 9.996176362037658691e-01
2.461071522745642811e+06 9.999530315399169922e-01
2.461071522811781615e+06 1.000427722930908203e+00
2.461071522877920419e+06 9.997213482856750488e-01
2.461071522944059223e+06 1.001116275787353516e+00
2.461071523010198027e+06 9.999837875366210938e-01
2.461071523076336831e+06 1.000889539718627930e+00
2.461071523142475635e+06 1.000262498855590820e+00
2.461071523208614439e+06 1.000157117843627930e+00
2.461071523274752777e+06 9.992271661758422852e-01
2.461071523340891581e+06 9.998703598976135254e-01
2.461071523407030385e+06 1.000889539718627930e+00
2.461071523473169189e+06 9.996986389160156250e-01
2.461071523539307993e+06 1.000337004661560059e+00
2.461071523605446797e+06 9.994766712188720703e-01
2.461071523671585601e+06 1.000149011611938477e+00
2.461071523737724405e+06 9.998104572296142578e-01
2.461071523803863209e+06 1.000648021697998047e+00
2.461071523870002013e+06 9.997990727424621582e-01
2.461071523936140817e+06 1.000973701477050781e+00
2.461071524002279621e+06 1.001140594482421875e+00
2.461071524068418425e+06 9.999254941940307617e-01
2.461071524134557229e+06 1.000144243240356445e+00
2.461071524200696032e+06 9.995511770248413086e-01
2.461071524266834371e+06 1.000737190246582031e+00
2.461071524332973175e+06 9.997958540916442871e-01
2.461071524399111979e+06 9.999675750732421875e-01
2.461071524465250783e+06 1.000324010848999023e+00
2.461071524531389587e+06 9.997780323028564453e-01
2.461071524597528391e+06 9.994556307792663574e-01
2.461071524663667195e+06 1.000733971595764160e+00
2.461071524729805999e+06 9.995463490486145020e-01
2.461071524795944802e+06 1.000707983970642090e+00
2.461071524862083606e+06 1.000986695289611816e+00
2.461071524928222410e+06 9.990440607070922852e-01
2.461071524994361214e+06 1.001082301139831543e+00
2.461071525060500018e+06 1.000850558280944824e+00
2.461071525126638822e+06 1.000001668930053711e+00
2.461071525192777626e+06 1.000157117843627930e+00
2.461071525258915965e+06 9.997909665107727051e-01
2.461071525325054768e+06 9.995544552803039551e-01
2.461071525391193572e+06 1.001216769218444824e+00
2.461071525457332376e+06 9.996160268783569336e-01
2.461071525523471180e+06 1.000625371932983398e+00
2.461071525589609984e+06 1.001137375831604004e+00
2.461071525655748788e+06 9.997877478599548340e-01
2.461071525721887592e+06 9.999772906303405762e-01
2.461071525788026396e+06 1.000298142433166504e+00
2.461071525854165200e+06 1.000173330307006836e+00
2.461071525920304004e+06 1.000205755233764648e+00
2.461071525986442808e+06 9.986892342567443848e-01
2.461071526052581612e+06 9.999983906745910645e-01
2.461071526118720416e+06 1.000667572021484375e+00
2.461071526184859220e+06 1.000226855278015137e+00
2.461071526250997558e+06 1.000314354896545410e+00
2.461071526317136362e+06 1.000445604324340820e+00
2.461071526383275166e+06 9.996516704559326172e-01
2.461071526449413970e+06 9.989841580390930176e-01
2.461071526515552774e+06 1.000541090965270996e+00
2.461071526581691578e+06 9.989776611328125000e-01
2.461071526647830382e+06 9.997342824935913086e-01
2.461071526713969186e+06 1.000265717506408691e+00
2.461071526780107990e+06 9.997861385345458984e-01
2.461071526846246794e+06 1.000907301902770996e+00
2.461071526912385598e+06 9.992384910583496094e-01
2.461071526978524402e+06 9.994232058525085449e-01
2.461071527044663206e+06 1.000810146331787109e+00
2.461071527110802010e+06 9.991153478622436523e-01
2.461071527176940814e+06 1.000855445861816406e+00
2.461071527243079152e+06 9.999546408653259277e-01
2.461071527309217956e+06 1.000033974647521973e+00
2.461071527375356760e+06 1.000126361846923828e+00
2.461071527441495564e+06 1.000563859939575195e+00
2.461071527507634368e+06 9.987346529960632324e-01
2.461071527573773172e+06 1.001198887825012207e+00
2.461071527639911976e+06 1.000008106231689453e+00
2.461071527706050780e+06 1.000884652137756348e+00
2.461071527772189584e+06 9.991672039031982422e-01
2.461071527838328388e+06 1.000905632972717285e+00
2.461071527904467192e+06 9.992919564247131348e-01
2.461071527970605996e+06 1.000270605087280273e+00
2.461071528036744799e+06 9.997683167457580566e-01
2.461071528102883603e+06 9.994313120841979980e-01
2.461071528169022407e+06 1.000868439674377441e+00
2.461071528235160746e+06 1.000110149383544922e+00
2.461071528301299550e+06 1.000157117843627930e+00
2.461071528367438354e+06 1.000262498855590820e+00
2.461071528433577158e+06 9.996954202651977539e-01
2.461071528499715962e+06 9.994199872016906738e-01
2.461071528565854765e+06 9.984008669853210449e-01
2.461071528631993569e+06 9.996354579925537109e-01
2.461071528698132373e+06 1.001323699951171875e+00
2.461071528764271177e+06 9.999368190765380859e-01
2.461071528830409981e+06 1.000377535820007324e+00
2.461071528896548785e+06 9.988464117050170898e-01
2.461071528962687589e+06 9.996873140335083008e-01
2.461071529028826393e+06 1.000252723693847656e+00
2.461071529094965197e+06 9.999789595603942871e-01
2.461071529161104001e+06 1.000698328018188477e+00
2.461071529227242339e+06 1.000204086303710938e+00
2.461071529293381143e+06 9.990279078483581543e-01
2.461071529359519947e+06 1.005884528160095215e+00
2.461071529425658751e+06 9.997829198837280273e-01
2.461071529491797555e+06 1.000212192535400391e+00
2.461071529557936359e+06 1.000327229499816895e+00
2.461071529624075163e+06 9.991267323493957520e-01
2.461071529690213967e+06 1.000252723693847656e+00
2.461071529756352771e+06 9.999724626541137695e-01
2.461071529822491575e+06 1.000202536582946777e+00
2.461071529888630379e+06 1.000077724456787109e+00
2.461071529954769183e+06 1.000929951667785645e+00
2.461071530020907987e+06 9.992384910583496094e-01
2.461071530087046791e+06 1.000115036964416504e+00
2.461071530153185595e+06 1.000907301902770996e+00
2.461071530219323933e+06 9.997310638427734375e-01
2.461071530285462737e+06 1.001198887825012207e+00
2.461071530351601541e+06 1.000079393386840820e+00
2.461071530417740345e+06 1.000620484352111816e+00
2.461071530483879149e+06 1.000797152519226074e+00
2.461071530550017953e+06 9.998687505722045898e-01
2.461071530616156757e+06 9.997245669364929199e-01
2.461071530682295561e+06 1.000333786010742188e+00
2.461071530748434365e+06 1.000390410423278809e+00
2.461071530814573169e+06 1.000818252563476562e+00
2.461071530880711973e+06 1.000050187110900879e+00
2.461071530946850777e+06 1.000361323356628418e+00
2.461071531012989581e+06 1.000124812126159668e+00
2.461071531079128385e+06 1.000058293342590332e+00
2.461071531145267189e+06 9.998185634613037109e-01
2.461071531211405527e+06 1.000494122505187988e+00
2.461071531277544331e+06 9.992449879646301270e-01
2.461071531343683135e+06 9.999708533287048340e-01
2.461071531409821939e+06 1.000072956085205078e+00
2.461071531475960743e+06 1.000571966171264648e+00
2.461071531542099547e+06 1.000959157943725586e+00
2.461071531608238351e+06 1.000056743621826172e+00
2.461071531674377155e+06 9.993649125099182129e-01
2.461071531740515959e+06 1.000181436538696289e+00
2.461071531806654762e+06 9.999935030937194824e-01
2.461071531872793566e+06 1.000497341156005859e+00
2.461071531938932370e+06 9.995836019515991211e-01
2.461071532005071174e+06 9.996483922004699707e-01
2.461071532071209978e+06 1.001006126403808594e+00
2.461071532137348782e+06 1.001247525215148926e+00
2.461071532203487121e+06 1.000095605850219727e+00
2.461071532269625925e+06 9.997586011886596680e-01
2.461071532335764728e+06 1.000207424163818359e+00
2.461071532401903532e+06 9.990716576576232910e-01
2.461071532468042336e+06 9.999805688858032227e-01
2.461071532534181140e+06 9.993487000465393066e-01
2.461071532600319944e+06 1.000012993812561035e+00
2.461071532666458748e+06 1.000134468078613281e+00
2.461071532732597552e+06 9.997148513793945312e-01
2.461071532798736356e+06 9.994264245033264160e-01
2.461071532864875160e+06 9.998493194580078125e-01
2.461071532931013964e+06 9.992935657501220703e-01
2.461071532997152768e+06 9.993713498115539551e-01
2.461071533063291572e+06 9.996873140335083008e-01
2.461071533129430376e+06 9.995074868202209473e-01
2.461071533195568714e+06 9.998655319213867188e-01
2.461071533261707518e+06 9.998817443847656250e-01
2.461071533327846322e+06 1.000197649002075195e+00
2.461071533393985126e+06 9.999902844429016113e-01
2.461071533460123930e+06 9.989290237426757812e-01
2.461071533526262734e+06 9.996792078018188477e-01
2.461071533592401538e+06 9.995220303535461426e-01
2.461071533658540342e+06 9.988399147987365723e-01
2.461071533724679146e+06 1.000499010086059570e+00
2.461071533790817950e+06 1.000682115554809570e+00
2.461071533856956754e+06 9.988853335380554199e-01
2.461071533923095558e+06 9.996516704559326172e-01
2.461071533989234362e+06 9.999108910560607910e-01
2.461071534055373166e+06 9.995609521865844727e-01
2.461071534121511970e+06 9.997213482856750488e-01
2.461071534187650308e+06 9.988561272621154785e-01
2.461071534253789112e+06 9.996192455291748047e-01
2.461071534319927916e+06 1.000153899192810059e+00
2.461071534386066720e+06 1.000069618225097656e+00
2.461071534452205524e+06 1.000599503517150879e+00
2.461071534518344328e+06 9.995090961456298828e-01
2.461071534584483132e+06 1.000921845436096191e+00
2.461071534650621936e+06 1.001720666885375977e+00
2.461071534716760740e+06 9.992239475250244141e-01
2.461071534782899544e+06 1.000654578208923340e+00
2.461071534849038348e+06 9.998250007629394531e-01
2.461071534915177152e+06 9.993810653686523438e-01
2.461071534981315956e+06 9.994879961013793945e-01
2.461071535047454759e+06 1.000986695289611816e+00
2.461071535113593563e+06 1.000320792198181152e+00
2.461071535179731902e+06 1.000233292579650879e+00
2.461071535245870706e+06 1.000429391860961914e+00
2.461071535312009510e+06 9.984737634658813477e-01
2.461071535378148314e+06 9.997909665107727051e-01
2.461071535444287118e+06 1.000312685966491699e+00
2.461071535510425922e+06 9.986050128936767578e-01
2.461071535576564725e+06 9.997796416282653809e-01
2.461071535642703529e+06 1.000121474266052246e+00
2.461071535708842333e+06 9.994912743568420410e-01
2.461071535774981137e+06 9.998282790184020996e-01
2.461071535841119941e+06 9.990035891532897949e-01
2.461071535907258745e+06 1.001142263412475586e+00
2.461071535973397549e+06 1.000784158706665039e+00
2.461071536039536353e+06 1.000324010848999023e+00
2.461071536105675157e+06 1.000612378120422363e+00
2.461071536171813495e+06 1.000304579734802246e+00
2.461071536237952299e+06 1.000443935394287109e+00
2.461071536304091103e+06 9.999336004257202148e-01
2.461071536370229907e+06 9.994134902954101562e-01
2.461071536436368711e+06 9.988285899162292480e-01
2.461071536502507515e+06 9.995706677436828613e-01
2.461071536568646319e+06 9.999092817306518555e-01
2.461071536634785123e+06 9.992612004280090332e-01
2.461071536700923927e+06 1.000758290290832520e+00
2.461071536767062731e+06 9.998525381088256836e-01
2.461071536833201535e+06 1.000306248664855957e+00
2.461071536899340339e+06 9.992822408676147461e-01
2.461071536965479143e+06 9.997196793556213379e-01
2.461071537031617947e+06 9.998379945755004883e-01
2.461071537097756751e+06 1.000882983207702637e+00
2.461071537163895089e+06 1.000178217887878418e+00
2.461071537230033893e+06 1.004100680351257324e+00
2.461071537296172697e+06 9.999967813491821289e-01
2.461071537362311501e+06 1.000207424163818359e+00
2.461071537428450305e+06 1.000610828399658203e+00
2.461071537494589109e+06 1.000270605087280273e+00
2.461071537560727913e+06 9.999983906745910645e-01
2.461071537626866717e+06 1.000137686729431152e+00
2.461071537693005521e+06 9.994264245033264160e-01
2.461071537759144325e+06 9.995657801628112793e-01
2.461071537825283129e+06 1.000714540481567383e+00
2.461071537891421933e+06 1.000789046287536621e+00
2.461071537957560737e+06 9.997375011444091797e-01
2.461071538023699541e+06 9.993324875831604004e-01
2.461071538089838345e+06 1.000487685203552246e+00
2.461071538155976683e+06 1.000006437301635742e+00
2.461071538222115487e+06 1.000016212463378906e+00
2.461071538288254291e+06 9.991688132286071777e-01
2.461071538354393095e+06 1.000246286392211914e+00
2.461071538420531899e+06 9.993907809257507324e-01
2.461071538486670703e+06 1.000074505805969238e+00
2.461071538552809507e+06 9.987119436264038086e-01
2.461071538618948311e+06 1.000565409660339355e+00
2.461071538685087115e+06 9.992303848266601562e-01
2.461071538751225919e+06 9.995884895324707031e-01
2.461071538817364722e+06 1.001297831535339355e+00
2.461071538883503526e+06 9.998687505722045898e-01
2.461071538949642330e+06 1.000510334968566895e+00
2.461071539015781134e+06 1.000281929969787598e+00
2.461071539081919938e+06 1.000560641288757324e+00
2.461071539148058742e+06 1.000795483589172363e+00
2.461071539214197081e+06 9.995398521423339844e-01
2.461071539280335885e+06 1.000087499618530273e+00
2.461071539346474689e+06 1.000095605850219727e+00
2.461071539412613492e+06 1.000531435012817383e+00
2.461071539478752296e+06 1.000116705894470215e+00
2.461071539544891100e+06 9.995592832565307617e-01
2.461071539611029904e+06 1.000016212463378906e+00
2.461071539677168708e+06 1.000473141670227051e+00
2.461071539743307512e+06 9.981303215026855469e-01
2.461071539809446316e+06 9.986860156059265137e-01
2.461071539875585120e+06 9.997375011444091797e-01
2.461071539941723924e+06 1.000419616699218750e+00
2.461071540007862728e+06 9.994523525238037109e-01
2.461071540074001532e+06 1.000171780586242676e+00
2.461071540140139870e+06 1.000494122505187988e+00
2.461071540206278674e+06 9.993033409118652344e-01
2.461071540272417478e+06 1.001104950904846191e+00
2.461071540338556282e+06 1.000889539718627930e+00
2.461071540404695086e+06 9.997780323028564453e-01
2.461071540470833890e+06 9.999449253082275391e-01
2.461071540536972694e+06 9.993194937705993652e-01
2.461071540603111498e+06 9.996257424354553223e-01
2.461071540669250302e+06 9.991267323493957520e-01
2.461071540735389106e+06 1.000850558280944824e+00
2.461071540801527910e+06 9.997829198837280273e-01
2.461071540867666714e+06 1.000698328018188477e+00
2.461071540933805518e+06 1.000419616699218750e+00
2.461071540999944322e+06 1.000051856040954590e+00
2.461071541066083126e+06 1.000260829925537109e+00
2.461071541132221930e+06 1.000231742858886719e+00
2.461071541198360268e+06 1.001307487487792969e+00
2.461071541264499072e+06 9.995253086090087891e-01
2.461071541330637876e+06 1.000016212463378906e+00
2.461071541396776680e+06 9.988010525703430176e-01
2.461071541462915484e+06 9.995625615119934082e-01
2.461071541529054288e+06 9.986990094184875488e-01
2.461071541595193092e+06 1.000119924545288086e+00
2.461071541661331896e+06 1.000233292579650879e+00
2.461071541727470700e+06 9.992352724075317383e-01
2.461071541793609504e+06 1.000337004661560059e+00
2.461071541859748308e+06 1.000249505043029785e+00
2.461071541925887112e+06 1.000149011611938477e+00
2.461071541992025916e+06 1.000952720642089844e+00
2.461071542058164719e+06 9.995787739753723145e-01
2.461071542124303058e+06 1.000474691390991211e+00
2.461071542190441862e+06 1.000322461128234863e+00
2.461071542256580666e+06 9.996532797813415527e-01
2.461071542322719470e+06 1.000372648239135742e+00
2.461071542388858274e+06 9.994977116584777832e-01
2.461071542454997078e+06 9.997926354408264160e-01
2.461071542521135882e+06 9.990440607070922852e-01
2.461071542587274686e+06 9.998574256896972656e-01
2.461071542653413489e+06 9.999206066131591797e-01
2.461071542719552293e+06 9.998104572296142578e-01
2.461071542785691097e+06 9.992741346359252930e-01
2.461071542851829901e+06 9.987006187438964844e-01
2.461071542917968705e+06 9.998930692672729492e-01
2.461071542984107509e+06 1.001367449760437012e+00
2.461071543050246313e+06 1.000761508941650391e+00
2.461071543116385117e+06 9.996419548988342285e-01
2.461071543182523455e+06 9.999173879623413086e-01
2.461071543248662259e+06 9.996160268783569336e-01
2.461071543314801063e+06 9.994879961013793945e-01
2.461071543380939867e+06 9.993454217910766602e-01
2.461071543447078671e+06 1.001002907752990723e+00
2.461071543513217475e+06 1.000283479690551758e+00
2.461071543579356279e+06 1.000792264938354492e+00
2.461071543645495083e+06 9.992125630378723145e-01
2.461071543711633887e+06 9.987168312072753906e-01
2.461071543777772691e+06 9.997764229774475098e-01
2.461071543843911495e+06 9.993487000465393066e-01
2.461071543910050299e+06 9.997196793556213379e-01
2.461071543976189103e+06 1.001338243484497070e+00
2.461071544042327907e+06 9.992287755012512207e-01
2.461071544108466711e+06 1.000719308853149414e+00
2.461071544174605049e+06 9.997196793556213379e-01
2.461071544240743853e+06 1.000545978546142578e+00
2.461071544306882657e+06 1.000328898429870605e+00
2.461071544373021461e+06 1.000045418739318848e+00
2.461071544439160265e+06 9.999562501907348633e-01
2.461071544505299069e+06 1.000257611274719238e+00
2.461071544571437873e+06 9.998703598976135254e-01
2.461071544637576677e+06 1.000366210937500000e+00
2.461071544703715481e+06 1.000176548957824707e+00
2.461071544769854285e+06 9.996305704116821289e-01
2.461071544835993089e+06 9.986147284507751465e-01
2.461071544902131893e+06 1.000829577445983887e+00
2.461071544968270697e+06 9.986001253128051758e-01
2.461071545034409501e+06 9.992271661758422852e-01
2.461071545100548305e+06 9.998542070388793945e-01
2.461071545166686643e+06 9.994410276412963867e-01
2.461071545232825447e+06 9.996273517608642578e-01
2.461071545298964251e+06 9.974417090415954590e-01
2.461071545365103055e+06 1.000380754470825195e+00
2.461071545431241859e+06 9.994150996208190918e-01
2.461071545497380663e+06 9.991056323051452637e-01
2.461071545563519467e+06 1.000118255615234375e+00
2.461071545629658271e+06 1.001198887825012207e+00
2.461071545695797075e+06 9.989355206489562988e-01
2.461071545761935879e+06 9.999222159385681152e-01
2.461071545828074683e+06 1.000364542007446289e+00
2.461071545894213486e+06 9.990991950035095215e-01
2.461071545960352290e+06 9.992887377738952637e-01
2.461071546026491094e+06 9.996954202651977539e-01
2.461071546092629898e+06 9.994750618934631348e-01
2.461071546158768237e+06 9.997764229774475098e-01
2.461071546224907041e+06 9.995398521423339844e-01
2.461071546291045845e+06 9.995107054710388184e-01
2.461071546357184649e+06 9.996338486671447754e-01
2.461071546423323452e+06 1.000638365745544434e+00
2.461071546489462256e+06 1.001241087913513184e+00
2.461071546555601060e+06 9.993762373924255371e-01
2.461071546621739864e+06 9.998752474784851074e-01
2.461071546687878668e+06 1.000029206275939941e+00
2.461071546754017472e+06 1.000513553619384766e+00
2.461071546820156276e+06 1.001245975494384766e+00
2.461071546886295080e+06 1.000811696052551270e+00
2.461071546952433884e+06 1.000110149383544922e+00
2.461071547018572688e+06 9.997845292091369629e-01
2.461071547084711492e+06 9.995172023773193359e-01
2.461071547150849830e+06 9.997634291648864746e-01
2.461071547216988634e+06 1.000745296478271484e+00
2.461071547283127438e+06 1.000043749809265137e+00
2.461071547349266242e+06 1.000069618225097656e+00
2.461071547415405046e+06 1.000827908515930176e+00
2.461071547481543850e+06 1.000290036201477051e+00
2.461071547547682654e+06 1.000567078590393066e+00
2.461071547613821458e+06 1.000957489013671875e+00
2.461071547679960262e+06 1.000554084777832031e+00
2.461071547746099066e+06 1.001017451286315918e+00
2.461071547812237870e+06 9.997715353965759277e-01
2.461071547878376674e+06 9.988626241683959961e-01
2.461071547944515478e+06 1.001381993293762207e+00
2.461071548010654282e+06 9.990408420562744141e-01
2.461071548076793086e+06 9.991315603256225586e-01
2.461071548142931424e+06 1.000618934631347656e+00
2.461071548209070228e+06 9.994183778762817383e-01
2.461071548275209032e+06 9.996694922447204590e-01
2.461071548341347836e+06 9.992125630378723145e-01
2.461071548407486640e+06 1.000422835350036621e+00
2.461071548473625444e+06 1.000544428825378418e+00
2.461071548539764248e+06 1.001122832298278809e+00
2.461071548605903052e+06 1.000669121742248535e+00
2.461071548672041856e+06 9.997277855873107910e-01
2.461071548738180660e+06 1.000665903091430664e+00
2.461071548804319464e+06 9.995982050895690918e-01
2.461071548870458268e+06 1.000288367271423340e+00
2.461071548936597072e+06 9.993114471435546875e-01
2.461071549002735876e+06 1.000025868415832520e+00
2.461071549068874680e+06 9.999935030937194824e-01
2.461071549135013018e+06 9.995689988136291504e-01
2.461071549201151822e+06 1.000119924545288086e+00
2.461071549267290626e+06 1.001169800758361816e+00
2.461071549333429430e+06 1.000033974647521973e+00
2.461071549399568234e+06 1.000640034675598145e+00
2.461071549465707038e+06 1.000014543533325195e+00
2.461071549531845842e+06 9.992530941963195801e-01
2.461071549597984646e+06 1.000008106231689453e+00
2.461071549664123449e+06 1.000251173973083496e+00
2.461071549730262253e+06 9.997213482856750488e-01
2.461071549796401057e+06 9.994150996208190918e-01
2.461071549862539861e+06 9.994394183158874512e-01
2.461071549928678665e+06 9.992514848709106445e-01
2.461071549994817469e+06 1.000549197196960449e+00
2.461071550060956273e+06 1.000048637390136719e+00
2.461071550127094612e+06 9.995722770690917969e-01
2.461071550193233415e+06 1.000197649002075195e+00
2.461071550259372219e+06 1.000225186347961426e+00
2.461071550325511023e+06 9.986633658409118652e-01
2.461071550391649827e+06 9.994037747383117676e-01
2.461071550457788631e+06 9.982485771179199219e-01
2.461071550523927435e+06 9.993956685066223145e-01
2.461071550590066239e+06 9.991153478622436523e-01
2.461071550656205043e+06 9.987346529960632324e-01
2.461071550722343847e+06 9.993292689323425293e-01
2.461071550788482651e+06 9.998509287834167480e-01
2.461071550854621455e+06 9.990910887718200684e-01
2.461071550920760259e+06 1.000059962272644043e+00
2.461071550986899063e+06 1.000079393386840820e+00
2.461071551053037867e+06 1.000183105468750000e+00
2.461071551119176205e+06 9.998152852058410645e-01
2.461071551185315009e+06 9.993487000465393066e-01
2.461071551251453813e+06 9.997213482856750488e-01
2.461071551317592617e+06 9.995998144149780273e-01
2.461071551383731421e+06 1.000730752944946289e+00
2.461071551449870225e+06 1.000092387199401855e+00
2.461071551516009029e+06 9.994896650314331055e-01
2.461071551582147833e+06 1.000670790672302246e+00
2.461071551648286637e+06 1.000140905380249023e+00
2.461071551714425441e+06 1.000048637390136719e+00
2.461071551780564245e+06 1.001030445098876953e+00
2.461071551846703049e+06 1.000623822212219238e+00
2.461071551912841853e+06 9.997391700744628906e-01
2.461071551978980657e+06 9.989987015724182129e-01
2.461071552045119461e+06 9.991056323051452637e-01
2.461071552111257799e+06 9.995771050453186035e-01
2.461071552177396603e+06 1.000580072402954102e+00
2.461071552243535407e+06 1.000494122505187988e+00
2.461071552309674211e+06 1.001850247383117676e+00
2.461071552375813015e+06 1.000225186347961426e+00
2.461071552441951819e+06 9.991331696510314941e-01
2.461071552508090623e+06 1.000508785247802734e+00
2.461071552574229427e+06 9.991137385368347168e-01
2.461071552640368231e+06 9.993600249290466309e-01
2.461071552706507035e+06 1.000607609748840332e+00
2.461071552772645839e+06 1.000787377357482910e+00
2.461071552838784643e+06 9.990003108978271484e-01
2.461071552904923446e+06 1.000223636627197266e+00
2.461071552971062250e+06 1.000215530395507812e+00
2.461071553037201054e+06 9.990975260734558105e-01
2.461071553103339393e+06 9.985418319702148438e-01
2.461071553169478197e+06 1.000727415084838867e+00
2.461071553235617001e+06 1.000380754470825195e+00
2.461071553301755805e+06 1.000767946243286133e+00
2.461071553367894609e+06 9.989031553268432617e-01
2.461071553434033412e+06 1.000281929969787598e+00
2.461071553500172216e+06 9.993389844894409180e-01
2.461071553566311020e+06 1.000806808471679688e+00
2.461071553632449824e+06 1.001142263412475586e+00
2.461071553698588628e+06 1.000490903854370117e+00
2.461071553764727432e+06 1.000236511230468750e+00
2.461071553830866236e+06 9.989760518074035645e-01
2.461071553897005040e+06 1.001341462135314941e+00
2.461071553963143844e+06 9.997456073760986328e-01
2.461071554029282648e+06 9.990473389625549316e-01
2.461071554095420986e+06 1.000426054000854492e+00
2.461071554161559790e+06 9.996014237403869629e-01
2.461071554227698594e+06 9.996111392974853516e-01
2.461071554293837398e+06 1.000738859176635742e+00
2.461071554359976202e+06 1.000349998474121094e+00
2.461071554426115006e+06 9.993081688880920410e-01
2.461071554492253810e+06 1.000281929969787598e+00
2.461071554558392614e+06 9.999886751174926758e-01
2.461071554624531418e+06 1.000017881393432617e+00
2.461071554690670222e+06 9.996954202651977539e-01
2.461071554756809026e+06 1.000576734542846680e+00
2.461071554822947830e+06 9.986001253128051758e-01
2.461071554889086634e+06 1.001591086387634277e+00
2.461071554955225438e+06 9.996467828750610352e-01
2.461071555021364242e+06 1.000714540481567383e+00
2.461071555087502580e+06 1.000463366508483887e+00
2.461071555153641384e+06 9.983959794044494629e-01
2.461071555219780188e+06 1.001398205757141113e+00
2.461071555285918992e+06 1.000029206275939941e+00
2.461071555352057796e+06 1.000170111656188965e+00
2.461071555418196600e+06 1.000356435775756836e+00
2.461071555484335404e+06 1.000241398811340332e+00
2.461071555550474208e+06 9.985661506652832031e-01
2.461071555616613012e+06 9.992093443870544434e-01
2.461071555682751816e+06 1.000022649765014648e+00
2.461071555748890620e+06 1.001124382019042969e+00
2.461071555815029424e+06 1.000003218650817871e+00
2.461071555881168228e+06 1.000238180160522461e+00
2.461071555947307032e+06 1.000737190246582031e+00
2.461071556013445836e+06 9.995560646057128906e-01
2.461071556079584174e+06 1.000140905380249023e+00
2.461071556145722978e+06 1.000171780586242676e+00
2.461071556211861782e+06 1.000084280967712402e+00
2.461071556278000586e+06 1.000499010086059570e+00
2.461071556344139390e+06 1.000379085540771484e+00
2.461071556410278194e+06 9.988723397254943848e-01
2.461071556476416998e+06 9.988610148429870605e-01
2.461071556542555802e+06 9.996775984764099121e-01
2.461071556608694606e+06 9.990926980972290039e-01
2.461071556674833409e+06 9.996289610862731934e-01
2.461071556740972213e+06 9.996386766433715820e-01
2.461071556807111017e+06 1.000181436538696289e+00
2.461071556873249821e+06 9.987556934356689453e-01
2.461071556939388625e+06 9.997683167457580566e-01
2.461071557005527429e+06 1.000359654426574707e+00
2.461071557071666233e+06 9.986001253128051758e-01
2.461071557137804572e+06 9.996257424354553223e-01
2.461071557203943375e+06 1.000902414321899414e+00
2.461071557270082179e+06 9.995042085647583008e-01
2.461071557336220983e+06 9.999189972877502441e-01
2.461071557402359787e+06 9.993778467178344727e-01
2.461071557468498591e+06 1.001289725303649902e+00
2.461071557534637395e+06 1.000392079353332520e+00
2.461071557600776199e+06 9.994394183158874512e-01
2.461071557666915003e+06 9.996192455291748047e-01
2.461071557733053807e+06 1.001129269599914551e+00
2.461071557799192611e+06 9.992498755455017090e-01
2.461071557865331415e+06 9.998509287834167480e-01
2.461071557931470219e+06 1.000105261802673340e+00
2.461071557997609023e+06 1.000024318695068359e+00
2.461071558063747827e+06 9.994669556617736816e-01
2.461071558129886165e+06 1.000252723693847656e+00
2.461071558196024969e+06 9.998071789741516113e-01
2.461071558262163773e+06 1.000016212463378906e+00
2.461071558328302577e+06 9.998379945755004883e-01
2.461071558394441381e+06 9.997521042823791504e-01
2.461071558460580185e+06 9.990133047103881836e-01
2.461071558526718989e+06 1.000724196434020996e+00
2.461071558592857793e+06 1.000905632972717285e+00
2.461071558658996597e+06 9.994280934333801270e-01
2.461071558725135401e+06 1.000824689865112305e+00
2.461071558791274205e+06 9.987232685089111328e-01
2.461071558857413009e+06 1.000810146331787109e+00
2.461071558923551813e+06 9.985823035240173340e-01
2.461071558989690617e+06 9.997958540916442871e-01
2.461071559055829421e+06 1.000468254089355469e+00
2.461071559121967759e+06 9.998493194580078125e-01
2.461071559188106563e+06 1.000541090965270996e+00
2.461071559254245367e+06 9.995220303535461426e-01
2.461071559320384171e+06 9.999027848243713379e-01
2.461071559386522975e+06 1.000649690628051758e+00
2.461071559452661779e+06 9.982420802116394043e-01
2.461071559518800583e+06 9.997586011886596680e-01
2.461071559584939387e+06 9.994604587554931641e-01
2.461071559651078191e+06 1.000502228736877441e+00
2.461071559717216995e+06 1.000426054000854492e+00
2.461071559783355799e+06 9.995803833007812500e-01
2.461071559849494603e+06 1.000364542007446289e+00
2.461071559915633406e+06 9.993535280227661133e-01
2.461071559981772210e+06 1.000980257987976074e+00
2.461071560047911014e+06 9.993632435798645020e-01
2.461071560114049353e+06 1.000076174736022949e+00
2.461071560180188157e+06 9.985806941986083984e-01
2.461071560246326961e+06 1.000043749809265137e+00
2.461071560312465765e+06 1.000032424926757812e+00
2.461071560378604569e+06 1.000019431114196777e+00
2.461071560444743372e+06 9.993357062339782715e-01
2.461071560510882176e+06 9.993551373481750488e-01
2.461071560577020980e+06 1.000042080879211426e+00
2.461071560643159784e+06 1.000163674354553223e+00
2.461071560709298588e+06 1.000740408897399902e+00
2.461071560775437392e+06 9.986892342567443848e-01
2.461071560841576196e+06 9.992871284484863281e-01
2.461071560907715000e+06 1.000424504280090332e+00
2.461071560973853804e+06 1.000157117843627930e+00
2.461071561039992608e+06 9.999853968620300293e-01
2.461071561106130946e+06 9.994005560874938965e-01
2.461071561172269750e+06 9.991380572319030762e-01
2.461071561238408554e+06 1.000319123268127441e+00
2.461071561304547358e+06 1.001339912414550781e+00
2.461071561370686162e+06 9.999497532844543457e-01
2.461071561436824966e+06 9.994637370109558105e-01
2.461071561502963770e+06 1.000058293342590332e+00
2.461071561569102574e+06 1.000784158706665039e+00
2.461071561635241378e+06 9.997683167457580566e-01
2.461071561701380182e+06 9.989954829216003418e-01
2.461071561767518986e+06 1.000358104705810547e+00
2.461071561833657790e+06 9.995657801628112793e-01
2.461071561899796594e+06 1.000599503517150879e+00
2.461071561965935398e+06 9.995722770690917969e-01
2.461071562032074202e+06 9.999772906303405762e-01
2.461071562098212540e+06 9.999271035194396973e-01
2.461071562164351344e+06 9.995366334915161133e-01
2.461071562230490148e+06 1.000570297241210938e+00
2.461071562296628952e+06 9.986099004745483398e-01
2.461071562362767756e+06 9.998396039009094238e-01
2.461071562428906560e+06 9.997569918632507324e-01
2.461071562495045364e+06 1.000064849853515625e+00
2.461071562561184168e+06 1.000252723693847656e+00
2.461071562627322972e+06 1.000181436538696289e+00
2.461071562693461776e+06 1.000048637390136719e+00
2.461071562759600580e+06 1.001407980918884277e+00
2.461071562825739384e+06 9.992628097534179688e-01
2.461071562891878188e+06 1.000900864601135254e+00
2.461071562958016992e+06 1.001245975494384766e+00
2.461071563024155796e+06 9.997861385345458984e-01
2.461071563090294134e+06 1.000137686729431152e+00
2.461071563156432938e+06 9.992465972900390625e-01
2.461071563222571742e+06 9.999578595161437988e-01
2.461071563288710546e+06 1.000907301902770996e+00
2.461071563354849350e+06 9.997504949569702148e-01
2.461071563420988154e+06 1.001553773880004883e+00
2.461071563487126958e+06 1.000247836112976074e+00
2.461071563553265762e+06 9.983992576599121094e-01
2.461071563619404566e+06 1.000009775161743164e+00
2.461071563685543370e+06 9.998558163642883301e-01
2.461071563751682173e+06 9.990797042846679688e-01
2.461071563817820977e+06 1.000664234161376953e+00
2.461071563883959781e+06 1.001506805419921875e+00
2.461071563950098585e+06 1.000255942344665527e+00
2.461071564016237389e+06 9.999433159828186035e-01
2.461071564082375728e+06 9.991315603256225586e-01
2.461071564148514532e+06 1.000405073165893555e+00
2.461071564214653336e+06 9.996289610862731934e-01
2.461071564280792139e+06 9.997116327285766602e-01
2.461071564346930943e+06 1.000826239585876465e+00
2.461071564413069747e+06 9.997213482856750488e-01
2.461071564479208551e+06 1.000040531158447266e+00
2.461071564545347355e+06 9.996548891067504883e-01
2.461071564611486159e+06 1.001158475875854492e+00
2.461071564677624963e+06 9.995301365852355957e-01
2.461071564743763767e+06 9.999060034751892090e-01
2.461071564809902571e+06 9.996403455734252930e-01
2.461071564876041375e+06 1.000628590583801270e+00
2.461071564942180179e+06 1.000447154045104980e+00
2.461071565008318983e+06 1.000789046287536621e+00
2.461071565074457321e+06 9.994669556617736816e-01
2.461071565140596125e+06 9.994847774505615234e-01
2.461071565206734929e+06 9.996938109397888184e-01
2.461071565272873733e+06 9.995074868202209473e-01
2.461071565339012537e+06 1.000110149383544922e+00
2.461071565405151341e+06 9.989711642265319824e-01
2.461071565471290145e+06 1.000766396522521973e+00
2.461071565537428949e+06 1.000367760658264160e+00
2.461071565603567753e+06 9.999238252639770508e-01
2.461071565669706557e+06 9.991818070411682129e-01
2.461071565735845361e+06 1.000481247901916504e+00
2.461071565801984165e+06 1.009479761123657227e+00
2.461071565868122969e+06 1.000534653663635254e+00
2.461071565934261773e+06 9.999756813049316406e-01
2.461071566000400577e+06 9.994329214096069336e-01
2.461071566066538915e+06 1.000473141670227051e+00
2.461071566132677719e+06 9.990602731704711914e-01
2.461071566198816523e+06 1.000594615936279297e+00
2.461071566264955327e+06 1.000959157943725586e+00
2.461071566331094131e+06 9.989420175552368164e-01
2.461071566397232935e+06 9.999108910560607910e-01
2.461071566463371739e+06 1.000497341156005859e+00
2.461071566529510543e+06 9.995317459106445312e-01
2.461071566595649347e+06 1.000116705894470215e+00
2.461071566661788151e+06 9.991315603256225586e-01
2.461071566727926955e+06 9.992903470993041992e-01
2.461071566794065759e+06 1.000327229499816895e+00
2.461071566860204563e+06 1.000085830688476562e+00
2.461071566926343367e+06 9.993535280227661133e-01
2.461071566992482170e+06 1.000452041625976562e+00
2.461071567058620974e+06 9.998752474784851074e-01
2.461071567124759313e+06 9.996597766876220703e-01
2.461071567190898117e+06 9.996727108955383301e-01
2.461071567257036921e+06 1.000403404235839844e+00
2.461071567323175725e+06 9.998396039009094238e-01
2.461071567389314529e+06 1.000670790672302246e+00
2.461071567455453333e+06 9.992012381553649902e-01
2.461071567521592136e+06 9.992806315422058105e-01
2.461071567587730940e+06 1.000032424926757812e+00
2.461071567653869744e+06 9.996954202651977539e-01
2.461071567720008548e+06 1.000502228736877441e+00
2.461071567786147352e+06 9.999530315399169922e-01
2.461071567852286156e+06 9.990392327308654785e-01
2.461071567918424960e+06 1.000917077064514160e+00
2.461071567984563764e+06 1.000288367271423340e+00
2.461071568050702568e+06 9.998298883438110352e-01
2.461071568116840906e+06 9.996629953384399414e-01
2.461071568182979710e+06 1.000231742858886719e+00
2.461071568249118514e+06 9.995269179344177246e-01
2.461071568315257318e+06 1.000349998474121094e+00
2.461071568381396122e+06 9.998396039009094238e-01
2.461071568447534926e+06 9.981189370155334473e-01
2.461071568513673730e+06 9.995609521865844727e-01
2.461071568579812534e+06 9.997537136077880859e-01
2.461071568645951338e+06 9.994507431983947754e-01
2.461071568712090142e+06 1.000046968460083008e+00
2.461071568778228946e+06 1.000638365745544434e+00
2.461071568844367750e+06 9.987038373947143555e-01
2.461071568910506554e+06 1.000588178634643555e+00
2.461071568976645358e+06 9.994718432426452637e-01
2.461071569042784162e+06 9.993470907211303711e-01
2.461071569108922500e+06 1.001527786254882812e+00
2.461071569175061304e+06 1.000085830688476562e+00
2.461071569241200108e+06 9.997650980949401855e-01
2.461071569307338912e+06 1.000322461128234863e+00
2.461071569373477716e+06 1.000069618225097656e+00
2.461071569439616520e+06 9.999352097511291504e-01
2.461071569505755324e+06 1.000633478164672852e+00
2.461071569571894128e+06 1.000207424163818359e+00
2.461071569638032932e+06 9.989193081855773926e-01
2.461071569704171736e+06 9.999141097068786621e-01
2.461071569770310540e+06 9.993519186973571777e-01
2.461071569836449344e+06 9.997018575668334961e-01
2.461071569902588148e+06 9.991493821144104004e-01
2.461071569968726952e+06 1.000999689102172852e+00
2.461071570034865756e+06 1.001166582107543945e+00
2.461071570101004094e+06 1.000259280204772949e+00
2.461071570167142898e+06 1.000931620597839355e+00
2.461071570233281702e+06 9.996678829193115234e-01
2.461071570299420506e+06 9.988026618957519531e-01
2.461071570365559310e+06 9.993081688880920410e-01
2.461071570431698114e+06 9.998331069946289062e-01
2.461071570497836918e+06 1.000285148620605469e+00
2.461071570563975722e+06 9.995253086090087891e-01
2.461071570630114526e+06 9.991915225982666016e-01
2.461071570696253330e+06 9.999546408653259277e-01
2.461071570762392133e+06 9.982939362525939941e-01
2.461071570828530937e+06 9.999222159385681152e-01
2.461071570894669741e+06 9.990408420562744141e-01
2.461071570960808545e+06 9.996451735496520996e-01
2.461071571026947349e+06 9.981821179389953613e-01
2.461071571093085688e+06 1.000081062316894531e+00
2.461071571159224492e+06 1.000862002372741699e+00
2.461071571225363296e+06 9.999756813049316406e-01
2.461071571291502099e+06 9.992028474807739258e-01
2.461071571357640903e+06 9.983879327774047852e-01
2.461071571423779707e+06 9.990894794464111328e-01
2.461071571489918511e+06 9.997342824935913086e-01
2.461071571556057315e+06 9.999400377273559570e-01
2.461071571622196119e+06 9.999141097068786621e-01
2.461071571688334923e+06 9.989176988601684570e-01
2.461071571754473727e+06 1.000513553619384766e+00
2.461071571820612531e+06 9.995090961456298828e-01
2.461071571886751335e+06 1.000225186347961426e+00
2.461071571952890139e+06 9.996905326843261719e-01
2.461071572019028943e+06 9.992287755012512207e-01
2.461071572085167281e+06 1.000006437301635742e+00
2.461071572151306085e+06 9.987103343009948730e-01
2.461071572217444889e+06 9.984121918678283691e-01
2.461071572283583693e+06 1.000155568122863770e+00
2.461071572349722497e+06 9.997780323028564453e-01
2.461071572415861301e+06 1.000400185585021973e+00
2.461071572482000105e+06 9.990829825401306152e-01
2.461071572548138909e+06 1.000197649002075195e+00
2.461071572614277713e+06 9.998007416725158691e-01
2.461071572680416517e+06 9.996095299720764160e-01
2.461071572746555321e+06 9.994232058525085449e-01
2.461071572812694125e+06 1.000072956085205078e+00
2.461071572878832929e+06 1.000466585159301758e+00
2.461071572944971733e+06 9.999465346336364746e-01
2.461071573011110537e+06 1.000649690628051758e+00
2.461071573077249341e+06 1.000050187110900879e+00
2.461071573143387679e+06 9.993405938148498535e-01
2.461071573209526483e+06 9.988253712654113770e-01
2.461071573275665287e+06 1.000157117843627930e+00
2.461071573341804091e+06 9.996047019958496094e-01
2.461071573407942895e+06 9.996289610862731934e-01
2.461071573474081699e+06 9.997277855873107910e-01
2.461071573540220503e+06 9.988269805908203125e-01
2.461071573606359307e+06 1.000398516654968262e+00
2.461071573672498111e+06 9.997877478599548340e-01
2.461071573738636915e+06 9.989760518074035645e-01
2.461071573804775719e+06 1.000265717506408691e+00
2.461071573870914523e+06 9.992676973342895508e-01
2.461071573937053327e+06 9.999983906745910645e-01
2.461071574003192130e+06 9.997926354408264160e-01
2.461071574069330469e+06 9.995479583740234375e-01
2.461071574135469273e+06 9.993681311607360840e-01
2.461071574201608077e+06 1.000304579734802246e+00
2.461071574267746881e+06 1.000247836112976074e+00
2.461071574333885685e+06 1.000766396522521973e+00
2.461071574400024489e+06 1.001077413558959961e+00
2.461071574466163293e+06 1.000079393386840820e+00
2.461071574532302096e+06 9.979812502861022949e-01
2.461071574598440900e+06 1.000178217887878418e+00
2.461071574664579704e+06 9.994653463363647461e-01
2.461071574730718508e+06 9.995803833007812500e-01
2.461071574796857312e+06 1.000119924545288086e+00
2.461071574862996116e+06 9.990732669830322266e-01
2.461071574929134920e+06 1.000554084777832031e+00
2.461071574995273724e+06 9.999497532844543457e-01
2.461071575061412528e+06 1.000103712081909180e+00
2.461071575127550866e+06 9.985823035240173340e-01
2.461071575193689670e+06 1.000691771507263184e+00
2.461071575259828474e+06 9.993891716003417969e-01
2.461071575325967278e+06 1.000805258750915527e+00
2.461071575392106082e+06 1.000641584396362305e+00
2.461071575458244886e+06 9.993114471435546875e-01
2.461071575524383690e+06 1.000311136245727539e+00
2.461071575590522494e+06 9.984867572784423828e-01
2.461071575656661298e+06 9.994005560874938965e-01
2.461071575722800102e+06 9.999708533287048340e-01
2.461071575788938906e+06 9.991931319236755371e-01
2.461071575855077710e+06 1.000372648239135742e+00
2.461071575921216514e+06 9.992158412933349609e-01
2.461071575987355318e+06 1.000022649765014648e+00
2.461071576053494122e+06 1.000124812126159668e+00
2.461071576119632460e+06 1.000716090202331543e+00
2.461071576185771264e+06 9.996241331100463867e-01
2.461071576251910068e+06 1.000750184059143066e+00
2.461071576318048872e+06 9.984024763107299805e-01
2.461071576384187676e+06 9.985434412956237793e-01
2.461071576450326480e+06 1.000602722167968750e+00
2.461071576516465284e+06 1.000761508941650391e+00
2.461071576582604088e+06 1.000479578971862793e+00
2.461071576648742892e+06 9.993130564689636230e-01
2.461071576714881696e+06 1.000418066978454590e+00
2.461071576781020500e+06 1.000038862228393555e+00
2.461071576847159304e+06 9.990570545196533203e-01
2.461071576913298108e+06 9.997310638427734375e-01
2.461071576979436912e+06 1.000499010086059570e+00
2.461071577045575716e+06 9.996500611305236816e-01
2.461071577111714054e+06 1.000082612037658691e+00
2.461071577177852858e+06 1.000000000000000000e+00
2.461071577243991662e+06 1.000033974647521973e+00
2.461071577310130466e+06 9.996403455734252930e-01
2.461071577376269270e+06 9.997213482856750488e-01
2.461071577442408074e+06 9.989857673645019531e-01
2.461071577508546878e+06 9.993551373481750488e-01
2.461071577574685682e+06 1.000126361846923828e+00
2.461071577640824486e+06 1.001169800758361816e+00
2.461071577706963290e+06 9.994005560874938965e-01
2.461071577773102093e+06 9.998039603233337402e-01
2.461071577839240897e+06 9.994183778762817383e-01
2.461071577905379701e+06 1.000968933105468750e+00
2.461071577971518505e+06 9.996662139892578125e-01
2.461071578037657309e+06 1.001208662986755371e+00
2.461071578103795648e+06 1.000192761421203613e+00
2.461071578169934452e+06 9.995479583740234375e-01
2.461071578236073256e+06 1.001223206520080566e+00
2.461071578302212059e+06 9.989792704582214355e-01
2.461071578368350863e+06 9.996079206466674805e-01
2.461071578434489667e+06 1.000821471214294434e+00
2.461071578500628471e+06 9.998542070388793945e-01
2.461071578566767275e+06 9.999481439590454102e-01
2.461071578632906079e+06 1.000249505043029785e+00
2.461071578699044883e+06 9.997748136520385742e-01
2.461071578765183687e+06 9.997358918190002441e-01
2.461071578831322491e+06 9.994199872016906738e-01
2.461071578897461295e+06 9.992401003837585449e-01
2.461071578963600099e+06 1.000406622886657715e+00
2.461071579029738903e+06 1.000102043151855469e+00
2.461071579095877707e+06 9.995625615119934082e-01
2.461071579162016045e+06 9.992206692695617676e-01
2.461071579228154849e+06 1.000532984733581543e+00
2.461071579294293653e+06 9.992012381553649902e-01
2.461071579360432457e+06 1.000142574310302734e+00
2.461071579426571261e+06 9.991558790206909180e-01
2.461071579492710065e+06 9.991299510002136230e-01
2.461071579558848869e+06 1.000247836112976074e+00
2.461071579624987673e+06 9.991818070411682129e-01
2.461071579691126477e+06 1.001100063323974609e+00
2.461071579757265281e+06 1.000029206275939941e+00
2.461071579823404085e+06 1.000364542007446289e+00
2.461071579889542889e+06 1.000936508178710938e+00
2.461071579955681693e+06 9.988739490509033203e-01
2.461071580021820497e+06 9.994961023330688477e-01
2.461071580087958835e+06 1.000348329544067383e+00
2.461071580154097639e+06 9.990780949592590332e-01
2.461071580220236443e+06 1.001574873924255371e+00
2.461071580286375247e+06 9.993956685066223145e-01
2.461071580352514051e+06 1.002367138862609863e+00
2.461071580418652855e+06 1.000414729118347168e+00
2.461071580484791659e+06 1.000349998474121094e+00
2.461071580550930463e+06 1.000732302665710449e+00
2.461071580617069267e+06 1.000793933868408203e+00
2.461071580683208071e+06 1.000450372695922852e+00
2.461071580749346875e+06 9.995366334915161133e-01
2.461071580815485679e+06 9.991834163665771484e-01
2.461071580881624483e+06 9.999805688858032227e-01
2.461071580947763287e+06 9.993389844894409180e-01
2.461071581013902090e+06 1.000570297241210938e+00
2.461071581080040894e+06 9.993988871574401855e-01
2.461071581146179233e+06 9.993357062339782715e-01
2.461071581212318037e+06 1.000277042388916016e+00
2.461071581278456841e+06 9.999902844429016113e-01
2.461071581344595645e+06 1.001730322837829590e+00
2.461071581410734449e+06 9.995900988578796387e-01
2.461071581476873253e+06 9.994345307350158691e-01
2.461071581543012056e+06 1.000181436538696289e+00
2.461071581609150860e+06 1.000103712081909180e+00
2.461071581675289664e+06 1.000137686729431152e+00
2.461071581741428468e+06 1.000166893005371094e+00
2.461071581807567272e+06 1.000711321830749512e+00
2.461071581873706076e+06 1.000259280204772949e+00
2.461071581939844880e+06 9.994928836822509766e-01
2.461071582005983684e+06 1.000298142433166504e+00
2.461071582072122488e+06 9.984219074249267578e-01
2.461071582138260826e+06 1.000649690628051758e+00
2.461071582204399630e+06 1.000401854515075684e+00
2.461071582270538434e+06 9.992855191230773926e-01
2.461071582336677238e+06 9.989176988601684570e-01
2.461071582402816042e+06 1.000064849853515625e+00
2.461071582468954846e+06 9.999594688415527344e-01
2.461071582535093650e+06 1.000518441200256348e+00
2.461071582601232454e+06 9.993276000022888184e-01
2.461071582667371258e+06 9.990019798278808594e-01
2.461071582733510062e+06 1.000596284866333008e+00
2.461071582799648866e+06 1.000895977020263672e+00
2.461071582865787670e+06 9.999772906303405762e-01
2.461071582931926474e+06 9.987589120864868164e-01
2.461071582998065278e+06 9.994572401046752930e-01
2.461071583064204082e+06 9.996144175529479980e-01
2.461071583130342420e+06 1.000288367271423340e+00
2.461071583196481224e+06 1.000965595245361328e+00
2.461071583262620028e+06 1.000385642051696777e+00
2.461071583328758832e+06 1.000636696815490723e+00
2.461071583394897636e+06 1.000895977020263672e+00
2.461071583461036440e+06 1.001077413558959961e+00
2.461071583527175244e+06 1.000053524971008301e+00
2.461071583593314048e+06 1.000904083251953125e+00
2.461071583659452852e+06 9.999497532844543457e-01
2.461071583725591656e+06 9.994248151779174805e-01
2.461071583791730460e+06 1.000200867652893066e+00
2.461071583857869264e+06 9.996564984321594238e-01
2.461071583924008068e+06 9.992433786392211914e-01
2.461071583990146872e+06 9.998720288276672363e-01
2.461071584056285676e+06 1.000439047813415527e+00
2.461071584122424014e+06 9.997439980506896973e-01
2.461071584188562818e+06 9.996176362037658691e-01
2.461071584254701622e+06 9.997099637985229492e-01
2.461071584320840426e+06 9.998768568038940430e-01
2.461071584386979230e+06 1.000356435775756836e+00
2.461071584453118034e+06 9.987864494323730469e-01
2.461071584519256838e+06 9.994167089462280273e-01
2.461071584585395642e+06 1.001250743865966797e+00
2.461071584651534446e+06 1.000341892242431641e+00
2.461071584717673250e+06 9.994669556617736816e-01
2.461071584783812054e+06 1.000111818313598633e+00
2.461071584849950857e+06 9.997569918632507324e-01
2.461071584916089661e+06 9.997229576110839844e-01
2.461071584982228465e+06 1.000113368034362793e+00
2.461071585048367269e+06 1.001030445098876953e+00
2.461071585114506073e+06 1.001202225685119629e+00
2.461071585180644412e+06 1.000537872314453125e+00
2.461071585246783216e+06 9.994426369667053223e-01
2.461071585312922020e+06 9.997974634170532227e-01
2.461071585379060823e+06 1.000251173973083496e+00
2.461071585445199627e+06 9.991753101348876953e-01
2.461071585511338431e+06 1.000337004661560059e+00
2.461071585577477235e+06 9.994394183158874512e-01
2.461071585643616039e+06 9.995495676994323730e-01
2.461071585709754843e+06 9.998752474784851074e-01
2.461071585775893647e+06 9.993891716003417969e-01
2.461071585842032451e+06 9.993665218353271484e-01
2.461071585908171255e+06 1.000571966171264648e+00
2.461071585974310059e+06 9.995917081832885742e-01
2.461071586040448863e+06 9.995155334472656250e-01
2.461071586106587667e+06 9.991785883903503418e-01
2.461071586172726005e+06 1.000690221786499023e+00
2.461071586238864809e+06 9.998768568038940430e-01
2.461071586305003613e+06 9.987475872039794922e-01
2.461071586371142417e+06 1.000617265701293945e+00
2.461071586437281221e+06 1.000631928443908691e+00
2.461071586503420025e+06 1.000717759132385254e+00
2.461071586569558829e+06 1.001662373542785645e+00
2.461071586635697633e+06 9.991915225982666016e-01
2.461071586701836437e+06 1.000737190246582031e+00
2.461071586767975241e+06 1.000200867652893066e+00
2.461071586834114045e+06 9.998639225959777832e-01
2.461071586900252849e+06 1.000014543533325195e+00
2.461071586966391653e+06 1.000244617462158203e+00
2.461071587032530457e+06 9.987265467643737793e-01
2.461071587098669261e+06 1.000829577445983887e+00
2.461071587164807599e+06 1.001284837722778320e+00
2.461071587230946403e+06 9.999206066131591797e-01
2.461071587297085207e+06 9.998298883438110352e-01
2.461071587363224011e+06 9.998444318771362305e-01
2.461071587429362815e+06 1.000076174736022949e+00
2.461071587495501619e+06 1.001940965652465820e+00
2.461071587561640423e+06 9.998509287834167480e-01
2.461071587627779227e+06 9.998979568481445312e-01
2.461071587693918031e+06 9.991170167922973633e-01
2.461071587760056835e+06 9.996354579925537109e-01
2.461071587826195639e+06 9.990618824958801270e-01
2.461071587892334443e+06 1.001438736915588379e+00
2.461071587958473247e+06 9.997310638427734375e-01
2.461071588024612051e+06 9.994701743125915527e-01
2.461071588090750854e+06 1.000902414321899414e+00
2.461071588156889193e+06 9.996581673622131348e-01
2.461071588223027997e+06 9.993616342544555664e-01
2.461071588289166801e+06 1.000136137008666992e+00
2.461071588355305605e+06 9.999886751174926758e-01
2.461071588421444409e+06 1.000288367271423340e+00
2.461071588487583213e+06 9.996127486228942871e-01
2.461071588553722017e+06 9.998136758804321289e-01
2.461071588619860820e+06 9.994005560874938965e-01
2.461071588685999624e+06 9.998995661735534668e-01
2.461071588752138428e+06 9.995398521423339844e-01
2.461071588818277232e+06 9.997553229331970215e-01
2.461071588884416036e+06 9.993259906768798828e-01
2.461071588950554840e+06 9.997294545173645020e-01
2.461071589016693644e+06 1.000353217124938965e+00
2.461071589082832448e+06 1.001263737678527832e+00
2.461071589148970786e+06 1.000596284866333008e+00
2.461071589215109590e+06 9.991040229797363281e-01
2.461071589281248394e+06 9.998946785926818848e-01
2.461071589347387198e+06 1.000789046287536621e+00
2.461071589413526002e+06 9.991186261177062988e-01
2.461071589479664806e+06 1.001020669937133789e+00
2.461071589545803610e+06 1.000110149383544922e+00
2.461071589611942414e+06 9.992271661758422852e-01
2.461071589678081218e+06 1.000630259513854980e+00
2.461071589744220022e+06 9.985564351081848145e-01
2.461071589810358826e+06 9.986827969551086426e-01
2.461071589876497630e+06 1.000797152519226074e+00
2.461071589942636434e+06 1.000774502754211426e+00
2.461071590008775238e+06 9.995285272598266602e-01
2.461071590074914042e+06 9.992822408676147461e-01
2.461071590141052380e+06 1.000416398048400879e+00
2.461071590207191184e+06 9.994442462921142578e-01
2.461071590273329988e+06 9.998152852058410645e-01
2.461071590339468792e+06 9.994637370109558105e-01
2.461071590405607596e+06 1.000205755233764648e+00
2.461071590471746400e+06 9.998136758804321289e-01
2.461071590537885204e+06 9.995333552360534668e-01
2.461071590604024008e+06 9.995382428169250488e-01
2.461071590670162812e+06 9.997051358222961426e-01
2.461071590736301616e+06 9.985677599906921387e-01
2.461071590802440420e+06 9.999206066131591797e-01
2.461071590868579224e+06 9.989452362060546875e-01
2.461071590934718028e+06 9.996889233589172363e-01
2.461071591000856832e+06 9.997472763061523438e-01
2.461071591066995636e+06 9.999756813049316406e-01
2.461071591133134440e+06 9.999125003814697266e-01
2.461071591199272778e+06 9.998962879180908203e-01
2.461071591265411582e+06 9.984915852546691895e-01
2.461071591331550386e+06 1.000330567359924316e+00
2.461071591397689190e+06 1.000720977783203125e+00
2.461071591463827994e+06 9.993389844894409180e-01
2.461071591529966798e+06 1.000328898429870605e+00
2.461071591596105602e+06 1.000622153282165527e+00
2.461071591662244406e+06 1.000030755996704102e+00
2.461071591728383210e+06 9.992239475250244141e-01
2.461071591794522014e+06 9.990457296371459961e-01
2.461071591860660817e+06 1.000244617462158203e+00
2.461071591926799621e+06 1.000447154045104980e+00
2.461071591992938425e+06 9.988253712654113770e-01
2.461071592059077229e+06 1.000158786773681641e+00
2.461071592125216033e+06 1.000524997711181641e+00
2.461071592191354372e+06 9.998995661735534668e-01
2.461071592257493176e+06 9.998087882995605469e-01
2.461071592323631980e+06 9.993665218353271484e-01
2.461071592389770783e+06 9.998898506164550781e-01
2.461071592455909587e+06 9.993891716003417969e-01
2.461071592522048391e+06 1.000314354896545410e+00
2.461071592588187195e+06 9.998962879180908203e-01
2.461071592654325999e+06 9.999546408653259277e-01
2.461071592720464803e+06 1.000168442726135254e+00
2.461071592786603607e+06 1.000516891479492188e+00
2.461071592852742411e+06 9.997974634170532227e-01
2.461071592918881215e+06 9.988415837287902832e-01
2.461071592985020019e+06 1.000038862228393555e+00
2.461071593051158823e+06 1.000832796096801758e+00
2.461071593117297627e+06 1.000149011611938477e+00
2.461071593183435965e+06 9.996646046638488770e-01
2.461071593249574769e+06 9.991186261177062988e-01
2.461071593315713573e+06 1.000382423400878906e+00
2.461071593381852377e+06 1.000332117080688477e+00
2.461071593447991181e+06 9.999837875366210938e-01
2.461071593514129985e+06 9.991607666015625000e-01
2.461071593580268789e+06 9.992255568504333496e-01
2.461071593646407593e+06 9.999336004257202148e-01
2.461071593712546397e+06 1.000413179397583008e+00
2.461071593778685201e+06 9.991105198860168457e-01
2.461071593844824005e+06 9.988998770713806152e-01
2.461071593910962809e+06 9.996483922004699707e-01
2.461071593977101613e+06 1.000456929206848145e+00
2.461071594043240417e+06 9.992206692695617676e-01
2.461071594109379221e+06 9.999125003814697266e-01
2.461071594175517559e+06 9.988869428634643555e-01
2.461071594241656363e+06 9.995771050453186035e-01
2.461071594307795167e+06 9.984948635101318359e-01
2.461071594373933971e+06 1.000241398811340332e+00
2.461071594440072775e+06 1.000293254852294922e+00
2.461071594506211579e+06 9.997261762619018555e-01
2.461071594572350383e+06 9.998525381088256836e-01
2.461071594638489187e+06 1.000230073928833008e+00
2.461071594704627991e+06 1.000395298004150391e+00
2.461071594770766795e+06 1.000053524971008301e+00
2.461071594836905599e+06 9.994410276412963867e-01
2.461071594903044403e+06 9.993097782135009766e-01
2.461071594969183207e+06 9.999578595161437988e-01
2.461071595035322011e+06 9.999465346336364746e-01
2.461071595101460814e+06 9.991396665573120117e-01
2.461071595167599618e+06 1.000362873077392578e+00
2.461071595233737957e+06 9.992352724075317383e-01
2.461071595299876761e+06 9.999238252639770508e-01
2.461071595366015565e+06 9.990343451499938965e-01
2.461071595432154369e+06 9.988512992858886719e-01
2.461071595498293173e+06 9.993162751197814941e-01
2.461071595564431977e+06 1.000165224075317383e+00
2.461071595630570780e+06 9.996273517608642578e-01
2.461071595696709584e+06 9.997602105140686035e-01
2.461071595762848388e+06 9.997245669364929199e-01
2.461071595828987192e+06 9.999740719795227051e-01
2.461071595895125996e+06 9.994459152221679688e-01
2.461071595961264800e+06 9.994215965270996094e-01
2.461071596027403604e+06 1.000795483589172363e+00
2.461071596093542408e+06 9.994329214096069336e-01
2.461071596159681212e+06 9.999287128448486328e-01
2.461071596225819550e+06 9.986957311630249023e-01
2.461071596291958354e+06 9.994540214538574219e-01
2.461071596358097158e+06 1.000490903854370117e+00
2.461071596424235962e+06 1.000309467315673828e+00
2.461071596490374766e+06 1.000356435775756836e+00
2.461071596556513570e+06 1.000831127166748047e+00
2.461071596622652374e+06 9.998331069946289062e-01
2.461071596688791178e+06 1.000337004661560059e+00
2.461071596754929982e+06 1.000473141670227051e+00
2.461071596821068786e+06 9.997132420539855957e-01
2.461071596887207590e+06 9.999465346336364746e-01
2.461071596953346394e+06 9.994944930076599121e-01
2.461071597019485198e+06 1.000482797622680664e+00
2.461071597085624002e+06 9.998266100883483887e-01
2.461071597151762806e+06 9.994831681251525879e-01
2.461071597217901144e+06 9.993535280227661133e-01
2.461071597284039948e+06 9.999271035194396973e-01
2.461071597350178752e+06 1.000197649002075195e+00
2.461071597416317556e+06 9.990214109420776367e-01
2.461071597482456360e+06 9.991073012351989746e-01
2.461071597548595164e+06 1.000239729881286621e+00
2.461071597614733968e+06 9.998104572296142578e-01
2.461071597680872772e+06 1.000594615936279297e+00
2.461071597747011576e+06 9.999076724052429199e-01
2.461071597813150380e+06 1.000131249427795410e+00
2.461071597879289184e+06 9.991445541381835938e-01
2.461071597945427988e+06 1.000720977783203125e+00
2.461071598011566792e+06 1.000207424163818359e+00
2.461071598077705596e+06 9.998477101325988770e-01
2.461071598143844400e+06 1.000494122505187988e+00
2.461071598209982738e+06 9.991331696510314941e-01
2.461071598276121542e+06 1.000019431114196777e+00
2.461071598342260346e+06 1.000171780586242676e+00
2.461071598408399150e+06 9.987670183181762695e-01
2.461071598474537954e+06 9.992239475250244141e-01
2.461071598540676758e+06 9.985644817352294922e-01
2.461071598606815562e+06 1.000696659088134766e+00
2.461071598672954366e+06 9.992174506187438965e-01
2.461071598739093170e+06 9.990699887275695801e-01
2.461071598805231974e+06 9.998282790184020996e-01
2.461071598871370777e+06 9.993616342544555664e-01
2.461071598937509581e+06 9.990618824958801270e-01
2.461071599003648385e+06 9.995350241661071777e-01
2.461071599069787189e+06 1.000009775161743164e+00
2.461071599135925993e+06 9.993729591369628906e-01
2.461071599202064332e+06 1.000022649765014648e+00
2.461071599268203136e+06 1.001228094100952148e+00
2.461071599334341940e+06 1.000338673591613770e+00
2.461071599400480743e+06 9.995463490486145020e-01
2.461071599466619547e+06 1.000505447387695312e+00
2.461071599532758351e+06 9.995836019515991211e-01
2.461071599598897155e+06 1.000529766082763672e+00
2.461071599665035959e+06 1.000779271125793457e+00
2.461071599731174763e+06 1.000149011611938477e+00
2.461071599797313567e+06 9.999368190765380859e-01
2.461071599863452371e+06 9.991412758827209473e-01
2.461071599929591175e+06 9.998493194580078125e-01
2.461071599995729979e+06 1.001446843147277832e+00
2.461071600061868783e+06 1.000311136245727539e+00
2.461071600128007587e+06 1.000359654426574707e+00
2.461071600194145925e+06 9.999772906303405762e-01
2.461071600260284729e+06 1.000988364219665527e+00
2.461071600326423533e+06 9.996938109397888184e-01
2.461071600392562337e+06 1.000129580497741699e+00
2.461071600458701141e+06 1.000439047813415527e+00
2.461071600524839945e+06 1.000795483589172363e+00
2.461071600590978749e+06 9.997829198837280273e-01
2.461071600657117553e+06 9.996759891510009766e-01
2.461071600723256357e+06 1.000223636627197266e+00
2.461071600789395161e+06 9.999027848243713379e-01
2.461071600855533965e+06 9.998509287834167480e-01
2.461071600921672769e+06 1.000017881393432617e+00
2.461071600987811573e+06 1.000092387199401855e+00
2.461071601053950377e+06 1.000299692153930664e+00
2.461071601120089181e+06 1.001087188720703125e+00
2.461071601186227985e+06 9.995285272598266602e-01
2.461071601252366323e+06 1.000882983207702637e+00
2.461071601318505127e+06 9.992563128471374512e-01
2.461071601384643931e+06 9.988318681716918945e-01
2.461071601450782735e+06 1.000267386436462402e+00
2.461071601516921539e+06 9.999368190765380859e-01
2.461071601583060343e+06 1.000181436538696289e+00
2.461071601649199147e+06 1.000578403472900391e+00
2.461071601715337951e+06 1.000789046287536621e+00
2.461071601781476755e+06 9.995965957641601562e-01
2.461071601847615559e+06 9.999465346336364746e-01
2.461071601913754363e+06 1.001497030258178711e+00
2.461071601979893167e+06 9.998574256896972656e-01
2.461071602046031971e+06 9.988723397254943848e-01
2.461071602112170774e+06 1.000528216361999512e+00
2.461071602178309578e+06 9.987816214561462402e-01
2.461071602244447917e+06 9.989533424377441406e-01
2.461071602310586721e+06 9.997586011886596680e-01
2.461071602376725525e+06 1.001288056373596191e+00
2.461071602442864329e+06 9.980751872062683105e-01
2.461071602509003133e+06 1.000338673591613770e+00
2.461071602575141937e+06 1.001297831535339355e+00
2.461071602641280740e+06 9.991672039031982422e-01
2.461071602707419544e+06 9.987491965293884277e-01
2.461071602773558348e+06 9.989905953407287598e-01
2.461071602839697152e+06 1.000477910041809082e+00
2.461071602905835956e+06 9.989404082298278809e-01
2.461071602971974760e+06 9.996435642242431641e-01
2.461071603038113564e+06 1.001189231872558594e+00
2.461071603104252368e+06 1.000033974647521973e+00
2.461071603170391172e+06 9.999870657920837402e-01
2.461071603236529510e+06 9.993956685066223145e-01
2.461071603302668314e+06 1.000633478164672852e+00
2.461071603368807118e+06 1.000017881393432617e+00
2.461071603434945922e+06 9.988723397254943848e-01
2.461071603501084726e+06 9.996063113212585449e-01
2.461071603567223530e+06 9.997067451477050781e-01
2.461071603633362334e+06 1.001098513603210449e+00
2.461071603699501138e+06 9.997602105140686035e-01
2.461071603765639942e+06 1.000515222549438477e+00
2.461071603831778746e+06 1.000022649765014648e+00
2.461071603897917550e+06 9.992109537124633789e-01
2.461071603964056354e+06 1.000221967697143555e+00
2.461071604030195158e+06 9.997958540916442871e-01
2.461071604096333962e+06 1.000032424926757812e+00
2.461071604162472766e+06 9.991623759269714355e-01
2.461071604228611104e+06 9.994345307350158691e-01
2.461071604294749908e+06 1.000003218650817871e+00
2.461071604360888712e+06 1.000418066978454590e+00
2.461071604427027516e+06 1.000335335731506348e+00
2.461071604493166320e+06 1.000230073928833008e+00
2.461071604559305124e+06 9.997407793998718262e-01
2.461071604625443928e+06 9.993681311607360840e-01
2.461071604691582732e+06 9.993649125099182129e-01
2.461071604757721536e+06 1.000260829925537109e+00
2.461071604823860340e+06 1.000972151756286621e+00
2.461071604889999144e+06 1.000328898429870605e+00
2.461071604956137948e+06 1.000858664512634277e+00
2.461071605022276752e+06 1.000102043151855469e+00
2.461071605088415556e+06 9.999821782112121582e-01
2.461071605154554360e+06 1.000059962272644043e+00
2.461071605220693164e+06 1.000767946243286133e+00
2.461071605286831502e+06 9.995917081832885742e-01
2.461071605352970306e+06 1.000960826873779297e+00
2.461071605419109110e+06 1.000657796859741211e+00
2.461071605485247914e+06 9.991655945777893066e-01
2.461071605551386718e+06 9.993859529495239258e-01
2.461071605617525522e+06 9.992563128471374512e-01
2.461071605683664326e+06 9.991153478622436523e-01
2.461071605749803130e+06 1.000144243240356445e+00
2.461071605815941934e+06 9.991818070411682129e-01
2.461071605882080738e+06 1.000448822975158691e+00
2.461071605948219541e+06 9.993259906768798828e-01
2.461071606014358345e+06 9.996257424354553223e-01
2.461071606080497149e+06 1.000905632972717285e+00
2.461071606146635953e+06 1.000967264175415039e+00
2.461071606212774757e+06 9.996241331100463867e-01
2.461071606278913096e+06 9.999319314956665039e-01
2.461071606345051900e+06 9.988285899162292480e-01
2.461071606411190704e+06 1.000380754470825195e+00
2.461071606477329507e+06 1.000926733016967773e+00
2.461071606543468311e+06 9.994653463363647461e-01
2.461071606609607115e+06 1.000184655189514160e+00
2.461071606675745919e+06 9.993194937705993652e-01
2.461071606741884723e+06 1.000779271125793457e+00
2.461071606808023527e+06 9.990943074226379395e-01
2.461071606874162331e+06 1.000022649765014648e+00
2.461071606940301135e+06 9.994879961013793945e-01
2.461071607006439939e+06 9.998833537101745605e-01
2.461071607072578743e+06 1.000221967697143555e+00
2.461071607138717547e+06 1.001074194908142090e+00
2.461071607204856351e+06 1.001077413558959961e+00
2.461071607270994689e+06 9.992855191230773926e-01
2.461071607337133493e+06 1.000173330307006836e+00
2.461071607403272297e+06 9.999675750732421875e-01
2.461071607469411101e+06 9.997213482856750488e-01
2.461071607535549905e+06 1.000234961509704590e+00
2.461071607601688709e+06 9.995787739753723145e-01
2.461071607667827513e+06 9.988853335380554199e-01
2.461071607733966317e+06 9.986212253570556641e-01
2.461071607800105121e+06 9.996467828750610352e-01
2.461071607866243925e+06 9.995042085647583008e-01
2.461071607932382729e+06 1.000934839248657227e+00
2.461071607998521533e+06 1.000171780586242676e+00
2.461071608064660337e+06 9.996208548545837402e-01
2.461071608130799141e+06 1.000021100044250488e+00
2.461071608196937945e+06 9.990279078483581543e-01
2.461071608263076283e+06 9.993859529495239258e-01
2.461071608329215087e+06 9.995933175086975098e-01
2.461071608395353891e+06 1.000427722930908203e+00
2.461071608461492695e+06 1.000186324119567871e+00
2.461071608527631499e+06 1.000021100044250488e+00
2.461071608593770303e+06 1.000847339630126953e+00
2.461071608659909107e+06 9.989938735961914062e-01
2.461071608726047911e+06 1.000340223312377930e+00
2.461071608792186715e+06 9.999173879623413086e-01
2.461071608858325519e+06 9.995625615119934082e-01
2.461071608924464323e+06 9.993097782135009766e-01
2.461071608990603127e+06 9.996047019958496094e-01
2.461071609056741931e+06 9.999336004257202148e-01
2.461071609122880735e+06 9.994766712188720703e-01
2.461071609189019538e+06 1.000307798385620117e+00
2.461071609255158342e+06 1.000208973884582520e+00
2.461071609321296681e+06 9.989014863967895508e-01
2.461071609387435485e+06 1.000968933105468750e+00
2.461071609453574289e+06 9.996338486671447754e-01
2.461071609519713093e+06 9.997650980949401855e-01
2.461071609585851897e+06 9.995998144149780273e-01
2.461071609651990701e+06 1.000108599662780762e+00
2.461071609718129504e+06 9.992660284042358398e-01
2.461071609784268308e+06 1.000529766082763672e+00
2.461071609850407112e+06 1.000531435012817383e+00
2.461071609916545916e+06 9.987751245498657227e-01
2.461071609982684720e+06 9.986341595649719238e-01
2.461071610048823524e+06 9.993146657943725586e-01
2.461071610114962328e+06 9.994944930076599121e-01
2.461071610181101132e+06 1.000716090202331543e+00
2.461071610247239936e+06 1.000100493431091309e+00
2.461071610313378274e+06 1.000068068504333496e+00
2.461071610379517078e+06 1.000011324882507324e+00
2.461071610445655882e+06 9.995301365852355957e-01
2.461071610511794686e+06 1.000908970832824707e+00
2.461071610577933490e+06 9.998784661293029785e-01
2.461071610644072294e+06 1.000494122505187988e+00
2.461071610710211098e+06 9.987135529518127441e-01
2.461071610776349902e+06 9.998217821121215820e-01
2.461071610842488706e+06 1.000597834587097168e+00
2.461071610908627510e+06 1.001428961753845215e+00
2.461071610974766314e+06 9.999805688858032227e-01
2.461071611040905118e+06 1.000160455703735352e+00
2.461071611107043922e+06 1.000220298767089844e+00
2.461071611173182726e+06 1.000317573547363281e+00
2.461071611239321530e+06 9.994345307350158691e-01
2.461071611305459868e+06 1.000074505805969238e+00
2.461071611371598672e+06 9.996629953384399414e-01
2.461071611437737476e+06 9.996403455734252930e-01
2.461071611503876280e+06 9.992401003837585449e-01
2.461071611570015084e+06 9.989014863967895508e-01
2.461071611636153888e+06 9.993276000022888184e-01
2.461071611702292692e+06 9.999416470527648926e-01
2.461071611768431496e+06 1.000840902328491211e+00
2.461071611834570300e+06 9.999157786369323730e-01
2.461071611900709104e+06 9.999562501907348633e-01
2.461071611966847908e+06 9.997342824935913086e-01
2.461071612032986712e+06 1.000361323356628418e+00
2.461071612099125516e+06 1.001001238822937012e+00
2.461071612165264320e+06 1.000811696052551270e+00
2.461071612231403124e+06 1.000481247901916504e+00
2.461071612297541462e+06 1.000178217887878418e+00
2.461071612363680266e+06 1.000241398811340332e+00
2.461071612429819070e+06 1.000628590583801270e+00
2.461071612495957874e+06 1.000680446624755859e+00
2.461071612562096678e+06 9.988318681716918945e-01
2.461071612628235482e+06 1.000043749809265137e+00
2.461071612694374286e+06 9.991672039031982422e-01
2.461071612760513090e+06 1.000712871551513672e+00
2.461071612826651894e+06 1.000575184822082520e+00
2.461071612892790698e+06 9.992044568061828613e-01
2.461071612958929501e+06 9.997569918632507324e-01
2.461071613025068305e+06 9.998930692672729492e-01
2.461071613091207109e+06 9.993972778320312500e-01
2.461071613157345913e+06 9.984527230262756348e-01
2.461071613223484717e+06 1.000189542770385742e+00
2.461071613289623521e+06 9.995479583740234375e-01
2.461071613355761860e+06 1.000625371932983398e+00
2.461071613421900664e+06 9.987426996231079102e-01
2.461071613488039467e+06 9.990100860595703125e-01
2.461071613554178271e+06 1.000633478164672852e+00
2.461071613620317075e+06 1.001307487487792969e+00
2.461071613686455879e+06 9.997310638427734375e-01
2.461071613752594683e+06 1.000727415084838867e+00
2.461071613818733487e+06 9.999772906303405762e-01
2.461071613884872291e+06 9.996678829193115234e-01
2.461071613951011095e+06 1.000563859939575195e+00
2.461071614017149899e+06 9.990408420562744141e-01
2.461071614083288703e+06 9.999692440032958984e-01
2.461071614149427507e+06 1.000077724456787109e+00
2.461071614215566311e+06 9.995463490486145020e-01
2.461071614281705115e+06 9.994847774505615234e-01
2.461071614347843453e+06 1.001116275787353516e+00
2.461071614413982257e+06 9.995204210281372070e-01
2.461071614480121061e+06 9.994280934333801270e-01
2.461071614546259865e+06 9.985742568969726562e-01
2.461071614612398669e+06 1.000001668930053711e+00
2.461071614678537473e+06 9.992077350616455078e-01
2.461071614744676277e+06 1.001234531402587891e+00
2.461071614810815081e+06 9.994264245033264160e-01
2.461071614876953885e+06 1.000717759132385254e+00
2.461071614943092689e+06 9.994847774505615234e-01
2.461071615009231493e+06 9.991866350173950195e-01
2.461071615075370297e+06 1.000095605850219727e+00
2.461071615141509101e+06 1.000345110893249512e+00
2.461071615207647905e+06 9.999416470527648926e-01
2.461071615273786709e+06 9.991720914840698242e-01
2.461071615339925513e+06 9.992206692695617676e-01
2.461071615406063851e+06 9.996986389160156250e-01
2.461071615472202655e+06 1.000000000000000000e+00
2.461071615538341459e+06 9.989760518074035645e-01
2.461071615604480263e+06 1.000210642814636230e+00
2.461071615670619067e+06 9.996225237846374512e-01
2.461071615736757871e+06 9.996564984321594238e-01
2.461071615802896675e+06 1.000840902328491211e+00
2.461071615869035479e+06 1.001043438911437988e+00
2.461071615935174283e+06 1.000759840011596680e+00
2.461071616001313087e+06 9.996435642242431641e-01
2.461071616067451891e+06 1.000453710556030273e+00
2.461071616133590695e+06 9.990295171737670898e-01
2.461071616199729498e+06 9.986584782600402832e-01
2.461071616265868302e+06 1.000262498855590820e+00
2.461071616332007106e+06 9.994847774505615234e-01
2.461071616398145445e+06 9.990084171295166016e-01
2.461071616464284249e+06 9.995123147964477539e-01
2.461071616530423053e+06 9.997958540916442871e-01
2.461071616596561857e+06 1.000460147857666016e+00
2.461071616662700661e+06 1.000534653663635254e+00
2.461071616728839464e+06 9.996111392974853516e-01
2.461071616794978268e+06 1.000183105468750000e+00
2.461071616861117072e+06 9.999724626541137695e-01
2.461071616927255876e+06 9.993389844894409180e-01
2.461071616993394680e+06 1.000494122505187988e+00
2.461071617059533484e+06 9.998120665550231934e-01
2.461071617125672288e+06 9.996014237403869629e-01
2.461071617191811092e+06 9.994604587554931641e-01
2.461071617257949896e+06 1.000217080116271973e+00
2.461071617324088700e+06 9.991493821144104004e-01
2.461071617390227038e+06 9.993600249290466309e-01
2.461071617456365842e+06 9.991331696510314941e-01
2.461071617522504646e+06 1.000690221786499023e+00
2.461071617588643450e+06 9.996111392974853516e-01
2.461071617654782254e+06 9.999611377716064453e-01
2.461071617720921058e+06 9.987897276878356934e-01
2.461071617787059862e+06 9.993324875831604004e-01
2.461071617853198666e+06 1.000421285629272461e+00
2.461071617919337470e+06 9.992320537567138672e-01
2.461071617985476274e+06 1.000191211700439453e+00
2.461071618051615078e+06 9.993243813514709473e-01
2.461071618117753882e+06 9.992320537567138672e-01
2.461071618183892686e+06 9.995188117027282715e-01
2.461071618250031490e+06 1.000641584396362305e+00
2.461071618316170294e+06 9.993162751197814941e-01
2.461071618382308632e+06 9.989501237869262695e-01
2.461071618448447436e+06 1.000029206275939941e+00
2.461071618514586240e+06 1.001302599906921387e+00
2.461071618580725044e+06 9.990246295928955078e-01
2.461071618646863848e+06 9.988998770713806152e-01
2.461071618713002652e+06 9.994961023330688477e-01
2.461071618779141456e+06 9.998962879180908203e-01
2.461071618845280260e+06 1.000199317932128906e+00
2.461071618911419064e+06 1.000677227973937988e+00
2.461071618977557868e+06 9.999449253082275391e-01
2.461071619043696672e+06 1.000059962272644043e+00
2.461071619109835476e+06 9.989420175552368164e-01
2.461071619175974280e+06 9.984996914863586426e-01
2.461071619242113084e+06 9.992417693138122559e-01
2.461071619308251888e+06 9.987135529518127441e-01
2.461071619374390692e+06 9.986017942428588867e-01
2.461071619440529030e+06 9.999562501907348633e-01
2.461071619506667834e+06 9.980590343475341797e-01
2.461071619572806638e+06 9.998865723609924316e-01
2.461071619638945442e+06 9.995123147964477539e-01
2.461071619705084246e+06 9.995382428169250488e-01
2.461071619771223050e+06 9.997650980949401855e-01
2.461071619837361854e+06 1.000153899192810059e+00
2.461071619903500658e+06 9.998185634613037109e-01
2.461071619969639461e+06 1.000103712081909180e+00
2.461071620035778265e+06 9.992984533309936523e-01
2.461071620101917069e+06 1.000066399574279785e+00
2.461071620168055873e+06 9.996792078018188477e-01
2.461071620234194677e+06 9.994118809700012207e-01
2.461071620300333481e+06 1.000202536582946777e+00
2.461071620366472285e+06 9.987897276878356934e-01
2.461071620432610624e+06 9.998590350151062012e-01
2.461071620498749427e+06 9.995058178901672363e-01
2.461071620564888231e+06 1.000362873077392578e+00
2.461071620631027035e+06 9.989031553268432617e-01
2.461071620697165839e+06 1.000687003135681152e+00
2.461071620763304643e+06 1.001155257225036621e+00
2.461071620829443447e+06 9.992757439613342285e-01
2.461071620895582251e+06 9.991251230239868164e-01
2.461071620961721055e+06 9.993827342987060547e-01
2.461071621027859859e+06 9.998865723609924316e-01
2.461071621093998663e+06 1.000043749809265137e+00
2.461071621160137467e+06 9.984543323516845703e-01
2.461071621226276271e+06 9.998525381088256836e-01
2.461071621292415075e+06 9.994199872016906738e-01
2.461071621358553879e+06 1.000000000000000000e+00
2.461071621424692217e+06 9.996257424354553223e-01
2.461071621490831021e+06 1.000000000000000000e+00
2.461071621556969825e+06 9.997035264968872070e-01
2.461071621623108629e+06 9.998687505722045898e-01
2.461071621689247433e+06 9.987135529518127441e-01
2.461071621755386237e+06 1.000733971595764160e+00
2.461071621821525041e+06 1.000174999237060547e+00
2.461071621887663845e+06 9.995836019515991211e-01
2.461071621953802649e+06 9.991607666015625000e-01
2.461071622019941453e+06 9.994361996650695801e-01
2.461071622086080257e+06 9.991850256919860840e-01
2.461071622152219061e+06 9.999546408653259277e-01
2.461071622218357865e+06 1.000270605087280273e+00
2.461071622284496669e+06 9.993875622749328613e-01
2.461071622350635473e+06 1.000106930732727051e+00
2.461071622416774277e+06 9.995398521423339844e-01
2.461071622482912615e+06 9.996225237846374512e-01
2.461071622549051419e+06 1.000912189483642578e+00
2.461071622615190223e+06 1.000293254852294922e+00
2.461071622681329027e+06 1.001241087913513184e+00
2.461071622747467831e+06 9.999951124191284180e-01
2.461071622813606635e+06 9.996743202209472656e-01
2.461071622879745439e+06 9.984316229820251465e-01
2.461071622945884243e+06 9.999319314956665039e-01
2.461071623012023047e+06 9.997602105140686035e-01
2.461071623078161851e+06 9.997164607048034668e-01
2.461071623144300655e+06 9.999546408653259277e-01
2.461071623210439458e+06 9.996111392974853516e-01
2.461071623276578262e+06 1.000103712081909180e+00
2.461071623342717066e+06 9.998136758804321289e-01
2.461071623408855870e+06 9.989485144615173340e-01
2.461071623474994209e+06 9.974157810211181641e-01
2.461071623541133013e+06 1.000508785247802734e+00
2.461071623607271817e+06 9.992579221725463867e-01
2.461071623673410621e+06 9.993308782577514648e-01
2.461071623739549424e+06 9.995123147964477539e-01
2.461071623805688228e+06 1.000137686729431152e+00
2.461071623871827032e+06 9.987378716468811035e-01
2.461071623937965836e+06 9.983490109443664551e-01
2.461071624004104640e+06 9.992693066596984863e-01
2.461071624070243444e+06 9.996225237846374512e-01
2.461071624136382248e+06 9.992676973342895508e-01
2.461071624202521052e+06 1.000001668930053711e+00
2.461071624268659856e+06 1.000698328018188477e+00
2.461071624334798660e+06 9.991137385368347168e-01
2.461071624400937464e+06 9.994297027587890625e-01
2.461071624467075802e+06 9.994459152221679688e-01
2.461071624533214606e+06 9.999708533287048340e-01
2.461071624599353410e+06 9.999125003814697266e-01
2.461071624665492214e+06 9.994491338729858398e-01
2.461071624731631018e+06 1.000502228736877441e+00
2.461071624797769822e+06 9.995463490486145020e-01
2.461071624863908626e+06 9.994750618934631348e-01
2.461071624930047430e+06 9.984040856361389160e-01
2.461071624996186234e+06 1.000157117843627930e+00
2.461071625062325038e+06 1.000544428825378418e+00
2.461071625128463842e+06 9.984494447708129883e-01
2.461071625194602646e+06 9.996759891510009766e-01
2.461071625260741450e+06 9.997439980506896973e-01
2.461071625326880254e+06 1.000029206275939941e+00
2.461071625393019058e+06 9.994118809700012207e-01
2.461071625459157862e+06 9.990408420562744141e-01
2.461071625525296200e+06 1.000100493431091309e+00
2.461071625591435004e+06 9.987378716468811035e-01
2.461071625657573808e+06 9.994863867759704590e-01
2.461071625723712612e+06 9.999562501907348633e-01
2.461071625789851416e+06 9.989176988601684570e-01
2.461071625855990220e+06 9.994701743125915527e-01
2.461071625922129024e+06 9.990862011909484863e-01
2.461071625988267828e+06 9.994199872016906738e-01
2.461071626054406632e+06 1.000335335731506348e+00
2.461071626120545436e+06 9.994928836822509766e-01
2.461071626186684240e+06 9.991186261177062988e-01
2.461071626252823044e+06 1.000087499618530273e+00
2.461071626318961848e+06 9.993178844451904297e-01
2.461071626385100652e+06 9.993875622749328613e-01
2.461071626451239455e+06 9.996548891067504883e-01
2.461071626517377794e+06 1.000549197196960449e+00
2.461071626583516598e+06 1.000370979309082031e+00
2.461071626649655402e+06 1.006782174110412598e+00
2.461071626715794206e+06 9.983214735984802246e-01
2.461071626781933010e+06 9.997715353965759277e-01
2.461071626848071814e+06 9.999546408653259277e-01
2.461071626914210618e+06 1.000581622123718262e+00
2.461071626980349422e+06 9.992774128913879395e-01
2.461071627046488225e+06 1.000291585922241211e+00
2.461071627112627029e+06 1.000001668930053711e+00
2.461071627178765833e+06 1.000698328018188477e+00
2.461071627244904637e+06 1.000777721405029297e+00
2.461071627311043441e+06 9.998736381530761719e-01
2.461071627377182245e+06 9.994005560874938965e-01
2.461071627443321049e+06 1.000340223312377930e+00
2.461071627509459388e+06 9.995123147964477539e-01
2.461071627575598191e+06 1.000819802284240723e+00
2.461071627641736995e+06 1.000011324882507324e+00
2.461071627707875799e+06 9.982842206954956055e-01
2.461071627774014603e+06 1.000160455703735352e+00
2.461071627840153407e+06 9.997099637985229492e-01
2.461071627906292211e+06 9.997909665107727051e-01
2.461071627972431015e+06 1.001276731491088867e+00
2.461071628038569819e+06 9.989857673645019531e-01
2.461071628104708623e+06 9.998055696487426758e-01
2.461071628170847427e+06 9.993438124656677246e-01
2.461071628236986231e+06 9.990602731704711914e-01
2.461071628303125035e+06 9.999108910560607910e-01
2.461071628369263839e+06 9.996727108955383301e-01
2.461071628435402643e+06 1.000780940055847168e+00
2.461071628501540981e+06 1.000014543533325195e+00
2.461071628567679785e+06 1.000374317169189453e+00
2.461071628633818589e+06 9.992935657501220703e-01
2.461071628699957393e+06 9.993016719818115234e-01
2.461071628766096197e+06 9.988691210746765137e-01
2.461071628832235001e+06 9.991461634635925293e-01
2.461071628898373805e+06 1.000136137008666992e+00
2.461071628964512609e+06 9.995090961456298828e-01
2.461071629030651413e+06 1.000019431114196777e+00
2.461071629096790217e+06 1.000311136245727539e+00
2.461071629162929021e+06 9.988253712654113770e-01
2.461071629229067825e+06 9.997877478599548340e-01
2.461071629295206629e+06 1.000142574310302734e+00
2.461071629361345433e+06 9.994977116584777832e-01
2.461071629427484237e+06 9.989938735961914062e-01
2.461071629493623041e+06 9.989047646522521973e-01
2.461071629559761379e+06 9.999870657920837402e-01
2.461071629625900183e+06 9.995900988578796387e-01
2.461071629692038987e+06 9.986584782600402832e-01
2.461071629758177791e+06 1.000187993049621582e+00
2.461071629824316595e+06 9.989808797836303711e-01
2.461071629890455399e+06 9.991542696952819824e-01
2.461071629956594203e+06 9.992352724075317383e-01
2.461071630022733007e+06 1.000674009323120117e+00
2.461071630088871811e+06 1.000516891479492188e+00
2.461071630155010615e+06 9.997488856315612793e-01
2.461071630221149419e+06 1.000482797622680664e+00
2.461071630287288222e+06 9.997715353965759277e-01
2.461071630353427026e+06 1.000236511230468750e+00
2.461071630419565830e+06 9.992336630821228027e-01
2.461071630485704634e+06 9.995544552803039551e-01
2.461071630551842973e+06 1.000029206275939941e+00
2.461071630617981777e+06 9.994896650314331055e-01
2.461071630684120581e+06 1.000084280967712402e+00
2.461071630750259385e+06 1.000134468078613281e+00
2.461071630816398188e+06 9.999238252639770508e-01
2.461071630882536992e+06 9.995609521865844727e-01
2.461071630948675796e+06 9.987394809722900391e-01
2.461071631014814600e+06 1.000202536582946777e+00
2.461071631080953404e+06 9.999659657478332520e-01
2.461071631147092208e+06 1.000440716743469238e+00
2.461071631213231012e+06 9.992352724075317383e-01
2.461071631279369816e+06 9.999594688415527344e-01
2.461071631345508620e+06 9.988350868225097656e-01
2.461071631411647424e+06 9.988933801651000977e-01
2.461071631477786228e+06 9.991429448127746582e-01
2.461071631543925032e+06 9.994847774505615234e-01
2.461071631610063370e+06 9.994102716445922852e-01
2.461071631676202174e+06 9.994361996650695801e-01
2.461071631742340978e+06 9.997553229331970215e-01
2.461071631808479782e+06 9.988917708396911621e-01
2.461071631874618586e+06 9.997407793998718262e-01
2.461071631940757390e+06 9.984656572341918945e-01
2.461071632006896194e+06 1.000539541244506836e+00
2.461071632073034998e+06 9.990635514259338379e-01
2.461071632139173802e+06 9.997990727424621582e-01
2.461071632205312606e+06 9.996419548988342285e-01
2.461071632271451410e+06 9.997472763061523438e-01
2.461071632337590214e+06 9.998444318771362305e-01
2.461071632403729018e+06 1.000463366508483887e+00
2.461071632469867822e+06 1.000581622123718262e+00
2.461071632536006626e+06 1.000607609748840332e+00
2.461071632602144964e+06 9.989711642265319824e-01
2.461071632668283768e+06 9.995220303535461426e-01
2.461071632734422572e+06 1.000379085540771484e+00
2.461071632800561376e+06 9.992871284484863281e-01
2.461071632866700180e+06 9.988091588020324707e-01
2.461071632932838984e+06 9.999352097511291504e-01
2.461071632998977788e+06 9.991509914398193359e-01
2.461071633065116592e+06 9.998995661735534668e-01
2.461071633131255396e+06 9.989889860153198242e-01
2.461071633197394200e+06 9.993924498558044434e-01
2.461071633263533004e+06 9.999238252639770508e-01
2.461071633329671808e+06 9.995220303535461426e-01
2.461071633395810612e+06 9.991964101791381836e-01
2.461071633461949416e+06 9.989857673645019531e-01
2.461071633528088219e+06 1.000957489013671875e+00
2.461071633594226558e+06 1.000144243240356445e+00
2.461071633660365362e+06 9.996305704116821289e-01
2.461071633726504166e+06 9.997180700302124023e-01
2.461071633792642970e+06 1.000071287155151367e+00
2.461071633858781774e+06 9.990165233612060547e-01
2.461071633924920578e+06 9.994977116584777832e-01
2.461071633991059382e+06 9.995350241661071777e-01
2.461071634057198185e+06 9.998444318771362305e-01
2.461071634123336989e+06 9.996970295906066895e-01
2.461071634189475793e+06 9.982404708862304688e-01
2.461071634255614597e+06 1.000113368034362793e+00
2.461071634321753401e+06 1.001187562942504883e+00
2.461071634387892205e+06 9.991218447685241699e-01
2.461071634454031009e+06 1.000609159469604492e+00
2.461071634520169813e+06 9.997602105140686035e-01
2.461071634586308151e+06 9.994798898696899414e-01
2.461071634652446955e+06 1.000059962272644043e+00
2.461071634718585759e+06 1.000046968460083008e+00
2.461071634784724563e+06 9.997391700744628906e-01
2.461071634850863367e+06 1.001186013221740723e+00
2.461071634917002171e+06 1.000521659851074219e+00
2.461071634983140975e+06 9.996727108955383301e-01
2.461071635049279779e+06 1.000661015510559082e+00
2.461071635115418583e+06 9.994426369667053223e-01
2.461071635181557387e+06 1.000001668930053711e+00
2.461071635247696191e+06 9.995366334915161133e-01
2.461071635313834995e+06 9.995609521865844727e-01
2.461071635379973799e+06 1.000362873077392578e+00
2.461071635446112603e+06 9.999433159828186035e-01
2.461071635512251407e+06 9.988107681274414062e-01
2.461071635578390211e+06 1.000777721405029297e+00
2.461071635644528549e+06 9.992061257362365723e-01
2.461071635710667353e+06 1.000554084777832031e+00
2.461071635776806157e+06 1.000651359558105469e+00
2.461071635842944961e+06 9.990959167480468750e-01
2.461071635909083765e+06 9.992612004280090332e-01
2.461071635975222569e+06 9.990991950035095215e-01
2.461071636041361373e+06 1.000996470451354980e+00
2.461071636107500177e+06 1.000544428825378418e+00
2.461071636173638981e+06 9.994005560874938965e-01
2.461071636239777785e+06 9.994572401046752930e-01
2.461071636305916589e+06 9.998655319213867188e-01
2.461071636372055393e+06 1.000570297241210938e+00
2.461071636438194197e+06 9.993665218353271484e-01
2.461071636504333001e+06 9.996873140335083008e-01
2.461071636570471805e+06 1.000218749046325684e+00
2.461071636636610143e+06 1.000698328018188477e+00
2.461071636702748947e+06 1.000510334968566895e+00
2.461071636768887751e+06 9.995414614677429199e-01
2.461071636835026555e+06 9.989776611328125000e-01
2.461071636901165359e+06 9.995398521423339844e-01
2.461071636967304163e+06 9.978937506675720215e-01
2.461071637033442967e+06 1.000644803047180176e+00
2.461071637099581771e+06 9.990165233612060547e-01
2.461071637165720575e+06 1.001171350479125977e+00
2.461071637231859379e+06 9.995350241661071777e-01
2.461071637297998182e+06 9.995771050453186035e-01
2.461071637364136986e+06 9.997164607048034668e-01
2.461071637430275790e+06 9.995998144149780273e-01
2.461071637496414594e+06 1.000181436538696289e+00
2.461071637562553398e+06 1.000246286392211914e+00
2.461071637628691737e+06 1.000876545906066895e+00
2.461071637694830541e+06 9.997035264968872070e-01
2.461071637760969345e+06 1.000106930732727051e+00
2.461071637827108148e+06 9.997132420539855957e-01
2.461071637893246952e+06 1.000066399574279785e+00
2.461071637959385756e+06 1.000395298004150391e+00
2.461071638025524560e+06 1.000502228736877441e+00
2.461071638091663364e+06 9.996370673179626465e-01
2.461071638157802168e+06 1.000338673591613770e+00
2.461071638223940972e+06 9.988658428192138672e-01
2.461071638290079776e+06 9.987637996673583984e-01
2.461071638356218580e+06 1.000035643577575684e+00
2.461071638422357384e+06 9.990797042846679688e-01
2.461071638488496188e+06 9.998266100883483887e-01
2.461071638554634992e+06 9.979342818260192871e-01
2.461071638620773796e+06 9.993907809257507324e-01
2.461071638686912134e+06 9.991526603698730469e-01
2.461071638753050938e+06 9.999076724052429199e-01
2.461071638819189742e+06 1.000353217124938965e+00
2.461071638885328546e+06 1.000512003898620605e+00
2.461071638951467350e+06 9.988172650337219238e-01
2.461071639017606154e+06 9.995998144149780273e-01
2.461071639083744958e+06 9.998962879180908203e-01
2.461071639149883762e+06 1.000024318695068359e+00
2.461071639216022566e+06 9.993584156036376953e-01
2.461071639282161370e+06 9.994912743568420410e-01
2.461071639348300174e+06 1.000059962272644043e+00
2.461071639414438978e+06 9.991089105606079102e-01
2.461071639480577782e+06 9.990699887275695801e-01
2.461071639546716586e+06 9.997699260711669922e-01
2.461071639612855390e+06 9.986860156059265137e-01
2.461071639678993728e+06 9.991331696510314941e-01
2.461071639745132532e+06 9.988982677459716797e-01
2.461071639811271336e+06 9.998087882995605469e-01
2.461071639877410140e+06 9.992855191230773926e-01
2.461071639943548944e+06 9.996014237403869629e-01
2.461071640009687748e+06 9.994620680809020996e-01
2.461071640075826552e+06 9.996370673179626465e-01
2.461071640141965356e+06 9.996678829193115234e-01
2.461071640208104160e+06 1.000836014747619629e+00
2.461071640274242964e+06 9.991850256919860840e-01
2.461071640340381768e+06 9.996938109397888184e-01
2.461071640406520572e+06 1.000291585922241211e+00
2.461071640472659376e+06 9.990959167480468750e-01
2.461071640538798179e+06 9.997796416282653809e-01
2.461071640604936983e+06 1.000852227210998535e+00
2.461071640671075322e+06 9.998655319213867188e-01
2.461071640737214126e+06 9.999238252639770508e-01
2.461071640803352930e+06 9.991688132286071777e-01
2.461071640869491734e+06 1.000816583633422852e+00
2.461071640935630538e+06 9.994766712188720703e-01
2.461071641001769342e+06 9.988626241683959961e-01
2.461071641067908145e+06 9.996338486671447754e-01
2.461071641134046949e+06 9.992417693138122559e-01
2.461071641200185753e+06 1.000035643577575684e+00
2.461071641266324557e+06 9.992077350616455078e-01
2.461071641332463361e+06 9.992336630821228027e-01
2.461071641398602165e+06 9.992887377738952637e-01
2.461071641464740969e+06 1.000440716743469238e+00
2.461071641530879773e+06 1.000046968460083008e+00
2.461071641597018577e+06 9.990295171737670898e-01
2.461071641663157381e+06 1.000262498855590820e+00
2.461071641729295719e+06 9.999837875366210938e-01
2.461071641795434523e+06 9.996759891510009766e-01
2.461071641861573327e+06 9.994118809700012207e-01
2.461071641927712131e+06 9.991056323051452637e-01
2.461071641993850935e+06 1.000150680541992188e+00
2.461071642059989739e+06 1.000737190246582031e+00
2.461071642126128543e+06 9.988301992416381836e-01
2.461071642192267347e+06 1.000554084777832031e+00
2.461071642258406151e+06 1.000100493431091309e+00
2.461071642324544955e+06 9.995528459548950195e-01
2.461071642390683759e+06 9.990797042846679688e-01
2.461071642456822563e+06 9.997180700302124023e-01
2.461071642522961367e+06 9.994005560874938965e-01
2.461071642589100171e+06 9.986811876296997070e-01
2.461071642655238975e+06 9.990392327308654785e-01
2.461071642721377313e+06 1.000784158706665039e+00
2.461071642787516117e+06 9.993535280227661133e-01
2.461071642853654921e+06 9.998396039009094238e-01
2.461071642919793725e+06 1.000473141670227051e+00
2.461071642985932529e+06 1.000576734542846680e+00
2.461071643052071333e+06 9.996111392974853516e-01
2.461071643118210137e+06 9.994264245033264160e-01
2.461071643184348941e+06 9.996840357780456543e-01
2.461071643250487745e+06 1.000103712081909180e+00
2.461071643316626549e+06 9.993422031402587891e-01
2.461071643382765353e+06 1.000312685966491699e+00
2.461071643448904157e+06 9.985969066619873047e-01
2.461071643515042961e+06 9.988285899162292480e-01
2.461071643581181765e+06 9.992498755455017090e-01
2.461071643647320569e+06 9.982436895370483398e-01
2.461071643713459373e+06 1.000424504280090332e+00
2.461071643779597711e+06 9.990554451942443848e-01
2.461071643845736515e+06 9.997051358222961426e-01
2.461071643911875319e+06 9.994297027587890625e-01
2.461071643978014123e+06 9.997018575668334961e-01
2.461071644044152927e+06 1.000293254852294922e+00
2.461071644110291731e+06 9.992320537567138672e-01
2.461071644176430535e+06 9.987800121307373047e-01
2.461071644242569339e+06 1.000205755233764648e+00
2.461071644308708142e+06 9.994053840637207031e-01
2.461071644374846946e+06 9.996403455734252930e-01
2.461071644440985750e+06 9.994912743568420410e-01
2.461071644507124554e+06 9.988285899162292480e-01
2.461071644573263358e+06 1.000565409660339355e+00
2.461071644639402162e+06 9.995706677436828613e-01
2.461071644705540966e+06 1.000690221786499023e+00
2.461071644771679305e+06 9.990878105163574219e-01
2.461071644837818108e+06 1.000319123268127441e+00
2.461071644903956912e+06 1.000625371932983398e+00
2.461071644970095716e+06 1.001067757606506348e+00
2.461071645036234520e+06 1.000779271125793457e+00
2.461071645102373324e+06 1.001137375831604004e+00
2.461071645168512128e+06 1.000053524971008301e+00
2.461071645234650932e+06 9.998898506164550781e-01
2.461071645300789736e+06 9.994750618934631348e-01
2.461071645366928540e+06 1.000623822212219238e+00
2.461071645433067344e+06 9.993907809257507324e-01
2.461071645499206148e+06 9.994021654129028320e-01
2.461071645565344952e+06 9.991623759269714355e-01
2.461071645631483756e+06 9.995706677436828613e-01
2.461071645697622560e+06 9.996144175529479980e-01
2.461071645763761364e+06 1.000317573547363281e+00
2.461071645829899702e+06 9.999319314956665039e-01
2.461071645896038506e+06 9.994637370109558105e-01
2.461071645962177310e+06 9.991850256919860840e-01
2.461071646028316114e+06 9.989695549011230469e-01
2.461071646094454918e+06 9.999837875366210938e-01
2.461071646160593722e+06 9.998525381088256836e-01
2.461071646226732526e+06 1.000528216361999512e+00
2.461071646292871330e+06 9.992417693138122559e-01
2.461071646359010134e+06 9.999433159828186035e-01
2.461071646425148938e+06 9.993259906768798828e-01
2.461071646491287742e+06 9.999837875366210938e-01
2.461071646557426546e+06 9.997764229774475098e-01
2.461071646623565350e+06 9.993600249290466309e-01
2.461071646689704154e+06 9.997618198394775391e-01
2.461071646755842958e+06 9.999416470527648926e-01
2.461071646821981296e+06 9.998898506164550781e-01
2.461071646888120100e+06 9.994329214096069336e-01
2.461071646954258904e+06 9.990327358245849609e-01
2.461071647020397708e+06 1.000513553619384766e+00
2.461071647086536512e+06 9.995852112770080566e-01
2.461071647152675316e+06 9.993211627006530762e-01
2.461071647218814120e+06 9.990926980972290039e-01
2.461071647284952924e+06 1.000513553619384766e+00
2.461071647351091728e+06 9.997586011886596680e-01
2.461071647417230532e+06 9.988723397254943848e-01
2.461071647483369336e+06 1.000343441963195801e+00
2.461071647549508139e+06 9.994766712188720703e-01
2.461071647615646943e+06 9.996079206466674805e-01
2.461071647681785747e+06 9.998136758804321289e-01
2.461071647747924551e+06 9.999368190765380859e-01
2.461071647814062890e+06 9.989760518074035645e-01
2.461071647880201694e+06 9.996581673622131348e-01
2.461071647946340498e+06 9.984267950057983398e-01
2.461071648012479302e+06 1.000187993049621582e+00
2.461071648078618106e+06 9.998201727867126465e-01
2.461071648144756909e+06 1.000236511230468750e+00
2.461071648210895713e+06 9.991737008094787598e-01
2.461071648277034517e+06 9.994150996208190918e-01
2.461071648343173321e+06 1.008945107460021973e+00
2.461071648409312125e+06 1.000479578971862793e+00
2.461071648475450929e+06 9.992676973342895508e-01
2.461071648541589733e+06 9.991915225982666016e-01
2.461071648607728537e+06 9.999465346336364746e-01
2.461071648673867341e+06 9.982355833053588867e-01
2.461071648740006145e+06 1.000706434249877930e+00
2.461071648806144949e+06 9.999173879623413086e-01
2.461071648872283287e+06 9.993422031402587891e-01
2.461071648938422091e+06 9.997909665107727051e-01
2.461071649004560895e+06 9.992871284484863281e-01
2.461071649070699699e+06 9.995511770248413086e-01
2.461071649136838503e+06 9.994572401046752930e-01
2.461071649202977307e+06 9.992855191230773926e-01
2.461071649269116111e+06 9.994993805885314941e-01
2.461071649335254915e+06 1.000370979309082031e+00
2.461071649401393719e+06 9.989095926284790039e-01
2.461071649467532523e+06 9.994912743568420410e-01
2.461071649533671327e+06 1.000068068504333496e+00
2.461071649599810131e+06 9.996386766433715820e-01
2.461071649665948935e+06 9.998849630355834961e-01
2.461071649732087739e+06 9.991834163665771484e-01
2.461071649798226543e+06 9.989760518074035645e-01
2.461071649864364881e+06 9.996824264526367188e-01
2.461071649930503685e+06 9.991477727890014648e-01
2.461071649996642489e+06 9.996467828750610352e-01
2.461071650062781293e+06 9.996629953384399414e-01
2.461071650128920097e+06 9.994815587997436523e-01
2.461071650195058901e+06 9.999886751174926758e-01
2.461071650261197705e+06 9.988982677459716797e-01
2.461071650327336509e+06 1.000460147857666016e+00
2.461071650393475313e+06 9.994069933891296387e-01
2.461071650459614117e+06 1.000720977783203125e+00
2.461071650525752921e+06 9.994361996650695801e-01
2.461071650591891725e+06 9.998314976692199707e-01
2.461071650658030529e+06 9.989679455757141113e-01
2.461071650724169333e+06 9.991639852523803711e-01
2.461071650790308136e+06 9.987670183181762695e-01
2.461071650856446475e+06 9.999384284019470215e-01
2.461071650922585279e+06 9.992093443870544434e-01
2.461071650988724083e+06 9.992806315422058105e-01
2.461071651054862887e+06 1.000882983207702637e+00
2.461071651121001691e+06 9.999983906745910645e-01
2.461071651187140495e+06 1.000844120979309082e+00
2.461071651253279299e+06 1.000115036964416504e+00
2.461071651319418103e+06 9.990797042846679688e-01
2.461071651385556906e+06 9.998152852058410645e-01
2.461071651451695710e+06 9.995398521423339844e-01
2.461071651517834514e+06 9.986066222190856934e-01
2.461071651583973318e+06 9.993178844451904297e-01
2.461071651650112122e+06 9.998817443847656250e-01
2.461071651716250926e+06 9.997083544731140137e-01
2.461071651782389730e+06 1.000827908515930176e+00
2.461071651848528534e+06 9.999043941497802734e-01
2.461071651914666872e+06 1.000042080879211426e+00
2.461071651980805676e+06 9.995204210281372070e-01
2.461071652046944480e+06 9.986584782600402832e-01
2.461071652113083284e+06 9.999643564224243164e-01
2.461071652179222088e+06 9.992498755455017090e-01
2.461071652245360892e+06 9.984737634658813477e-01
2.461071652311499696e+06 9.988998770713806152e-01
2.461071652377638500e+06 9.998039603233337402e-01
2.461071652443777304e+06 9.991089105606079102e-01
2.461071652509916108e+06 1.000038862228393555e+00
2.461071652576054912e+06 1.000604391098022461e+00
2.461071652642193716e+06 1.001438736915588379e+00
2.461071652708332520e+06 1.000379085540771484e+00
2.461071652774471324e+06 1.000021100044250488e+00
2.461071652840610128e+06 9.998590350151062012e-01
2.461071652906748466e+06 1.000186324119567871e+00
2.461071652972887270e+06 9.994378089904785156e-01
2.461071653039026074e+06 9.997423887252807617e-01
2.461071653105164878e+06 9.991866350173950195e-01
2.461071653171303682e+06 9.996257424354553223e-01
2.461071653237442486e+06 1.000280261039733887e+00
2.461071653303581290e+06 9.996451735496520996e-01
2.461071653369720094e+06 9.991688132286071777e-01
2.461071653435858898e+06 9.999157786369323730e-01
2.461071653501997702e+06 9.996289610862731934e-01
2.461071653568136506e+06 9.996111392974853516e-01
2.461071653634275310e+06 9.996548891067504883e-01
2.461071653700414114e+06 9.990829825401306152e-01
2.461071653766552918e+06 9.999254941940307617e-01
2.461071653832691722e+06 9.992352724075317383e-01
2.461071653898830526e+06 9.991412758827209473e-01
2.461071653964968864e+06 1.000139355659484863e+00
2.461071654031107668e+06 9.990343451499938965e-01
2.461071654097246472e+06 9.994183778762817383e-01
2.461071654163385276e+06 9.999027848243713379e-01
2.461071654229524080e+06 9.991008043289184570e-01
2.461071654295662884e+06 9.998881816864013672e-01
2.461071654361801688e+06 9.993114471435546875e-01
2.461071654427940492e+06 1.000328898429870605e+00
2.461071654494079296e+06 9.998881816864013672e-01
2.461071654560218100e+06 1.000477910041809082e+00
2.461071654626356903e+06 9.988220930099487305e-01
2.461071654692495707e+06 9.994297027587890625e-01
2.461071654758634511e+06 1.000038862228393555e+00
2.461071654824773315e+06 9.992530941963195801e-01
2.461071654890912119e+06 1.001028776168823242e+00
2.461071654957050458e+06 9.990748763084411621e-01
2.461071655023189262e+06 9.989063739776611328e-01
2.461071655089328066e+06 1.000805258750915527e+00
2.461071655155466869e+06 9.998071789741516113e-01
2.461071655221605673e+06 1.000369429588317871e+00
2.461071655287744477e+06 9.998331069946289062e-01
2.461071655353883281e+06 1.000688552856445312e+00
2.461071655420022085e+06 9.998623132705688477e-01
2.461071655486160889e+06 1.000703215599060059e+00
2.461071655552299693e+06 1.000152349472045898e+00
2.461071655618438497e+06 9.992498755455017090e-01
2.461071655684577301e+06 9.991024136543273926e-01
2.461071655750716105e+06 9.998201727867126465e-01
2.461071655816854909e+06 1.000231742858886719e+00
2.461071655882993713e+06 1.000375866889953613e+00
2.461071655949132517e+06 9.986471533775329590e-01
2.461071656015270855e+06 9.996225237846374512e-01
2.461071656081409659e+06 9.999789595603942871e-01
2.461071656147548463e+06 1.000149011611938477e+00
2.461071656213687267e+06 9.986341595649719238e-01
2.461071656279826071e+06 9.992465972900390625e-01
2.461071656345964875e+06 9.997748136520385742e-01
2.461071656412103679e+06 9.998801350593566895e-01
2.461071656478242483e+06 9.996257424354553223e-01
2.461071656544381287e+06 9.995172023773193359e-01
2.461071656610520091e+06 9.993016719818115234e-01
2.461071656676658895e+06 9.993729591369628906e-01
2.461071656742797699e+06 1.000826239585876465e+00
2.461071656808936503e+06 1.000597834587097168e+00
2.461071656875075307e+06 1.000720977783203125e+00
2.461071656941214111e+06 9.998314976692199707e-01
2.461071657007352449e+06 1.001239418983459473e+00
2.461071657073491253e+06 9.996047019958496094e-01
2.461071657139630057e+06 9.997812509536743164e-01
2.461071657205768861e+06 9.994475245475769043e-01
2.461071657271907665e+06 1.000298142433166504e+00
2.461071657338046469e+06 1.000058293342590332e+00
2.461071657404185273e+06 1.000353217124938965e+00
2.461071657470324077e+06 9.986600875854492188e-01
2.461071657536462881e+06 9.999303221702575684e-01
2.461071657602601685e+06 1.000369429588317871e+00
2.461071657668740489e+06 1.000223636627197266e+00
2.461071657734879293e+06 9.997261762619018555e-01
2.461071657801018097e+06 9.997051358222961426e-01
2.461071657867156900e+06 9.994248151779174805e-01
2.461071657933295704e+06 9.989533424377441406e-01
2.461071657999434508e+06 9.985547661781311035e-01
2.461071658065572847e+06 1.000068068504333496e+00
2.461071658131711651e+06 9.992077350616455078e-01
2.461071658197850455e+06 1.001022338867187500e+00
2.461071658263989259e+06 9.990635514259338379e-01
2.461071658330128063e+06 9.996873140335083008e-01
2.461071658396266866e+06 1.000811696052551270e+00
2.461071658462405670e+06 9.989614486694335938e-01
2.461071658528544474e+06 9.992368817329406738e-01
2.461071658594683278e+06 9.988901615142822266e-01
2.461071658660822082e+06 9.994345307350158691e-01
2.461071658726960886e+06 1.000152349472045898e+00
2.461071658793099690e+06 1.000652909278869629e+00
2.461071658859238494e+06 1.000255942344665527e+00
2.461071658925377298e+06 9.997715353965759277e-01
2.461071658991516102e+06 9.998623132705688477e-01
2.461071659057654440e+06 1.000027537345886230e+00
2.461071659123793244e+06 9.995107054710388184e-01
2.461071659189932048e+06 1.000045418739318848e+00
2.461071659256070852e+06 9.996467828750610352e-01
2.461071659322209656e+06 1.000413179397583008e+00
2.461071659388348460e+06 9.994426369667053223e-01
2.461071659454487264e+06 9.995155334472656250e-01
2.461071659520626068e+06 9.986844062805175781e-01
2.461071659586764872e+06 9.995285272598266602e-01
2.461071659652903676e+06 9.998314976692199707e-01
2.461071659719042480e+06 9.996063113212585449e-01
2.461071659785181284e+06 1.000123143196105957e+00
2.461071659851320088e+06 9.983620047569274902e-01
2.461071659917458892e+06 9.995544552803039551e-01
2.461071659983597696e+06 1.000012993812561035e+00
2.461071660049736034e+06 9.998104572296142578e-01
2.461071660115874838e+06 9.997893571853637695e-01
2.461071660182013642e+06 9.988010525703430176e-01
2.461071660248152446e+06 9.984154701232910156e-01
2.461071660314291250e+06 9.978175759315490723e-01
2.461071660380430054e+06 1.000281929969787598e+00
2.461071660446568858e+06 9.996824264526367188e-01
2.461071660512707662e+06 1.000191211700439453e+00
2.461071660578846466e+06 9.998071789741516113e-01
2.461071660644985270e+06 9.995025992393493652e-01
2.461071660711124074e+06 9.999951124191284180e-01
2.461071660777262878e+06 1.000050187110900879e+00
2.461071660843401682e+06 9.996808171272277832e-01
2.461071660909540486e+06 1.000819802284240723e+00
2.461071660975679290e+06 9.990894794464111328e-01
2.461071661041818094e+06 9.990991950035095215e-01
2.461071661107956432e+06 1.000298142433166504e+00
2.461071661174095236e+06 1.000550866127014160e+00
2.461071661240234040e+06 1.000035643577575684e+00
2.461071661306372844e+06 1.000994801521301270e+00
2.461071661372511648e+06 9.987751245498657227e-01
2.461071661438650452e+06 9.992028474807739258e-01
2.461071661504789256e+06 1.000661015510559082e+00
2.461071661570928060e+06 9.997472763061523438e-01
2.461071661637066863e+06 1.000759840011596680e+00
2.461071661703205667e+06 1.001015901565551758e+00
2.461071661769344471e+06 9.990327358245849609e-01
2.461071661835483275e+06 9.999578595161437988e-01
2.461071661901622079e+06 9.998930692672729492e-01
2.461071661967760883e+06 9.991477727890014648e-01
2.461071662033899687e+06 9.996581673622131348e-01
2.461071662100038026e+06 9.995917081832885742e-01
2.461071662166176829e+06 1.000001668930053711e+00
2.461071662232315633e+06 9.996792078018188477e-01
2.461071662298454437e+06 1.000565409660339355e+00
2.461071662364593241e+06 1.000050187110900879e+00
2.461071662430732045e+06 9.996127486228942871e-01
2.461071662496870849e+06 9.994718432426452637e-01
2.461071662563009653e+06 1.000092387199401855e+00
2.461071662629148457e+06 9.992757439613342285e-01
2.461071662695287261e+06 9.986665844917297363e-01
2.461071662761426065e+06 1.000704765319824219e+00
2.461071662827564869e+06 9.993373155593872070e-01
2.461071662893703673e+06 9.998525381088256836e-01
2.461071662959842477e+06 9.996273517608642578e-01
2.461071663025981281e+06 1.000136137008666992e+00
2.461071663092120085e+06 9.989274144172668457e-01
2.461071663158258423e+06 1.000053524971008301e+00
2.461071663224397227e+06 9.996516704559326172e-01
2.461071663290536031e+06 1.000025868415832520e+00
2.461071663356674835e+06 1.000098824501037598e+00
2.461071663422813639e+06 9.995965957641601562e-01
2.461071663488952443e+06 9.996127486228942871e-01
2.461071663555091247e+06 9.994491338729858398e-01
2.461071663621230051e+06 9.993827342987060547e-01
2.461071663687368855e+06 1.000106930732727051e+00
2.461071663753507659e+06 1.000385642051696777e+00
2.461071663819646463e+06 9.992935657501220703e-01
2.461071663885785267e+06 9.994815587997436523e-01
2.461071663951924071e+06 1.000162005424499512e+00
2.461071664018062875e+06 9.984170794486999512e-01
2.461071664084201679e+06 1.000555753707885742e+00
2.461071664150340017e+06 9.995949268341064453e-01
2.461071664216478821e+06 9.998217821121215820e-01
2.461071664282617625e+06 1.000364542007446289e+00
2.461071664348756429e+06 9.990051984786987305e-01
2.461071664414895233e+06 1.000651359558105469e+00
2.461071664481034037e+06 9.997893571853637695e-01
2.461071664547172841e+06 9.987573027610778809e-01
2.461071664613311645e+06 1.000087499618530273e+00
2.461071664679450449e+06 9.994102716445922852e-01
2.461071664745589253e+06 1.000085830688476562e+00
2.461071664811728057e+06 1.000149011611938477e+00
2.461071664877866860e+06 1.000312685966491699e+00
2.461071664944005664e+06 1.000891089439392090e+00
2.461071665010144468e+06 9.994297027587890625e-01
2.461071665076283272e+06 1.000311136245727539e+00
2.461071665142421611e+06 9.999740719795227051e-01
2.461071665208560415e+06 9.997974634170532227e-01
2.461071665274699219e+06 1.000225186347961426e+00
2.461071665340838023e+06 1.000309467315673828e+00
2.461071665406976826e+06 9.995836019515991211e-01
2.461071665473115630e+06 1.000184655189514160e+00
2.461071665539254434e+06 9.994426369667053223e-01
2.461071665605393238e+06 9.989987015724182129e-01
2.461071665671532042e+06 9.988820552825927734e-01
2.461071665737670846e+06 9.987394809722900391e-01
2.461071665803809650e+06 1.000531435012817383e+00
2.461071665869948454e+06 9.993665218353271484e-01
2.461071665936087258e+06 1.000131249427795410e+00
2.461071666002226062e+06 1.000142574310302734e+00
2.461071666068364866e+06 9.992757439613342285e-01
2.461071666134503670e+06 9.989954829216003418e-01
2.461071666200642008e+06 1.000343441963195801e+00
2.461071666266780812e+06 9.988140463829040527e-01
2.461071666332919616e+06 1.000328898429870605e+00
2.461071666399058420e+06 1.000455260276794434e+00
2.461071666465197224e+06 1.000244617462158203e+00
2.461071666531336028e+06 9.987589120864868164e-01
2.461071666597474832e+06 1.000179886817932129e+00
2.461071666663613636e+06 1.000280261039733887e+00
2.461071666729752440e+06 9.987864494323730469e-01
2.461071666795891244e+06 1.000460147857666016e+00
2.461071666862030048e+06 1.000614047050476074e+00
2.461071666928168852e+06 9.991769194602966309e-01
2.461071666994307656e+06 1.000259280204772949e+00
2.461071667060446460e+06 9.996711015701293945e-01
2.461071667126585264e+06 9.997002482414245605e-01
2.461071667192723602e+06 9.989063739776611328e-01
2.461071667258862406e+06 9.992125630378723145e-01
2.461071667325001210e+06 1.000565409660339355e+00
2.461071667391140014e+06 1.000667572021484375e+00
2.461071667457278818e+06 9.998784661293029785e-01
2.461071667523417622e+06 9.997391700744628906e-01
2.461071667589556426e+06 9.989436268806457520e-01
2.461071667655695230e+06 9.996954202651977539e-01
2.461071667721834034e+06 1.000465035438537598e+00
2.461071667787972838e+06 1.000409960746765137e+00
2.461071667854111642e+06 9.994329214096069336e-01
2.461071667920250446e+06 9.990457296371459961e-01
2.461071667986389250e+06 9.991121292114257812e-01
2.461071668052528054e+06 9.999108910560607910e-01
2.461071668118666857e+06 9.999092817306518555e-01
2.461071668184805661e+06 1.000285148620605469e+00
2.461071668250944000e+06 1.000490903854370117e+00
2.461071668317082804e+06 1.001236200332641602e+00
2.461071668383221608e+06 1.000068068504333496e+00
2.461071668449360412e+06 9.995139241218566895e-01
2.461071668515499216e+06 9.999157786369323730e-01
2.461071668581638020e+06 9.994588494300842285e-01
2.461071668647776823e+06 9.986779093742370605e-01
2.461071668713915627e+06 1.000093936920166016e+00
2.461071668780054431e+06 9.999740719795227051e-01
2.461071668846193235e+06 9.993600249290466309e-01
2.461071668912332039e+06 9.993065595626831055e-01
2.461071668978470843e+06 9.993016719818115234e-01
2.461071669044609647e+06 1.000545978546142578e+00
2.461071669110748451e+06 1.000221967697143555e+00
2.461071669176887255e+06 1.001258850097656250e+00
2.461071669243025593e+06 9.990845918655395508e-01
2.461071669309164397e+06 9.999303221702575684e-01
2.461071669375303201e+06 1.001074194908142090e+00
2.461071669441442005e+06 9.994069933891296387e-01
2.461071669507580809e+06 9.999206066131591797e-01
2.461071669573719613e+06 9.996743202209472656e-01
2.461071669639858417e+06 1.000298142433166504e+00
2.461071669705997221e+06 9.997261762619018555e-01
2.461071669772136025e+06 9.995609521865844727e-01
2.461071669838274829e+06 1.000008106231689453e+00
2.461071669904413633e+06 9.992417693138122559e-01
2.461071669970552437e+06 9.992044568061828613e-01
2.461071670036691241e+06 1.000886201858520508e+00
2.461071670102830045e+06 1.000110149383544922e+00
2.461071670168968849e+06 1.000390410423278809e+00
2.461071670235107653e+06 1.000246286392211914e+00
2.461071670301245991e+06 1.000171780586242676e+00
2.461071670367384795e+06 9.991866350173950195e-01
2.461071670433523599e+06 9.990635514259338379e-01
2.461071670499662403e+06 1.000129580497741699e+00
2.461071670565801207e+06 9.987605810165405273e-01
2.461071670631940011e+06 1.000461697578430176e+00
2.461071670698078815e+06 9.986115097999572754e-01
2.461071670764217619e+06 1.000458478927612305e+00
2.461071670830356423e+06 9.996257424354553223e-01
2.461071670896495227e+06 9.999918937683105469e-01
2.461071670962634031e+06 1.000004887580871582e+00
2.461071671028772835e+06 1.000315904617309570e+00
2.461071671094911639e+06 1.000789046287536621e+00
2.461071671161050443e+06 9.994540214538574219e-01
2.461071671227189247e+06 9.991785883903503418e-01
2.461071671293327585e+06 1.000473141670227051e+00
2.461071671359466389e+06 1.000592947006225586e+00
2.461071671425605193e+06 1.000264048576354980e+00
2.461071671491743997e+06 1.000136137008666992e+00
2.461071671557882801e+06 9.987767338752746582e-01
2.461071671624021605e+06 9.994394183158874512e-01
2.461071671690160409e+06 1.000641584396362305e+00
2.461071671756299213e+06 9.995819926261901855e-01
2.461071671822438017e+06 9.993972778320312500e-01
2.461071671888576820e+06 9.992806315422058105e-01
2.461071671954715624e+06 1.000006437301635742e+00
2.461071672020854428e+06 1.000106930732727051e+00
2.461071672086993232e+06 1.000332117080688477e+00
2.461071672153132036e+06 9.993438124656677246e-01
2.461071672219270840e+06 9.994215965270996094e-01
2.461071672285409644e+06 1.000196099281311035e+00
2.461071672351547983e+06 9.991899132728576660e-01
2.461071672417686787e+06 1.000105261802673340e+00
2.461071672483825590e+06 9.997229576110839844e-01
2.461071672549964394e+06 1.000499010086059570e+00
2.461071672616103198e+06 1.001103401184082031e+00
2.461071672682242002e+06 9.997180700302124023e-01
2.461071672748380806e+06 1.000262498855590820e+00
2.461071672814519610e+06 1.000631928443908691e+00
2.461071672880658414e+06 1.000228404998779297e+00
2.461071672946797218e+06 9.989614486694335938e-01
2.461071673012936022e+06 1.000994801521301270e+00
2.461071673079074826e+06 1.000346779823303223e+00
2.461071673145213630e+06 9.995787739753723145e-01
2.461071673211352434e+06 1.000989913940429688e+00
2.461071673277491238e+06 1.000772833824157715e+00
2.461071673343629576e+06 1.000469803810119629e+00
2.461071673409768380e+06 9.991623759269714355e-01
2.461071673475907184e+06 9.989468455314636230e-01
2.461071673542045988e+06 9.999206066131591797e-01
2.461071673608184792e+06 1.000019431114196777e+00
2.461071673674323596e+06 1.001213550567626953e+00
2.461071673740462400e+06 9.995884895324707031e-01
2.461071673806601204e+06 9.990262389183044434e-01
2.461071673872740008e+06 1.000191211700439453e+00
2.461071673938878812e+06 9.999108910560607910e-01
2.461071674005017616e+06 9.997099637985229492e-01
2.461071674071156420e+06 1.000136137008666992e+00
2.461071674137295224e+06 9.991607666015625000e-01
2.461071674203434028e+06 9.991915225982666016e-01
2.461071674269572832e+06 1.000795483589172363e+00
2.461071674335711636e+06 9.997051358222961426e-01
2.461071674401849974e+06 9.998007416725158691e-01
2.461071674467988778e+06 9.996597766876220703e-01
2.461071674534127582e+06 1.000418066978454590e+00
2.461071674600266386e+06 9.999886751174926758e-01
2.461071674666405190e+06 9.993405938148498535e-01
2.461071674732543994e+06 1.000667572021484375e+00
2.461071674798682798e+06 1.000140905380249023e+00
2.461071674864821602e+06 9.990797042846679688e-01
2.461071674930960406e+06 9.991251230239868164e-01
2.461071674997099210e+06 9.999336004257202148e-01
2.461071675063238014e+06 9.997213482856750488e-01
2.461071675129376817e+06 1.000087499618530273e+00
2.461071675195515621e+06 9.989987015724182129e-01
2.461071675261654425e+06 9.993049502372741699e-01
2.461071675327793229e+06 9.997796416282653809e-01
2.461071675393931568e+06 1.000601053237915039e+00
2.461071675460070372e+06 9.993940591812133789e-01
2.461071675526209176e+06 9.995689988136291504e-01
2.461071675592347980e+06 9.993324875831604004e-01
2.461071675658486784e+06 9.992174506187438965e-01
2.461071675724625587e+06 9.983085393905639648e-01
2.461071675790764391e+06 9.999060034751892090e-01
2.461071675856903195e+06 9.994556307792663574e-01
2.461071675923041999e+06 1.000113368034362793e+00
2.461071675989180803e+06 1.000115036964416504e+00
2.461071676055319607e+06 9.997667074203491211e-01
2.461071676121458411e+06 9.992774128913879395e-01
2.461071676187597215e+06 9.981983304023742676e-01
2.461071676253736019e+06 9.995107054710388184e-01
2.461071676319874823e+06 9.993243813514709473e-01
2.461071676386013627e+06 9.992563128471374512e-01
2.461071676452151965e+06 9.991688132286071777e-01
2.461071676518290769e+06 9.997958540916442871e-01
2.461071676584429573e+06 1.000409960746765137e+00
2.461071676650568377e+06 9.994523525238037109e-01
2.461071676716707181e+06 9.986277222633361816e-01
2.461071676782845985e+06 9.996030330657958984e-01
2.461071676848984789e+06 9.980460405349731445e-01
2.461071676915123593e+06 9.990732669830322266e-01
2.461071676981262397e+06 1.000712871551513672e+00
2.461071677047401201e+06 9.998185634613037109e-01
2.461071677113540005e+06 9.990910887718200684e-01
2.461071677179678809e+06 1.000087499618530273e+00
2.461071677245817613e+06 9.996176362037658691e-01
2.461071677311956417e+06 1.000234961509704590e+00
2.461071677378095221e+06 9.992984533309936523e-01
2.461071677444233559e+06 9.994879961013793945e-01
2.461071677510372363e+06 1.000602722167968750e+00
2.461071677576511167e+06 1.000388860702514648e+00
2.461071677642649971e+06 9.989387989044189453e-01
2.461071677708788775e+06 9.990198016166687012e-01
2.461071677774927579e+06 9.996808171272277832e-01
2.461071677841066383e+06 1.000129580497741699e+00
2.461071677907205187e+06 9.983457922935485840e-01
2.461071677973343991e+06 9.992320537567138672e-01
2.461071678039482795e+06 9.988561272621154785e-01
2.461071678105621599e+06 9.991785883903503418e-01
2.461071678171760403e+06 1.000640034675598145e+00
2.461071678237899207e+06 9.992336630821228027e-01
2.461071678304038011e+06 9.995511770248413086e-01
2.461071678370176814e+06 1.000377535820007324e+00
2.461071678436315618e+06 9.999433159828186035e-01
2.461071678502453957e+06 9.993584156036376953e-01
2.461071678568592761e+06 1.000429391860961914e+00
2.461071678634731565e+06 9.999708533287048340e-01
2.461071678700870369e+06 9.990262389183044434e-01
2.461071678767009173e+06 9.998703598976135254e-01
2.461071678833147977e+06 9.986390471458435059e-01
2.461071678899286781e+06 9.999254941940307617e-01
2.461071678965425584e+06 9.995544552803039551e-01
2.461071679031564388e+06 9.992158412933349609e-01
2.461071679097703192e+06 9.993000626564025879e-01
2.461071679163841996e+06 9.999027848243713379e-01
2.461071679229980800e+06 9.989922642707824707e-01
2.461071679296119604e+06 9.997035264968872070e-01
2.461071679362258408e+06 9.997180700302124023e-01
2.461071679428397212e+06 1.000340223312377930e+00
2.461071679494535550e+06 1.000085830688476562e+00
2.461071679560674354e+06 9.990602731704711914e-01
2.461071679626813158e+06 9.999902844429016113e-01
2.461071679692951962e+06 9.996160268783569336e-01
2.461071679759090766e+06 9.992433786392211914e-01
2.461071679825229570e+06 1.000503897666931152e+00
2.461071679891368374e+06 9.998217821121215820e-01
2.461071679957507178e+06 9.999627470970153809e-01
2.461071680023645982e+06 9.995074868202209473e-01
2.461071680089784786e+06 1.001997709274291992e+00
2.461071680155923590e+06 1.000490903854370117e+00
2.461071680222062394e+06 9.993519186973571777e-01
2.461071680288201198e+06 9.991915225982666016e-01
2.461071680354340002e+06 9.988982677459716797e-01
2.461071680420478806e+06 9.997748136520385742e-01
2.461071680486617610e+06 9.989938735961914062e-01
2.461071680552755948e+06 1.000345110893249512e+00
2.461071680618894752e+06 9.997845292091369629e-01
2.461071680685033556e+06 1.000379085540771484e+00
2.461071680751172360e+06 9.998914599418640137e-01
2.461071680817311164e+06 1.000204086303710938e+00
2.461071680883449968e+06 1.000197649002075195e+00
2.461071680949588772e+06 1.000187993049621582e+00
2.461071681015727576e+06 1.000004887580871582e+00
2.461071681081866380e+06 9.993454217910766602e-01
2.461071681148005184e+06 1.000014543533325195e+00
2.461071681214143988e+06 9.977301359176635742e-01
2.461071681280282792e+06 1.001001238822937012e+00
2.461071681346421596e+06 9.999902844429016113e-01
2.461071681412560400e+06 9.986325502395629883e-01
2.461071681478699204e+06 1.000333786010742188e+00
2.461071681544837542e+06 1.000508785247802734e+00
2.461071681610976346e+06 1.000802040100097656e+00
2.461071681677115150e+06 9.995479583740234375e-01
2.461071681743253954e+06 9.994718432426452637e-01
2.461071681809392758e+06 9.994297027587890625e-01
2.461071681875531562e+06 9.995382428169250488e-01
2.461071681941670366e+06 9.994215965270996094e-01
2.461071682007809170e+06 9.991056323051452637e-01
2.461071682073947974e+06 9.997051358222961426e-01
2.461071682140086778e+06 9.994199872016906738e-01
2.461071682206225581e+06 1.000528216361999512e+00
2.461071682272364385e+06 9.998217821121215820e-01
2.461071682338503189e+06 9.997926354408264160e-01
2.461071682404641993e+06 1.000638365745544434e+00
2.461071682470780797e+06 9.993227720260620117e-01
2.461071682536919601e+06 9.994475245475769043e-01
2.461071682603057940e+06 1.000823020935058594e+00
2.461071682669196744e+06 9.999659657478332520e-01
2.461071682735335547e+06 9.995868802070617676e-01
2.461071682801474351e+06 9.977090358734130859e-01
2.461071682867613155e+06 9.984057545661926270e-01
2.461071682933751959e+06 1.000255942344665527e+00
2.461071682999890763e+06 1.000178217887878418e+00
2.461071683066029567e+06 9.985774755477905273e-01
2.461071683132168371e+06 9.999983906745910645e-01
2.461071683198307175e+06 9.998946785926818848e-01
2.461071683264445979e+06 9.998120665550231934e-01
2.461071683330584783e+06 1.000379085540771484e+00
2.461071683396723587e+06 9.990651607513427734e-01
2.461071683462862391e+06 1.000218749046325684e+00
2.461071683529001195e+06 9.984834790229797363e-01
2.461071683595139533e+06 9.991931319236755371e-01
2.461071683661278337e+06 9.994896650314331055e-01
2.461071683727417141e+06 9.995139241218566895e-01
2.461071683793555945e+06 1.000025868415832520e+00
2.461071683859694749e+06 9.994831681251525879e-01
2.461071683925833553e+06 1.000230073928833008e+00
2.461071683991972357e+06 1.000231742858886719e+00
2.461071684058111161e+06 9.996532797813415527e-01
2.461071684124249965e+06 1.000497341156005859e+00
2.461071684190388769e+06 9.998606443405151367e-01
2.461071684256527573e+06 9.997067451477050781e-01
2.461071684322666377e+06 1.000396966934204102e+00
2.461071684388805181e+06 1.000497341156005859e+00
2.461071684454943985e+06 9.988933801651000977e-01
2.461071684521082789e+06 1.000197649002075195e+00
2.461071684587221593e+06 9.984656572341918945e-01
2.461071684653359931e+06 1.000050187110900879e+00
2.461071684719498735e+06 1.000307798385620117e+00
2.461071684785637539e+06 1.000162005424499512e+00
2.461071684851776343e+06 9.988626241683959961e-01
2.461071684917915147e+06 1.000106930732727051e+00
2.461071684984053951e+06 9.994782805442810059e-01
2.461071685050192755e+06 1.000730752944946289e+00
2.461071685116331559e+06 9.990780949592590332e-01
2.461071685182470363e+06 9.989987015724182129e-01
2.461071685248609167e+06 9.988415837287902832e-01
2.461071685314747971e+06 9.996403455734252930e-01
2.461071685380886775e+06 9.999983906745910645e-01
2.461071685447025578e+06 9.981837868690490723e-01
2.461071685513164382e+06 9.994572401046752930e-01
2.461071685579303186e+06 1.000244617462158203e+00
2.461071685645441525e+06 9.998298883438110352e-01
2.461071685711580329e+06 9.996792078018188477e-01
2.461071685777719133e+06 9.992530941963195801e-01
2.461071685843857937e+06 1.000187993049621582e+00
2.461071685909996741e+06 9.996241331100463867e-01
2.461071685976135544e+06 9.998784661293029785e-01
2.461071686042274348e+06 9.990392327308654785e-01
2.461071686108413152e+06 1.000215530395507812e+00
2.461071686174551956e+06 9.996289610862731934e-01
2.461071686240690760e+06 9.996127486228942871e-01
2.461071686306829564e+06 1.000191211700439453e+00
2.461071686372968368e+06 9.982842206954956055e-01
2.461071686439107172e+06 1.000547647476196289e+00
2.461071686505245976e+06 9.993519186973571777e-01
2.461071686571384780e+06 9.993697404861450195e-01
2.461071686637523584e+06 1.000623822212219238e+00
2.461071686703661922e+06 9.998849630355834961e-01
2.461071686769800726e+06 1.000192761421203613e+00
2.461071686835939530e+06 1.000115036964416504e+00
2.461071686902078334e+06 9.997439980506896973e-01
2.461071686968217138e+06 1.000722646713256836e+00
2.461071687034355942e+06 1.000343441963195801e+00
2.461071687100494746e+06 9.990230202674865723e-01
2.461071687166633550e+06 9.993097782135009766e-01
2.461071687232772354e+06 1.001113057136535645e+00
2.461071687298911158e+06 9.991153478622436523e-01
2.461071687365049962e+06 1.000337004661560059e+00
2.461071687431188766e+06 9.996792078018188477e-01
2.461071687497327570e+06 9.996775984764099121e-01
2.461071687563466374e+06 1.001048207283020020e+00
2.461071687629605178e+06 9.999027848243713379e-01
2.461071687695743516e+06 9.997229576110839844e-01
2.461071687761882320e+06 1.001085519790649414e+00
2.461071687828021124e+06 9.998930692672729492e-01
2.461071687894159928e+06 1.000704765319824219e+00
2.461071687960298732e+06 1.000327229499816895e+00
2.461071688026437536e+06 1.000345110893249512e+00
2.461071688092576340e+06 1.000427722930908203e+00
2.461071688158715144e+06 9.996759891510009766e-01
2.461071688224853948e+06 9.991218447685241699e-01
2.461071688290992752e+06 9.992498755455017090e-01
2.461071688357131556e+06 9.993907809257507324e-01
2.461071688423270360e+06 9.995609521865844727e-01
2.461071688489409164e+06 1.000131249427795410e+00
2.461071688555547968e+06 1.000184655189514160e+00
2.461071688621686772e+06 1.000487685203552246e+00
2.461071688687825575e+06 9.993162751197814941e-01
2.461071688753963914e+06 9.996678829193115234e-01
2.461071688820102718e+06 1.000262498855590820e+00
2.461071688886241522e+06 1.000285148620605469e+00
2.461071688952380326e+06 1.000226855278015137e+00
2.461071689018519130e+06 9.994199872016906738e-01
2.461071689084657934e+06 9.992855191230773926e-01
2.461071689150796738e+06 1.000494122505187988e+00
2.461071689216935541e+06 9.987719058990478516e-01
2.461071689283074345e+06 9.996532797813415527e-01
2.461071689349213149e+06 9.996144175529479980e-01
2.461071689415351953e+06 1.000617265701293945e+00
2.461071689481490757e+06 1.000027537345886230e+00
2.461071689547629561e+06 9.998477101325988770e-01
2.461071689613768365e+06 1.000100493431091309e+00
2.461071689679907169e+06 1.001085519790649414e+00
2.461071689746045507e+06 9.999530315399169922e-01
2.461071689812184311e+06 9.988917708396911621e-01
2.461071689878323115e+06 9.991980195045471191e-01
2.461071689944461919e+06 9.990894794464111328e-01
2.461071690010600723e+06 1.000024318695068359e+00
2.461071690076739527e+06 9.995609521865844727e-01
2.461071690142878331e+06 9.998461008071899414e-01
2.461071690209017135e+06 1.000220298767089844e+00
2.461071690275155939e+06 1.002052783966064453e+00
2.461071690341294743e+06 9.992644190788269043e-01
2.461071690407433547e+06 9.997602105140686035e-01
2.461071690473572351e+06 1.000829577445983887e+00
2.461071690539711155e+06 1.000152349472045898e+00
2.461071690605849959e+06 9.980509281158447266e-01
2.461071690671988763e+06 9.997180700302124023e-01
2.461071690738127567e+06 9.990376234054565430e-01
2.461071690804265905e+06 9.995447397232055664e-01
2.461071690870404709e+06 1.000664234161376953e+00
2.461071690936543513e+06 1.000408291816711426e+00
2.461071691002682317e+06 1.000102043151855469e+00
2.461071691068821121e+06 1.000277042388916016e+00
2.461071691134959925e+06 9.992449879646301270e-01
2.461071691201098729e+06 1.000063180923461914e+00
2.461071691267237533e+06 9.988804459571838379e-01
2.461071691333376337e+06 1.000591397285461426e+00
2.461071691399515141e+06 1.001409530639648438e+00
2.461071691465653945e+06 1.001603960990905762e+00
2.461071691531792749e+06 1.000751733779907227e+00
2.461071691597931553e+06 9.996532797813415527e-01
2.461071691664070357e+06 9.995544552803039551e-01
2.461071691730209161e+06 9.997861385345458984e-01
2.461071691796347499e+06 9.999951124191284180e-01
2.461071691862486303e+06 9.988820552825927734e-01
2.461071691928625107e+06 9.995803833007812500e-01
2.461071691994763911e+06 9.998298883438110352e-01
2.461071692060902715e+06 9.985693693161010742e-01
2.461071692127041519e+06 9.994572401046752930e-01
2.461071692193180323e+06 9.995949268341064453e-01
2.461071692259319127e+06 9.999108910560607910e-01
2.461071692325457931e+06 1.000223636627197266e+00
2.461071692391596735e+06 1.000304579734802246e+00
2.461071692457735538e+06 9.997683167457580566e-01
2.461071692523874342e+06 1.000413179397583008e+00
2.461071692590013146e+06 1.000208973884582520e+00
2.461071692656151950e+06 9.987038373947143555e-01
2.461071692722290754e+06 1.000490903854370117e+00
2.461071692788429558e+06 1.000283479690551758e+00
2.461071692854567897e+06 9.998946785926818848e-01
2.461071692920706701e+06 9.989598393440246582e-01
2.461071692986845504e+06 1.000032424926757812e+00
2.461071693052984308e+06 9.988707304000854492e-01
2.461071693119123112e+06 9.998428225517272949e-01
2.461071693185261916e+06 9.993988871574401855e-01
2.461071693251400720e+06 1.000333786010742188e+00
2.461071693317539524e+06 9.997602105140686035e-01
2.461071693383678328e+06 1.000625371932983398e+00
2.461071693449817132e+06 1.000335335731506348e+00
2.461071693515955936e+06 9.990862011909484863e-01
2.461071693582094740e+06 9.992644190788269043e-01
2.461071693648233544e+06 9.999481439590454102e-01
2.461071693714372348e+06 9.999692440032958984e-01
2.461071693780511152e+06 9.998542070388793945e-01
2.461071693846649490e+06 9.988545179367065430e-01
2.461071693912788294e+06 9.986633658409118652e-01
2.461071693978927098e+06 9.985256195068359375e-01
2.461071694045065902e+06 9.997764229774475098e-01
2.461071694111204706e+06 9.987962245941162109e-01
2.461071694177343510e+06 1.000090718269348145e+00
2.461071694243482314e+06 1.000918626785278320e+00
2.461071694309621118e+06 9.998104572296142578e-01
2.461071694375759922e+06 1.000951051712036133e+00
2.461071694441898726e+06 9.992077350616455078e-01
2.461071694508037530e+06 9.991883039474487305e-01
2.461071694574176334e+06 9.992384910583496094e-01
2.461071694640315138e+06 9.998525381088256836e-01
2.461071694706453942e+06 1.000174999237060547e+00
2.461071694772592746e+06 9.999692440032958984e-01
2.461071694838731550e+06 9.996111392974853516e-01
2.461071694904869888e+06 9.985547661781311035e-01
2.461071694971008692e+06 1.000748515129089355e+00
2.461071695037147496e+06 1.000176548957824707e+00
2.461071695103286300e+06 9.995107054710388184e-01
2.461071695169425104e+06 9.983555078506469727e-01
2.461071695235563908e+06 1.000823020935058594e+00
2.461071695301702712e+06 9.996014237403869629e-01
2.461071695367841516e+06 1.001302599906921387e+00
2.461071695433980320e+06 9.992077350616455078e-01
2.461071695500119124e+06 9.992579221725463867e-01
2.461071695566257928e+06 9.987719058990478516e-01
2.461071695632396732e+06 9.986406564712524414e-01
2.461071695698535535e+06 9.987475872039794922e-01
2.461071695764674339e+06 9.995544552803039551e-01
2.461071695830813143e+06 9.996386766433715820e-01
2.461071695896951482e+06 1.000703215599060059e+00
2.461071695963090286e+06 1.000516891479492188e+00
2.461071696029229090e+06 9.997699260711669922e-01
2.461071696095367894e+06 1.000255942344665527e+00
2.461071696161506698e+06 9.995609521865844727e-01
2.461071696227645501e+06 1.000408291816711426e+00
2.461071696293784305e+06 1.000954270362854004e+00
2.461071696359923109e+06 9.993924498558044434e-01
2.461071696426061913e+06 9.995982050895690918e-01
2.461071696492200717e+06 1.000912189483642578e+00
2.461071696558339521e+06 9.995025992393493652e-01
2.461071696624478325e+06 1.000178217887878418e+00
2.461071696690617129e+06 1.000171780586242676e+00
2.461071696756755933e+06 9.996289610862731934e-01
2.461071696822894737e+06 1.000505447387695312e+00
2.461071696889033541e+06 1.000811696052551270e+00
2.461071696955171879e+06 9.996111392974853516e-01
2.461071697021310683e+06 9.986746907234191895e-01
2.461071697087449487e+06 1.000259280204772949e+00
2.461071697153588291e+06 1.000816583633422852e+00
2.461071697219727095e+06 9.994637370109558105e-01
2.461071697285865899e+06 9.999756813049316406e-01
2.461071697352004703e+06 9.990716576576232910e-01
2.461071697418143507e+06 9.992109537124633789e-01
2.461071697484282311e+06 1.001079082489013672e+00
2.461071697550421115e+06 9.991121292114257812e-01
2.461071697616559919e+06 1.000690221786499023e+00
2.461071697682698723e+06 1.001503586769104004e+00
2.461071697748837527e+06 1.000737190246582031e+00
2.461071697814976331e+06 1.000413179397583008e+00
2.461071697881115135e+06 1.000776052474975586e+00
2.461071697947253939e+06 9.999254941940307617e-01
2.461071698013392277e+06 9.995722770690917969e-01
2.461071698079531081e+06 1.000280261039733887e+00
2.461071698145669885e+06 1.000631928443908691e+00
2.461071698211808689e+06 1.001289725303649902e+00
2.461071698277947493e+06 9.989339113235473633e-01
2.461071698344086297e+06 9.993243813514709473e-01
2.461071698410225101e+06 1.000615715980529785e+00
2.461071698476363905e+06 9.995852112770080566e-01
2.461071698542502709e+06 9.999108910560607910e-01
2.461071698608641513e+06 1.000722646713256836e+00
2.461071698674780317e+06 1.000179886817932129e+00
2.461071698740919121e+06 9.992028474807739258e-01
2.461071698807057925e+06 9.988658428192138672e-01
2.461071698873196729e+06 9.986196160316467285e-01
2.461071698939335532e+06 9.992676973342895508e-01
2.461071699005473871e+06 9.997083544731140137e-01
2.461071699071612675e+06 9.992660284042358398e-01
2.461071699137751479e+06 1.000881433486938477e+00
2.461071699203890283e+06 1.000215530395507812e+00
2.461071699270029087e+06 9.999951124191284180e-01
2.461071699336167891e+06 9.997051358222961426e-01
2.461071699402306695e+06 1.000072956085205078e+00
2.461071699468445498e+06 9.997909665107727051e-01
2.461071699534584302e+06 9.999918937683105469e-01
2.461071699600723106e+06 1.000351548194885254e+00
2.461071699666861910e+06 1.000233292579650879e+00
2.461071699733000714e+06 9.999157786369323730e-01
2.461071699799139518e+06 9.994248151779174805e-01
2.461071699865278322e+06 9.997780323028564453e-01
2.461071699931417126e+06 9.994442462921142578e-01
2.461071699997555930e+06 1.001150369644165039e+00
2.461071700063694268e+06 1.000320792198181152e+00
2.461071700129833072e+06 9.991137385368347168e-01
2.461071700195971876e+06 9.993373155593872070e-01
2.461071700262110680e+06 9.995738863945007324e-01
2.461071700328249484e+06 9.986584782600402832e-01
2.461071700394388288e+06 1.000719308853149414e+00
2.461071700460527092e+06 9.998412132263183594e-01
2.461071700526665896e+06 9.989355206489562988e-01
2.461071700592804700e+06 9.993794560432434082e-01
2.461071700658943504e+06 9.990651607513427734e-01
2.461071700725082308e+06 1.000000000000000000e+00
2.461071700791221112e+06 9.998509287834167480e-01
2.461071700857359916e+06 9.993405938148498535e-01
2.461071700923498720e+06 1.000019431114196777e+00
2.461071700989637524e+06 9.992368817329406738e-01
2.461071701055776328e+06 9.985644817352294922e-01
2.461071701121914666e+06 1.001219987869262695e+00
2.461071701188053470e+06 9.980865716934204102e-01
2.461071701254192274e+06 1.000707983970642090e+00
2.461071701320331078e+06 9.997439980506896973e-01
2.461071701386469882e+06 1.000128030776977539e+00
2.461071701452608686e+06 1.000648021697998047e+00
2.461071701518747490e+06 9.993584156036376953e-01
2.461071701584886294e+06 1.000374317169189453e+00
2.461071701651025098e+06 9.991655945777893066e-01
2.461071701717163902e+06 9.994977116584777832e-01
2.461071701783302706e+06 9.998136758804321289e-01
2.461071701849441510e+06 1.000072956085205078e+00
2.461071701915580314e+06 9.987800121307373047e-01
2.461071701981719118e+06 9.991769194602966309e-01
2.461071702047857922e+06 9.993988871574401855e-01
2.461071702113996260e+06 9.995544552803039551e-01
2.461071702180135064e+06 9.993762373924255371e-01
2.461071702246273868e+06 9.994410276412963867e-01
2.461071702312412672e+06 1.000053524971008301e+00
2.461071702378551476e+06 9.989193081855773926e-01
2.461071702444690280e+06 1.000411510467529297e+00
2.461071702510829084e+06 1.001156806945800781e+00
2.461071702576967888e+06 1.010565280914306641e+00
2.461071702643106692e+06 9.994831681251525879e-01
2.461071702709245495e+06 9.994572401046752930e-01
2.461071702775384299e+06 1.000813364982604980e+00
2.461071702841523103e+06 9.995058178901672363e-01
2.461071702907661907e+06 9.990408420562744141e-01
2.461071702973800711e+06 9.995576739311218262e-01
2.461071703039939515e+06 9.992838501930236816e-01
2.461071703106077854e+06 9.985094070434570312e-01
2.461071703172216658e+06 9.990635514259338379e-01
2.461071703238355462e+06 9.989792704582214355e-01
2.461071703304494265e+06 1.000537872314453125e+00
2.461071703370633069e+06 1.000348329544067383e+00
2.461071703436771873e+06 1.000495791435241699e+00
2.461071703502910677e+06 1.000076174736022949e+00
2.461071703569049481e+06 9.995560646057128906e-01
2.461071703635188285e+06 1.001113057136535645e+00
2.461071703701327089e+06 9.994863867759704590e-01
2.461071703767465893e+06 9.986665844917297363e-01
2.461071703833604697e+06 9.992449879646301270e-01
2.461071703899743501e+06 1.001250743865966797e+00
2.461071703965882305e+06 9.985904097557067871e-01
2.461071704032021109e+06 9.992417693138122559e-01
2.461071704098159913e+06 1.000317573547363281e+00
2.461071704164298251e+06 1.000170111656188965e+00
2.461071704230437055e+06 9.995155334472656250e-01
2.461071704296575859e+06 1.000534653663635254e+00
2.461071704362714663e+06 9.996775984764099121e-01
2.461071704428853467e+06 1.000170111656188965e+00
2.461071704494992271e+06 1.000019431114196777e+00
2.461071704561131075e+06 9.999772906303405762e-01
2.461071704627269879e+06 9.998428225517272949e-01
2.461071704693408683e+06 1.000087499618530273e+00
2.461071704759547487e+06 1.000392079353332520e+00
2.461071704825686291e+06 9.988626241683959961e-01
2.461071704891825095e+06 9.990505576133728027e-01
2.461071704957963899e+06 9.997893571853637695e-01
2.461071705024102703e+06 1.000089168548583984e+00
2.461071705090241507e+06 9.983652234077453613e-01
2.461071705156380311e+06 9.996759891510009766e-01
2.461071705222518649e+06 9.997196793556213379e-01
2.461071705288657453e+06 9.996192455291748047e-01
2.461071705354796257e+06 1.000204086303710938e+00
2.461071705420935061e+06 1.001654267311096191e+00
2.461071705487073865e+06 1.000532984733581543e+00
2.461071705553212669e+06 1.000860333442687988e+00
2.461071705619351473e+06 1.000307798385620117e+00
2.461071705685490277e+06 9.987556934356689453e-01
2.461071705751629081e+06 9.994442462921142578e-01
2.461071705817767885e+06 1.000123143196105957e+00
2.461071705883906689e+06 9.988982677459716797e-01
2.461071705950045493e+06 9.999481439590454102e-01
2.461071706016184296e+06 9.991461634635925293e-01
2.461071706082323100e+06 9.995836019515991211e-01
2.461071706148461904e+06 9.999384284019470215e-01
2.461071706214600243e+06 9.994750618934631348e-01
2.461071706280739047e+06 1.000212192535400391e+00
2.461071706346877851e+06 1.000516891479492188e+00
2.461071706413016655e+06 1.000000000000000000e+00
2.461071706479155459e+06 1.000615715980529785e+00
2.461071706545294262e+06 1.000949382781982422e+00
2.461071706611433066e+06 1.001232981681823730e+00
2.461071706677571870e+06 1.000168442726135254e+00
2.461071706743710674e+06 1.000079393386840820e+00
2.461071706809849478e+06 1.000277042388916016e+00
2.461071706875988282e+06 1.000119924545288086e+00
2.461071706942127086e+06 9.993454217910766602e-01
2.461071707008265890e+06 9.987913370132446289e-01
2.461071707074404694e+06 9.994232058525085449e-01
2.461071707140543498e+06 1.000241398811340332e+00
2.461071707206682302e+06 1.000926733016967773e+00
2.461071707272820640e+06 9.996435642242431641e-01
2.461071707338959444e+06 1.000453710556030273e+00
2.461071707405098248e+06 9.987881183624267578e-01
2.461071707471237052e+06 1.000330567359924316e+00
2.461071707537375856e+06 1.000552535057067871e+00
2.461071707603514660e+06 9.995706677436828613e-01
2.461071707669653464e+06 1.000460147857666016e+00
2.461071707735792268e+06 9.993373155593872070e-01
2.461071707801931072e+06 9.998736381530761719e-01
2.461071707868069876e+06 1.000508785247802734e+00
2.461071707934208680e+06 1.000068068504333496e+00
2.461071708000347484e+06 9.996727108955383301e-01
2.461071708066486288e+06 9.991315603256225586e-01
2.461071708132625092e+06 9.995738863945007324e-01
2.461071708198763896e+06 9.986535906791687012e-01
2.461071708264902234e+06 9.989517331123352051e-01
2.461071708331041038e+06 9.986649751663208008e-01
2.461071708397179842e+06 9.991931319236755371e-01
2.461071708463318646e+06 1.000398516654968262e+00
2.461071708529457450e+06 9.995204210281372070e-01
2.461071708595596254e+06 9.992935657501220703e-01
2.461071708661735058e+06 1.001237869262695312e+00
2.461071708727873862e+06 1.000434160232543945e+00
2.461071708794012666e+06 9.997132420539855957e-01
2.461071708860151470e+06 9.986503720283508301e-01
2.461071708926290274e+06 1.000275373458862305e+00
2.461071708992429078e+06 9.990975260734558105e-01
2.461071709058567882e+06 9.998542070388793945e-01
2.461071709124706686e+06 9.996047019958496094e-01
2.461071709190845490e+06 1.000098824501037598e+00
2.461071709256984293e+06 1.000479578971862793e+00
2.461071709323122632e+06 9.993956685066223145e-01
2.461071709389261436e+06 9.997958540916442871e-01
2.461071709455400240e+06 1.000230073928833008e+00
2.461071709521539044e+06 9.988399147987365723e-01
2.461071709587677848e+06 1.000069618225097656e+00
2.461071709653816652e+06 9.998525381088256836e-01
2.461071709719955456e+06 1.000074505805969238e+00
2.461071709786094259e+06 1.000132799148559570e+00
2.461071709852233063e+06 9.994232058525085449e-01
2.461071709918371867e+06 1.000265717506408691e+00
2.461071709984510671e+06 9.995350241661071777e-01
2.461071710050649475e+06 1.000268936157226562e+00
2.461071710116788279e+06 1.000140905380249023e+00
2.461071710182927083e+06 9.989014863967895508e-01
2.461071710249065887e+06 1.000314354896545410e+00
2.461071710315204225e+06 1.001331806182861328e+00
2.461071710381343029e+06 9.993907809257507324e-01
2.461071710447481833e+06 9.999189972877502441e-01
2.461071710513620637e+06 9.992077350616455078e-01
2.461071710579759441e+06 1.000165224075317383e+00
2.461071710645898245e+06 9.999173879623413086e-01
2.461071710712037049e+06 9.998168945312500000e-01
2.461071710778175853e+06 9.995236396789550781e-01
2.461071710844314657e+06 9.996160268783569336e-01
2.461071710910453461e+06 9.985758662223815918e-01
2.461071710976592265e+06 1.010664105415344238e+00
2.461071711042731069e+06 9.990635514259338379e-01
2.461071711108869873e+06 1.000244617462158203e+00
2.461071711175008677e+06 9.985515475273132324e-01
2.461071711241147481e+06 1.000311136245727539e+00
2.461071711307286285e+06 1.000437498092651367e+00
2.461071711373424623e+06 1.000985026359558105e+00
2.461071711439563427e+06 9.985142946243286133e-01
2.461071711505702231e+06 9.988399147987365723e-01
2.461071711571841035e+06 9.995107054710388184e-01
2.461071711637979839e+06 9.985305070877075195e-01
2.461071711704118643e+06 1.000134468078613281e+00
2.461071711770257447e+06 9.997764229774475098e-01
2.461071711836396251e+06 9.993891716003417969e-01
2.461071711902535055e+06 9.998314976692199707e-01
2.461071711968673859e+06 1.000920295715332031e+00
2.461071712034812663e+06 9.994556307792663574e-01
2.461071712100951467e+06 9.993438124656677246e-01
2.461071712167090271e+06 9.996548891067504883e-01
2.461071712233229075e+06 9.999675750732421875e-01
2.461071712299367879e+06 1.001006126403808594e+00
2.461071712365506217e+06 1.000622153282165527e+00
2.461071712431645021e+06 9.994215965270996094e-01
2.461071712497783825e+06 1.001087188720703125e+00
2.461071712563922629e+06 1.000844120979309082e+00
2.461071712630061433e+06 1.000247836112976074e+00
2.461071712696200237e+06 1.000003218650817871e+00
2.461071712762339041e+06 9.995236396789550781e-01
2.461071712828477845e+06 1.000466585159301758e+00
2.461071712894616649e+06 1.000422835350036621e+00
2.461071712960755453e+06 9.998428225517272949e-01
2.461071713026894256e+06 9.993227720260620117e-01
2.461071713093033060e+06 9.994021654129028320e-01
2.461071713159171864e+06 9.996743202209472656e-01
2.461071713225310668e+06 9.997018575668334961e-01
2.461071713291449472e+06 9.990813732147216797e-01
2.461071713357588276e+06 9.998314976692199707e-01
2.461071713423726615e+06 1.000129580497741699e+00
2.461071713489865419e+06 1.000418066978454590e+00
2.461071713556004222e+06 9.994134902954101562e-01
2.461071713622143026e+06 1.001482486724853516e+00
2.461071713688281830e+06 9.995609521865844727e-01
2.461071713754420634e+06 9.996727108955383301e-01
2.461071713820559438e+06 9.996905326843261719e-01
2.461071713886698242e+06 9.999433159828186035e-01
2.461071713952837046e+06 9.995366334915161133e-01
2.461071714018975850e+06 9.997245669364929199e-01
2.461071714085114654e+06 9.997958540916442871e-01
2.461071714151253458e+06 9.997407793998718262e-01
2.461071714217392262e+06 1.000231742858886719e+00
2.461071714283531066e+06 9.991477727890014648e-01
2.461071714349669870e+06 9.999271035194396973e-01
2.461071714415808674e+06 1.000213861465454102e+00
2.461071714481947012e+06 9.987313747406005859e-01
2.461071714548085816e+06 1.000860333442687988e+00
2.461071714614224620e+06 1.000429391860961914e+00
2.461071714680363424e+06 1.000335335731506348e+00
2.461071714746502228e+06 1.001228094100952148e+00
2.461071714812641032e+06 1.000095605850219727e+00
2.461071714878779836e+06 9.989841580390930176e-01
2.461071714944918640e+06 9.999011754989624023e-01
