# target=gj3929b eclipse=1 centroid=(61,69) aper_r=4 n=3387
# BJD_TDB    relative_flux
2.460864834342625923e+06 9.875584244728088379e-01
2.460864834408757277e+06 9.902695417404174805e-01
2.460864834474889096e+06 9.911526441574096680e-01
2.460864834541020449e+06 9.925854802131652832e-01
2.460864834607152268e+06 9.916698336601257324e-01
2.460864834673283622e+06 9.922097921371459961e-01
2.460864834739415441e+06 9.926424026489257812e-01
2.460864834805546794e+06 9.924196004867553711e-01
2.460864834871678613e+06 9.929009675979614258e-01
2.460864834937809967e+06 9.917657971382141113e-01
2.460864835003941786e+06 9.923577904701232910e-01
2.460864835070073139e+06 9.917284250259399414e-01
2.460864835136204492e+06 9.936035871505737305e-01
2.460864835202336311e+06 9.924439787864685059e-01
2.460864835268467665e+06 9.921073317527770996e-01
2.460864835334599484e+06 9.930831193923950195e-01
2.460864835400730837e+06 9.921349883079528809e-01
2.460864835466862656e+06 9.945403337478637695e-01
2.460864835532994010e+06 9.921365976333618164e-01
2.460864835599125829e+06 9.914242625236511230e-01
2.460864835665257182e+06 9.923968315124511719e-01
2.460864835731389001e+06 9.919723272323608398e-01
2.460864835797520354e+06 9.927042126655578613e-01
2.460864835863652173e+06 9.940280318260192871e-01
2.460864835929783527e+06 9.943923354148864746e-01
2.460864835995914880e+06 9.940915107727050781e-01
2.460864836062046699e+06 9.944281578063964844e-01
2.460864836128178053e+06 9.942801594734191895e-01
2.460864836194309872e+06 9.929888248443603516e-01
2.460864836260441225e+06 9.943858385086059570e-01
2.460864836326573044e+06 9.933075904846191406e-01
2.460864836392704397e+06 9.940248131752014160e-01
2.460864836458836216e+06 9.943126440048217773e-01
2.460864836524967570e+06 9.932262897491455078e-01
2.460864836591099389e+06 9.928278326988220215e-01
2.460864836657230742e+06 9.939451217651367188e-01
2.460864836723362561e+06 9.928001761436462402e-01
2.460864836789493915e+06 9.936540126800537109e-01
2.460864836855625268e+06 9.931172728538513184e-01
2.460864836921757087e+06 9.938344955444335938e-01
2.460864836987888440e+06 9.939711093902587891e-01
2.460864837054020260e+06 9.946900010108947754e-01
2.460864837120151613e+06 9.926879405975341797e-01
2.460864837186283432e+06 9.942573904991149902e-01
2.460864837252414785e+06 9.943972229957580566e-01
2.460864837318546604e+06 9.949501752853393555e-01
2.460864837384677958e+06 9.941598176956176758e-01
2.460864837450809777e+06 9.937402009963989258e-01
2.460864837516941130e+06 9.943891167640686035e-01
2.460864837583072484e+06 9.946525692939758301e-01
2.460864837649204303e+06 9.944623112678527832e-01
2.460864837715335656e+06 9.942606091499328613e-01
2.460864837781467475e+06 9.940947294235229492e-01
2.460864837847598828e+06 9.947550296783447266e-01
2.460864837913730647e+06 9.948526024818420410e-01
2.460864837979862001e+06 9.942118525505065918e-01
2.460864838045993820e+06 9.938540458679199219e-01
2.460864838112125173e+06 9.952266812324523926e-01
2.460864838178256992e+06 9.951778650283813477e-01
2.460864838244388346e+06 9.958658218383789062e-01
2.460864838310520165e+06 9.953063726425170898e-01
2.460864838376651518e+06 9.942622780799865723e-01
2.460864838442782871e+06 9.950119853019714355e-01
2.460864838508914690e+06 9.949420690536499023e-01
2.460864838575046044e+06 9.946151375770568848e-01
2.460864838641177863e+06 9.952120184898376465e-01
2.460864838707309216e+06 9.962399005889892578e-01
2.460864838773441035e+06 9.956592917442321777e-01
2.460864838839572389e+06 9.962301254272460938e-01
2.460864838905704208e+06 9.959633946418762207e-01
2.460864838971835561e+06 9.964952468872070312e-01
2.460864839037967380e+06 9.958040118217468262e-01
2.460864839104098734e+06 9.954852461814880371e-01
2.460864839170230553e+06 9.946427941322326660e-01
2.460864839236361906e+06 9.958950877189636230e-01
2.460864839302493259e+06 9.963797330856323242e-01
2.460864839368625078e+06 9.964935779571533203e-01
2.460864839434756432e+06 9.968205094337463379e-01
2.460864839500888251e+06 9.956218600273132324e-01
2.460864839567019604e+06 9.956072568893432617e-01
2.460864839633151423e+06 9.968074560165405273e-01
2.460864839699282777e+06 9.959845542907714844e-01
2.460864839765414596e+06 9.951339960098266602e-01
2.460864839831545949e+06 9.957146048545837402e-01
2.460864839897677768e+06 9.965569972991943359e-01
2.460864839963809121e+06 9.967098832130432129e-01
2.460864840029940940e+06 9.965326189994812012e-01
2.460864840096072294e+06 9.965456128120422363e-01
2.460864840162203647e+06 9.960365891456604004e-01
2.460864840228335466e+06 9.963781237602233887e-01
2.460864840294466820e+06 9.963082075119018555e-01
2.460864840360598639e+06 9.969294667243957520e-01
2.460864840426729992e+06 9.960805177688598633e-01
2.460864840492861811e+06 9.975507259368896484e-01
2.460864840558993164e+06 9.964513182640075684e-01
2.460864840625124983e+06 9.972498416900634766e-01
2.460864840691256337e+06 9.967798590660095215e-01
2.460864840757388156e+06 9.965310096740722656e-01
2.460864840823519509e+06 9.973799586296081543e-01
2.460864840889651328e+06 9.965797662734985352e-01
2.460864840955782682e+06 9.961048960685729980e-01
2.460864841021914035e+06 9.962463974952697754e-01
2.460864841088045854e+06 9.964399337768554688e-01
2.460864841154177207e+06 9.977149963378906250e-01
2.460864841220309027e+06 9.959471225738525391e-01
2.460864841286440380e+06 9.972091913223266602e-01
2.460864841352572199e+06 9.979784488677978516e-01
2.460864841418703552e+06 9.985102415084838867e-01
2.460864841484835371e+06 9.972921609878540039e-01
2.460864841550966725e+06 9.971571564674377441e-01
2.460864841617098544e+06 9.975328445434570312e-01
2.460864841683229897e+06 9.977458715438842773e-01
2.460864841749361716e+06 9.979442954063415527e-01
2.460864841815493070e+06 9.975019097328186035e-01
2.460864841881624423e+06 9.977214932441711426e-01
2.460864841947756242e+06 9.974206089973449707e-01
2.460864842013887595e+06 9.971506595611572266e-01
2.460864842080019414e+06 9.978711009025573730e-01
2.460864842146150768e+06 9.984517097473144531e-01
2.460864842212282587e+06 9.978646039962768555e-01
2.460864842278413940e+06 9.975181818008422852e-01
2.460864842344545759e+06 9.979670643806457520e-01
2.460864842410677113e+06 9.979849457740783691e-01
2.460864842476808932e+06 9.973978400230407715e-01
2.460864842542940285e+06 9.986192584037780762e-01
2.460864842609071638e+06 9.979150295257568359e-01
2.460864842675203457e+06 9.986664056777954102e-01
2.460864842741334811e+06 9.981329441070556641e-01
2.460864842807466630e+06 9.976190328598022461e-01
2.460864842873597983e+06 9.979670643806457520e-01
2.460864842939729802e+06 9.982354044914245605e-01
2.460864843005861156e+06 9.986615180969238281e-01
2.460864843071992975e+06 9.981735944747924805e-01
2.460864843138124328e+06 9.970286488533020020e-01
2.460864843204256147e+06 9.983460307121276855e-01
2.460864843270387501e+06 1.000052094459533691e+00
2.460864843336519320e+06 9.973864555358886719e-01
2.460864843402650673e+06 9.973263144493103027e-01
2.460864843468782026e+06 9.982744455337524414e-01
2.460864843534913845e+06 9.986224770545959473e-01
2.460864843601045199e+06 9.979020357131958008e-01
2.460864843667177018e+06 9.975880980491638184e-01
2.460864843733308371e+06 9.983362555503845215e-01
2.460864843799440190e+06 9.981980323791503906e-01
2.460864843865571544e+06 9.984565973281860352e-01
2.460864843931703363e+06 9.984012842178344727e-01
2.460864843997834716e+06 9.988160133361816406e-01
2.460864844063966535e+06 9.984891414642333984e-01
2.460864844130097888e+06 9.983931779861450195e-01
2.460864844196229707e+06 9.984419345855712891e-01
2.460864844262361061e+06 9.990827441215515137e-01
2.460864844328492414e+06 9.983606338500976562e-01
2.460864844394624233e+06 9.984419345855712891e-01
2.460864844460755587e+06 9.981329441070556641e-01
2.460864844526887406e+06 9.986647963523864746e-01
2.460864844593018759e+06 9.992843866348266602e-01
2.460864844659150578e+06 9.985916018486022949e-01
2.460864844725281931e+06 9.994356632232666016e-01
2.460864844791413750e+06 9.976027607917785645e-01
2.460864844857545104e+06 9.987525939941406250e-01
2.460864844923676923e+06 9.988924860954284668e-01
2.460864844989808276e+06 9.983525276184082031e-01
2.460864845055940095e+06 9.984240531921386719e-01
2.460864845122071449e+06 9.994730353355407715e-01
2.460864845188202802e+06 9.992030858993530273e-01
2.460864845254334621e+06 9.985590577125549316e-01
2.460864845320465975e+06 9.989477396011352539e-01
2.460864845386597794e+06 9.995787739753723145e-01
2.460864845452729147e+06 1.000110626220703125e+00
2.460864845518860966e+06 9.993153214454650879e-01
2.460864845584992319e+06 9.986208677291870117e-01
2.460864845651124138e+06 9.977637529373168945e-01
2.460864845717255492e+06 9.992957711219787598e-01
2.460864845783387311e+06 9.987607002258300781e-01
2.460864845849518664e+06 9.988664388656616211e-01
2.460864845915650018e+06 9.985737204551696777e-01
2.460864845981781837e+06 9.996845126152038574e-01
2.460864846047913190e+06 9.991900920867919922e-01
2.460864846114045009e+06 9.995153546333312988e-01
2.460864846180176362e+06 9.999788403511047363e-01
2.460864846246308181e+06 9.997836947441101074e-01
2.460864846312439535e+06 9.990046620368957520e-01
2.460864846378571354e+06 9.988095164299011230e-01
2.460864846444702707e+06 9.991673231124877930e-01
2.460864846510834526e+06 9.986842870712280273e-01
2.460864846576965880e+06 9.985265135765075684e-01
2.460864846643097699e+06 9.993120431900024414e-01
2.460864846709229052e+06 9.998763799667358398e-01
2.460864846775360405e+06 9.997528195381164551e-01
2.460864846841492224e+06 9.992632865905761719e-01
2.460864846907623578e+06 9.990583658218383789e-01
2.460864846973755397e+06 9.987217187881469727e-01
2.460864847039886750e+06 9.991722106933593750e-01
2.460864847106018569e+06 9.990697503089904785e-01
2.460864847172149923e+06 9.994730353355407715e-01
2.460864847238281742e+06 1.000905871391296387e+00
2.460864847304413095e+06 1.000203251838684082e+00
2.460864847370544914e+06 1.000375628471374512e+00
2.460864847436676268e+06 9.994812011718750000e-01
2.460864847502808087e+06 1.001154661178588867e+00
2.460864847568939440e+06 9.992453455924987793e-01
2.460864847635070793e+06 9.989445209503173828e-01
2.460864847701202612e+06 9.987802505493164062e-01
2.460864847767333966e+06 9.991640448570251465e-01
2.460864847833465785e+06 9.997186660766601562e-01
2.460864847899597138e+06 9.999235868453979492e-01
2.460864847965728957e+06 9.989786744117736816e-01
2.460864848031860311e+06 1.000546455383300781e+00
2.460864848097992130e+06 9.993429780006408691e-01
2.460864848164123483e+06 1.001255512237548828e+00
2.460864848230255302e+06 9.998861551284790039e-01
2.460864848296386655e+06 9.998341202735900879e-01
2.460864848362518474e+06 1.000087857246398926e+00
2.460864848428649828e+06 1.000387072563171387e+00
2.460864848494781181e+06 9.998617768287658691e-01
2.460864848560913000e+06 9.997966885566711426e-01
2.460864848627044354e+06 1.000263452529907227e+00
2.460864848693176173e+06 1.000530242919921875e+00
2.460864848759307526e+06 1.001063585281372070e+00
2.460864848825439345e+06 9.997153878211975098e-01
2.460864848891570698e+06 9.999316930770874023e-01
2.460864848957702518e+06 9.998975396156311035e-01
2.460864849023833871e+06 1.000354528427124023e+00
2.460864849089965690e+06 1.000741600990295410e+00
2.460864849156097043e+06 1.000539898872375488e+00
2.460864849222228397e+06 1.000195145606994629e+00
2.460864849288360216e+06 1.000396847724914551e+00
2.460864849354491569e+06 1.000035762786865234e+00
2.460864849420623388e+06 1.000671625137329102e+00
2.460864849486754742e+06 1.000666856765747070e+00
2.460864849552886561e+06 1.000334978103637695e+00
2.460864849619017914e+06 1.000792026519775391e+00
2.460864849685149733e+06 1.000886321067810059e+00
2.460864849751281086e+06 9.999528527259826660e-01
2.460864849817412905e+06 1.000831007957458496e+00
2.460864849883544259e+06 1.000608205795288086e+00
2.460864849949676078e+06 1.000972509384155273e+00
2.460864850015807431e+06 9.997999668121337891e-01
2.460864850081938785e+06 1.000417947769165039e+00
2.460864850148070604e+06 1.000105738639831543e+00
2.460864850214201957e+06 1.000476479530334473e+00
2.460864850280333776e+06 9.996568560600280762e-01
2.460864850346465129e+06 9.998959302902221680e-01
2.460864850412596948e+06 9.998894333839416504e-01
2.460864850478728302e+06 9.990876317024230957e-01
2.460864850544860121e+06 9.999381899833679199e-01
2.460864850610991474e+06 1.001286387443542480e+00
2.460864850677123293e+06 9.999593496322631836e-01
2.460864850743254647e+06 1.000588774681091309e+00
2.460864850809386000e+06 1.000222802162170410e+00
2.460864850875517819e+06 1.000305771827697754e+00
2.460864850941649172e+06 1.000388741493225098e+00
2.460864851007780991e+06 1.000034093856811523e+00
2.460864851073912345e+06 1.000346422195434570e+00
2.460864851140044164e+06 1.001101016998291016e+00
2.460864851206175517e+06 1.000805020332336426e+00
2.460864851272307336e+06 1.000509023666381836e+00
2.460864851338438690e+06 1.000107288360595703e+00
2.460864851404570509e+06 1.000491142272949219e+00
2.460864851470701862e+06 1.000169157981872559e+00
2.460864851536833681e+06 1.000147938728332520e+00
2.460864851602965035e+06 1.000361084938049316e+00
2.460864851669096388e+06 9.993803501129150391e-01
2.460864851735228207e+06 1.001101016998291016e+00
2.460864851801359560e+06 1.000320434570312500e+00
2.460864851867491379e+06 1.000564336776733398e+00
2.460864851933622733e+06 9.992876648902893066e-01
2.460864851999754552e+06 1.001288056373596191e+00
2.460864852065885905e+06 1.000437498092651367e+00
2.460864852132017724e+06 9.999577403068542480e-01
2.460864852198149078e+06 9.997707009315490723e-01
2.460864852264280897e+06 1.001302719116210938e+00
2.460864852330412250e+06 1.000902652740478516e+00
2.460864852396544069e+06 1.000792026519775391e+00
2.460864852462675422e+06 1.000938415527343750e+00
2.460864852528806776e+06 9.998763799667358398e-01
2.460864852594938595e+06 1.000437498092651367e+00
2.460864852661069948e+06 1.001314043998718262e+00
2.460864852727201767e+06 1.001187205314636230e+00
2.460864852793333121e+06 9.999495744705200195e-01
2.460864852859464940e+06 1.000697731971740723e+00
2.460864852925596293e+06 1.000408172607421875e+00
2.460864852991728112e+06 1.000780701637268066e+00
2.460864853057859465e+06 9.997348785400390625e-01
2.460864853123991285e+06 9.994698166847229004e-01
2.460864853190122638e+06 9.994795918464660645e-01
2.460864853256254457e+06 1.002169489860534668e+00
2.460864853322385810e+06 1.000242352485656738e+00
2.460864853388517164e+06 1.000590324401855469e+00
2.460864853454648983e+06 1.001092910766601562e+00
2.460864853520780336e+06 1.000374078750610352e+00
2.460864853586912155e+06 1.000567555427551270e+00
2.460864853653043509e+06 1.000470042228698730e+00
2.460864853719175328e+06 1.000863552093505859e+00
2.460864853785306681e+06 1.000308990478515625e+00
2.460864853851438500e+06 1.001927256584167480e+00
2.460864853917569853e+06 1.001052260398864746e+00
2.460864853983701672e+06 1.000152826309204102e+00
2.460864854049833026e+06 1.000486254692077637e+00
2.460864854115964379e+06 1.000959515571594238e+00
2.460864854182096198e+06 1.001260399818420410e+00
2.460864854248227552e+06 9.999902248382568359e-01
2.460864854314359371e+06 9.993478059768676758e-01
2.460864854380490724e+06 1.000253677368164062e+00
2.460864854446622543e+06 1.001403570175170898e+00
2.460864854512753896e+06 1.000009775161743164e+00
2.460864854578885715e+06 1.000239014625549316e+00
2.460864854645017069e+06 9.991494417190551758e-01
2.460864854711148888e+06 9.997072815895080566e-01
2.460864854777280241e+06 9.997121095657348633e-01
2.460864854843412060e+06 1.001580834388732910e+00
2.460864854909543414e+06 1.001055479049682617e+00
2.460864854975674767e+06 1.001172542572021484e+00
2.460864855041806586e+06 1.000087857246398926e+00
2.460864855107937939e+06 1.000979065895080566e+00
2.460864855174069759e+06 1.000961184501647949e+00
2.460864855240201112e+06 1.000863552093505859e+00
2.460864855306332931e+06 1.001118898391723633e+00
2.460864855372464284e+06 1.000970959663391113e+00
2.460864855438596103e+06 1.001294612884521484e+00
2.460864855504727457e+06 1.000974178314208984e+00
2.460864855570859276e+06 1.000554561614990234e+00
2.460864855636990629e+06 1.000577330589294434e+00
2.460864855703121983e+06 1.001909375190734863e+00
2.460864855769253802e+06 1.001897931098937988e+00
2.460864855835385155e+06 1.001302719116210938e+00
2.460864855901516974e+06 1.000108957290649414e+00
2.460864855967648327e+06 1.001597046852111816e+00
2.460864856033780146e+06 1.000483036041259766e+00
2.460864856099911500e+06 1.001871943473815918e+00
2.460864856166043319e+06 1.001284837722778320e+00
2.460864856232174672e+06 1.001518964767456055e+00
2.460864856298306491e+06 1.000591993331909180e+00
2.460864856364437845e+06 1.000404953956604004e+00
2.460864856430569664e+06 9.998861551284790039e-01
2.460864856496701017e+06 1.001499533653259277e+00
2.460864856562832370e+06 1.001597046852111816e+00
2.460864856628964189e+06 1.001209974288940430e+00
2.460864856695095543e+06 1.000909090042114258e+00
2.460864856761227362e+06 1.001894712448120117e+00
2.460864856827358715e+06 1.001283168792724609e+00
2.460864856893490534e+06 1.000928640365600586e+00
2.460864856959621888e+06 1.000587105751037598e+00
2.460864857025753707e+06 1.000147938728332520e+00
2.460864857091885060e+06 9.995071887969970703e-01
2.460864857158016879e+06 1.001465320587158203e+00
2.460864857224148232e+06 1.000265121459960938e+00
2.460864857290280052e+06 1.000110626220703125e+00
2.460864857356411405e+06 1.000359416007995605e+00
2.460864857422542758e+06 9.997966885566711426e-01
2.460864857488674577e+06 9.990209341049194336e-01
2.460864857554805931e+06 1.000204920768737793e+00
2.460864857620937750e+06 1.001953244209289551e+00
2.460864857687069103e+06 1.001029491424560547e+00
2.460864857753200922e+06 1.000686287879943848e+00
2.460864857819332276e+06 1.000770926475524902e+00
2.460864857885464095e+06 1.001140117645263672e+00
2.460864857951595448e+06 1.002047538757324219e+00
2.460864858017727267e+06 1.001972794532775879e+00
2.460864858083858620e+06 1.000175595283508301e+00
2.460864858149989974e+06 1.000567555427551270e+00
2.460864858216121793e+06 1.001460433006286621e+00
2.460864858282253146e+06 1.000417947769165039e+00
2.460864858348384965e+06 1.000938415527343750e+00
2.460864858414516319e+06 1.000834345817565918e+00
2.460864858480648138e+06 1.001118898391723633e+00
2.460864858546779491e+06 1.002182602882385254e+00
2.460864858612911310e+06 1.001727223396301270e+00
2.460864858679042663e+06 1.001733660697937012e+00
2.460864858745174482e+06 1.001904487609863281e+00
2.460864858811305836e+06 1.000414729118347168e+00
2.460864858877437655e+06 1.000151276588439941e+00
2.460864858943569008e+06 1.001496195793151855e+00
2.460864859009700362e+06 1.000881433486938477e+00
2.460864859075832181e+06 1.001624703407287598e+00
2.460864859141963534e+06 1.000525355339050293e+00
2.460864859208095353e+06 1.000630974769592285e+00
2.460864859274226706e+06 1.001823186874389648e+00
2.460864859340358526e+06 1.000816464424133301e+00
2.460864859406489879e+06 1.000517129898071289e+00
2.460864859472621698e+06 1.001094579696655273e+00
2.460864859538753051e+06 1.000208139419555664e+00
2.460864859604884870e+06 1.002013444900512695e+00
2.460864859671016224e+06 1.000512242317199707e+00
2.460864859737147577e+06 1.001730442047119141e+00
2.460864859803279396e+06 1.001743435859680176e+00
2.460864859869410750e+06 1.000956296920776367e+00
2.460864859935542569e+06 1.002057313919067383e+00
2.460864860001673922e+06 1.001676797866821289e+00
2.460864860067805741e+06 1.000959515571594238e+00
2.460864860133937094e+06 1.000313878059387207e+00
2.460864860200068913e+06 1.000333428382873535e+00
2.460864860266200267e+06 1.001003503799438477e+00
2.460864860332332086e+06 1.001995563507080078e+00
2.460864860398463439e+06 1.002177715301513672e+00
2.460864860464595258e+06 1.000614762306213379e+00
2.460864860530726612e+06 1.001201868057250977e+00
2.460864860596857965e+06 1.001019716262817383e+00
2.460864860662989784e+06 1.001079916954040527e+00
2.460864860729121137e+06 1.002359867095947266e+00
2.460864860795252956e+06 1.002406954765319824e+00
2.460864860861384310e+06 1.001950025558471680e+00
2.460864860927516129e+06 1.000523686408996582e+00
2.460864860993647482e+06 1.001226305961608887e+00
2.460864861059779301e+06 1.000796914100646973e+00
2.460864861125910655e+06 9.999349713325500488e-01
2.460864861192042474e+06 1.003309607505798340e+00
2.460864861258173827e+06 1.000862002372741699e+00
2.460864861324305646e+06 1.001362919807434082e+00
2.460864861390436999e+06 1.000887989997863770e+00
2.460864861456568353e+06 1.000739932060241699e+00
2.460864861522700172e+06 1.001322269439697266e+00
2.460864861588831525e+06 1.001136779785156250e+00
2.460864861654963344e+06 1.001188874244689941e+00
2.460864861721094698e+06 1.000904202461242676e+00
2.460864861787226517e+06 1.001919031143188477e+00
2.460864861853357870e+06 1.001125454902648926e+00
2.460864861919489689e+06 1.004633426666259766e+00
2.460864861985621043e+06 1.000694394111633301e+00
2.460864862051752862e+06 9.996031522750854492e-01
2.460864862117884215e+06 1.000626087188720703e+00
2.460864862184015568e+06 1.001058697700500488e+00
2.460864862250147387e+06 1.001263618469238281e+00
2.460864862316278741e+06 1.001099467277526855e+00
2.460864862382410560e+06 1.001837730407714844e+00
2.460864862448541913e+06 1.000648856163024902e+00
2.460864862514673732e+06 1.001424670219421387e+00
2.460864862580805086e+06 1.002050876617431641e+00
2.460864862646936905e+06 1.001624703407287598e+00
2.460864862713068258e+06 1.000717163085937500e+00
2.460864862779200077e+06 1.002730607986450195e+00
2.460864862845331430e+06 1.001260399818420410e+00
2.460864862911463249e+06 1.002257347106933594e+00
2.460864862977594603e+06 1.002169489860534668e+00
2.460864863043725956e+06 1.001507639884948730e+00
2.460864863109857775e+06 1.000876545906066895e+00
2.460864863175989129e+06 1.002309441566467285e+00
2.460864863242120948e+06 1.000487923622131348e+00
2.460864863308252301e+06 1.000367522239685059e+00
2.460864863374384120e+06 1.001066923141479492e+00
2.460864863440515473e+06 1.001208424568176270e+00
2.460864863506647293e+06 1.001162886619567871e+00
2.460864863572778646e+06 1.000884771347045898e+00
2.460864863638910465e+06 1.002351641654968262e+00
2.460864863705041818e+06 1.001322269439697266e+00
2.460864863771173172e+06 1.002389073371887207e+00
2.460864863837304991e+06 1.001549959182739258e+00
2.460864863903436344e+06 1.002390742301940918e+00
2.460864863969568163e+06 1.001301050186157227e+00
2.460864864035699517e+06 1.000969290733337402e+00
2.460864864101831336e+06 1.001009941101074219e+00
2.460864864167962689e+06 1.001784086227416992e+00
2.460864864234094508e+06 1.000697731971740723e+00
2.460864864300225861e+06 1.000268340110778809e+00
2.460864864366357680e+06 1.001367807388305664e+00
2.460864864432489034e+06 1.000931859016418457e+00
2.460864864498620853e+06 1.001253962516784668e+00
2.460864864564752206e+06 1.001122236251831055e+00
2.460864864630883560e+06 1.000681400299072266e+00
2.460864864697015379e+06 1.002616763114929199e+00
2.460864864763146732e+06 1.001315712928771973e+00
2.460864864829278551e+06 1.002174377441406250e+00
2.460864864895409904e+06 1.001606822013854980e+00
2.460864864961541723e+06 1.001450657844543457e+00
2.460864865027673077e+06 1.001445770263671875e+00
2.460864865093804896e+06 1.002233028411865234e+00
2.460864865159936249e+06 1.000751376152038574e+00
2.460864865226068068e+06 1.001676797866821289e+00
2.460864865292199422e+06 1.000792026519775391e+00
2.460864865358330775e+06 1.001405119895935059e+00
2.460864865424462594e+06 1.001236081123352051e+00
2.460864865490593947e+06 1.002667188644409180e+00
2.460864865556725767e+06 1.001039266586303711e+00
2.460864865622857120e+06 1.002348423004150391e+00
2.460864865688988939e+06 1.001392126083374023e+00
2.460864865755120292e+06 1.002406954765319824e+00
2.460864865821252111e+06 1.001299500465393066e+00
2.460864865887383465e+06 1.000533461570739746e+00
2.460864865953515284e+06 1.001177430152893066e+00
2.460864866019646637e+06 1.002213478088378906e+00
2.460864866085778456e+06 1.001009941101074219e+00
2.460864866151909810e+06 1.000604987144470215e+00
2.460864866218041163e+06 1.000738382339477539e+00
2.460864866284172982e+06 1.000692844390869141e+00
2.460864866350304335e+06 1.000889658927917480e+00
2.460864866416436154e+06 1.001618266105651855e+00
2.460864866482567508e+06 1.001294612884521484e+00
2.460864866548699327e+06 1.001491308212280273e+00
2.460864866614830680e+06 1.000513911247253418e+00
2.460864866680962499e+06 9.991884231567382812e-01
2.460864866747093853e+06 1.000748157501220703e+00
2.460864866813225672e+06 1.001029491424560547e+00
2.460864866879357025e+06 1.000453710556030273e+00
2.460864866945488378e+06 1.001413345336914062e+00
2.460864867011620197e+06 1.000661969184875488e+00
2.460864867077751551e+06 1.002509474754333496e+00
2.460864867143883370e+06 1.001154661178588867e+00
2.460864867210014723e+06 1.000915646553039551e+00
2.460864867276146542e+06 1.000959515571594238e+00
2.460864867342277896e+06 1.001005053520202637e+00
2.460864867408409715e+06 1.001218080520629883e+00
2.460864867474541068e+06 1.001063585281372070e+00
2.460864867540672887e+06 1.001559615135192871e+00
2.460864867606804240e+06 1.001367807388305664e+00
2.460864867672936060e+06 1.001118898391723633e+00
2.460864867739067413e+06 1.000707507133483887e+00
2.460864867805198766e+06 1.001946687698364258e+00
2.460864867871330585e+06 1.001758098602294922e+00
2.460864867937461939e+06 1.001943469047546387e+00
2.460864868003593758e+06 1.001948356628417969e+00
2.460864868069725111e+06 1.002886772155761719e+00
2.460864868135856930e+06 1.002026438713073730e+00
2.460864868201988284e+06 1.002800583839416504e+00
2.460864868268120103e+06 1.000892877578735352e+00
2.460864868334251456e+06 1.000992059707641602e+00
2.460864868400383275e+06 1.001693010330200195e+00
2.460864868466514628e+06 1.001662135124206543e+00
2.460864868532646447e+06 1.000648856163024902e+00
2.460864868598777801e+06 1.001494646072387695e+00
2.460864868664909154e+06 1.001040816307067871e+00
2.460864868731040973e+06 1.002602100372314453e+00
2.460864868797172327e+06 1.001353144645690918e+00
2.460864868863304146e+06 1.000891208648681641e+00
2.460864868929435499e+06 1.000814795494079590e+00
2.460864868995567318e+06 1.000992059707641602e+00
2.460864869061698671e+06 1.000299215316772461e+00
2.460864869127830490e+06 1.001266956329345703e+00
2.460864869193961844e+06 1.001135230064392090e+00
2.460864869260093663e+06 1.001915812492370605e+00
2.460864869326225016e+06 1.001481652259826660e+00
2.460864869392356370e+06 1.001242518424987793e+00
2.460864869458488189e+06 1.000900983810424805e+00
2.460864869524619542e+06 1.001579165458679199e+00
2.460864869590751361e+06 9.996633529663085938e-01
2.460864869656882714e+06 1.001694679260253906e+00
2.460864869723014534e+06 1.003221750259399414e+00
2.460864869789145887e+06 1.000000000000000000e+00
2.460864869855277706e+06 1.000953078269958496e+00
2.460864869921409059e+06 1.001159548759460449e+00
2.460864869987540878e+06 1.001806855201721191e+00
2.460864870053672232e+06 1.000925421714782715e+00
2.460864870119803585e+06 1.000713944435119629e+00
2.460864870185935404e+06 1.001172542572021484e+00
2.460864870252066758e+06 1.000362634658813477e+00
2.460864870318198577e+06 1.000622868537902832e+00
2.460864870384329930e+06 1.002296447753906250e+00
2.460864870450461749e+06 1.001279950141906738e+00
2.460864870516593102e+06 1.002213478088378906e+00
2.460864870582724921e+06 1.001497864723205566e+00
2.460864870648856275e+06 1.002233028411865234e+00
2.460864870714988094e+06 1.001764535903930664e+00
2.460864870781119447e+06 1.001767873764038086e+00
2.460864870847251266e+06 1.001301050186157227e+00
2.460864870913382620e+06 1.001006722450256348e+00
2.460864870979513973e+06 1.001834511756896973e+00
2.460864871045645792e+06 1.000705838203430176e+00
2.460864871111777145e+06 1.002182602882385254e+00
2.460864871177908964e+06 1.002781033515930176e+00
2.460864871244040318e+06 1.002208590507507324e+00
2.460864871310172137e+06 1.002084970474243164e+00
2.460864871376303490e+06 1.000178933143615723e+00
2.460864871442435309e+06 1.001693010330200195e+00
2.460864871508566663e+06 1.001559615135192871e+00
2.460864871574698482e+06 1.000905871391296387e+00
2.460864871640829835e+06 1.000739932060241699e+00
2.460864871706961188e+06 1.000554561614990234e+00
2.460864871773093008e+06 1.001626372337341309e+00
2.460864871839224361e+06 1.000840783119201660e+00
2.460864871905356180e+06 1.001062035560607910e+00
2.460864871971487533e+06 1.001611709594726562e+00
2.460864872037619352e+06 1.002615213394165039e+00
2.460864872103750706e+06 1.000344753265380859e+00
2.460864872169882525e+06 1.000473260879516602e+00
2.460864872236013878e+06 1.001914262771606445e+00
2.460864872302145697e+06 1.000928640365600586e+00
2.460864872368277051e+06 1.002062201499938965e+00
2.460864872434408870e+06 1.001533627510070801e+00
2.460864872500540223e+06 1.001559615135192871e+00
2.460864872566671576e+06 1.001749992370605469e+00
2.460864872632803395e+06 1.001063585281372070e+00
2.460864872698934749e+06 1.001234412193298340e+00
2.460864872765066568e+06 1.000305771827697754e+00
2.460864872831197921e+06 1.001201868057250977e+00
2.460864872897329740e+06 1.000941634178161621e+00
2.460864872963461094e+06 1.000873327255249023e+00
2.460864873029592913e+06 1.000416398048400879e+00
2.460864873095724266e+06 1.001829624176025391e+00
2.460864873161856085e+06 1.001667022705078125e+00
2.460864873227987438e+06 1.000611543655395508e+00
2.460864873294118792e+06 1.001946687698364258e+00
2.460864873360250611e+06 1.001971125602722168e+00
2.460864873426381964e+06 1.000452160835266113e+00
2.460864873492513783e+06 1.001195311546325684e+00
2.460864873558645137e+06 1.000759482383728027e+00
2.460864873624776956e+06 1.001850724220275879e+00
2.460864873690908309e+06 1.000520467758178711e+00
2.460864873757040128e+06 1.001283168792724609e+00
2.460864873823171481e+06 1.001062035560607910e+00
2.460864873889303301e+06 1.000234246253967285e+00
2.460864873955434654e+06 1.000949740409851074e+00
2.460864874021566473e+06 1.001639366149902344e+00
2.460864874087697826e+06 1.001556396484375000e+00
2.460864874153829180e+06 1.001276731491088867e+00
2.460864874219960999e+06 1.001388907432556152e+00
2.460864874286092352e+06 1.000730276107788086e+00
2.460864874352224171e+06 1.002359867095947266e+00
2.460864874418355525e+06 1.000416398048400879e+00
2.460864874484487344e+06 1.001457214355468750e+00
2.460864874550618697e+06 1.001258850097656250e+00
2.460864874616750516e+06 1.001068472862243652e+00
2.460864874682881869e+06 1.002028107643127441e+00
2.460864874749013688e+06 1.001899600028991699e+00
2.460864874815145042e+06 1.000543236732482910e+00
2.460864874881276395e+06 1.002463936805725098e+00
2.460864874947408214e+06 1.001161217689514160e+00
2.460864875013539568e+06 1.000053644180297852e+00
2.460864875079671387e+06 1.001441001892089844e+00
2.460864875145802740e+06 1.000600099563598633e+00
2.460864875211934559e+06 1.001925587654113770e+00
2.460864875278065912e+06 9.997934699058532715e-01
2.460864875344197731e+06 1.001304388046264648e+00
2.460864875410329085e+06 1.001091241836547852e+00
2.460864875476460904e+06 1.002631425857543945e+00
2.460864875542592257e+06 1.002506256103515625e+00
2.460864875608723611e+06 1.000709056854248047e+00
2.460864875674855430e+06 1.000626087188720703e+00
2.460864875740986783e+06 1.000931859016418457e+00
2.460864875807118602e+06 1.000783920288085938e+00
2.460864875873249955e+06 9.999935030937194824e-01
2.460864875939381775e+06 1.001203536987304688e+00
2.460864876005513128e+06 1.001297831535339355e+00
2.460864876071644947e+06 1.000543236732482910e+00
2.460864876137776300e+06 1.001634478569030762e+00
2.460864876203908119e+06 1.001847505569458008e+00
2.460864876270039473e+06 1.001333594322204590e+00
2.460864876336171292e+06 9.997739195823669434e-01
2.460864876402302645e+06 1.002693176269531250e+00
2.460864876468433999e+06 1.001479983329772949e+00
2.460864876534565818e+06 1.001138448715209961e+00
2.460864876600697171e+06 1.001406788825988770e+00
2.460864876666828990e+06 1.000722050666809082e+00
2.460864876732960343e+06 1.001162886619567871e+00
2.460864876799092162e+06 1.002499699592590332e+00
2.460864876865223516e+06 1.001384019851684570e+00
2.460864876931355335e+06 1.001663804054260254e+00
2.460864876997486688e+06 1.001714110374450684e+00
2.460864877063618507e+06 1.001492977142333984e+00
2.460864877129749861e+06 1.001945137977600098e+00
2.460864877195881214e+06 1.002891659736633301e+00
2.460864877262013033e+06 1.000091075897216797e+00
2.460864877328144386e+06 1.000450491905212402e+00
2.460864877394276205e+06 1.001078248023986816e+00
2.460864877460407559e+06 1.001065254211425781e+00
2.460864877526539378e+06 1.002016663551330566e+00
2.460864877592670731e+06 1.000671625137329102e+00
2.460864877658802550e+06 1.001694679260253906e+00
2.460864877724933904e+06 1.000642418861389160e+00
2.460864877791065723e+06 1.000344753265380859e+00
2.460864877857197076e+06 1.001725554466247559e+00
2.460864877923328895e+06 1.001912593841552734e+00
2.460864877989460249e+06 1.000879883766174316e+00
2.460864878055591602e+06 1.000912427902221680e+00
2.460864878121723421e+06 1.001411676406860352e+00
2.460864878187854774e+06 1.001400232315063477e+00
2.460864878253986593e+06 1.001286387443542480e+00
2.460864878320117947e+06 1.000705838203430176e+00
2.460864878386249766e+06 1.000590324401855469e+00
2.460864878452381119e+06 1.000175595283508301e+00
2.460864878518512938e+06 1.002197146415710449e+00
2.460864878584644292e+06 1.001855611801147461e+00
2.460864878650776111e+06 1.001084804534912109e+00
2.460864878716907464e+06 1.001288056373596191e+00
2.460864878783038817e+06 9.996129274368286133e-01
2.460864878849170636e+06 1.001398682594299316e+00
2.460864878915301990e+06 9.999593496322631836e-01
2.460864878981433809e+06 1.001553177833557129e+00
2.460864879047565162e+06 9.999219179153442383e-01
2.460864879113696981e+06 1.001410007476806641e+00
2.460864879179828335e+06 1.001071810722351074e+00
2.460864879245960154e+06 1.000463485717773438e+00
2.460864879312091507e+06 1.001684904098510742e+00
2.460864879378223326e+06 9.996389746665954590e-01
2.460864879444354679e+06 1.001384019851684570e+00
2.460864879510486498e+06 1.000600099563598633e+00
2.460864879576617852e+06 1.001427888870239258e+00
2.460864879642749205e+06 1.000956296920776367e+00
2.460864879708881024e+06 1.002013444900512695e+00
2.460864879775012378e+06 1.000614762306213379e+00
2.460864879841144197e+06 1.001426339149475098e+00
2.460864879907275550e+06 1.001849174499511719e+00
2.460864879973407369e+06 1.002130508422851562e+00
2.460864880039538722e+06 1.000944852828979492e+00
2.460864880105670542e+06 1.002041101455688477e+00
2.460864880171801895e+06 1.001730442047119141e+00
2.460864880237933714e+06 1.001055479049682617e+00
2.460864880304065067e+06 1.001273393630981445e+00
2.460864880370196421e+06 1.001424670219421387e+00
2.460864880436328240e+06 1.001779198646545410e+00
2.460864880502459593e+06 1.000590324401855469e+00
2.460864880568591412e+06 1.000123620033264160e+00
2.460864880634722766e+06 1.001175880432128906e+00
2.460864880700854585e+06 1.000938415527343750e+00
2.460864880766985938e+06 1.001702785491943359e+00
2.460864880833117757e+06 9.998162388801574707e-01
2.460864880899249110e+06 1.002776145935058594e+00
2.460864880965380929e+06 1.002083301544189453e+00
2.460864881031512283e+06 9.999024271965026855e-01
2.460864881097643636e+06 1.002075195312500000e+00
2.460864881163775455e+06 1.001541733741760254e+00
2.460864881229906809e+06 1.001029491424560547e+00
2.460864881296038628e+06 1.000263452529907227e+00
2.460864881362169981e+06 1.002354979515075684e+00
2.460864881428301800e+06 1.000458598136901855e+00
2.460864881494433153e+06 1.001362919807434082e+00
2.460864881560564972e+06 1.000008106231689453e+00
2.460864881626696326e+06 1.000917315483093262e+00
2.460864881692828145e+06 1.001140117645263672e+00
2.460864881758959498e+06 1.000024437904357910e+00
2.460864881825091317e+06 1.001216530799865723e+00
2.460864881891222671e+06 1.000925421714782715e+00
2.460864881957354024e+06 1.001096129417419434e+00
2.460864882023485843e+06 1.000377297401428223e+00
2.460864882089617196e+06 1.001247406005859375e+00
2.460864882155749016e+06 1.000421166419982910e+00
2.460864882221880369e+06 1.001735329627990723e+00
2.460864882288012188e+06 1.000512242317199707e+00
2.460864882354143541e+06 1.002353310585021973e+00
2.460864882420275360e+06 1.000733494758605957e+00
2.460864882486406714e+06 1.000769257545471191e+00
2.460864882552538533e+06 1.001613378524780273e+00
2.460864882618669886e+06 1.001336812973022461e+00
2.460864882684801240e+06 9.999560713768005371e-01
2.460864882750933059e+06 1.001627922058105469e+00
2.460864882817064412e+06 1.001065254211425781e+00
2.460864882883196231e+06 1.002002000808715820e+00
2.460864882949327584e+06 1.001649141311645508e+00
2.460864883015459403e+06 1.001393795013427734e+00
2.460864883081590757e+06 1.000855445861816406e+00
2.460864883147722576e+06 1.002078413963317871e+00
2.460864883213853929e+06 1.001455545425415039e+00
2.460864883279985748e+06 1.001201868057250977e+00
2.460864883346117102e+06 1.001164436340332031e+00
2.460864883412248921e+06 9.996064305305480957e-01
2.460864883478380274e+06 1.001654028892517090e+00
2.460864883544511627e+06 1.002104520797729492e+00
2.460864883610643446e+06 1.000538349151611328e+00
2.460864883676774800e+06 1.000200033187866211e+00
2.460864883742906619e+06 1.001118898391723633e+00
2.460864883809037972e+06 1.001746654510498047e+00
2.460864883875169791e+06 1.000744819641113281e+00
2.460864883941301145e+06 1.001279950141906738e+00
2.460864884007432964e+06 1.000816464424133301e+00
2.460864884073564317e+06 1.001353144645690918e+00
2.460864884139696136e+06 1.000917315483093262e+00
2.460864884205827489e+06 1.001797080039978027e+00
2.460864884271958843e+06 1.001634478569030762e+00
2.460864884338090662e+06 1.001081466674804688e+00
2.460864884404222015e+06 1.002673745155334473e+00
2.460864884470353834e+06 1.001717448234558105e+00
2.460864884536485188e+06 1.001327157020568848e+00
2.460864884602617007e+06 1.001273393630981445e+00
2.460864884668748360e+06 1.000528573989868164e+00
2.460864884734880179e+06 1.000874996185302734e+00
2.460864884801011533e+06 1.002328872680664062e+00
2.460864884867143352e+06 1.001533627510070801e+00
2.460864884933274705e+06 1.001105904579162598e+00
2.460864884999406058e+06 1.001354694366455078e+00
2.460864885065537877e+06 1.001834511756896973e+00
2.460864885131669231e+06 1.000178933143615723e+00
2.460864885197801050e+06 1.001125454902648926e+00
2.460864885263932403e+06 1.000094294548034668e+00
2.460864885330064222e+06 1.002071976661682129e+00
2.460864885396195576e+06 1.000728607177734375e+00
2.460864885462327395e+06 1.001094579696655273e+00
2.460864885528458748e+06 1.001836180686950684e+00
2.460864885594590567e+06 1.001240849494934082e+00
2.460864885660721920e+06 1.000785470008850098e+00
2.460864885726853739e+06 1.001584053039550781e+00
2.460864885792985093e+06 1.002314329147338867e+00
2.460864885859116446e+06 1.000925421714782715e+00
2.460864885925248265e+06 1.000520467758178711e+00
2.460864885991379619e+06 1.000308990478515625e+00
2.460864886057511438e+06 1.002898097038269043e+00
2.460864886123642791e+06 9.993657469749450684e-01
2.460864886189774610e+06 1.000912427902221680e+00
2.460864886255905963e+06 1.000022768974304199e+00
2.460864886322037783e+06 1.001187205314636230e+00
2.460864886388169136e+06 1.001193761825561523e+00
2.460864886454300955e+06 1.000754594802856445e+00
2.460864886520432308e+06 1.000787138938903809e+00
2.460864886586563662e+06 1.000751376152038574e+00
2.460864886652695481e+06 1.002171158790588379e+00
2.460864886718826834e+06 1.002348423004150391e+00
2.460864886784958653e+06 1.000821352005004883e+00
2.460864886851090007e+06 1.001553177833557129e+00
2.460864886917221826e+06 1.000977396965026855e+00
2.460864886983353179e+06 1.001904487609863281e+00
2.460864887049484998e+06 1.001065254211425781e+00
2.460864887115616351e+06 1.000730276107788086e+00
2.460864887181748170e+06 1.001218080520629883e+00
2.460864887247879524e+06 1.000715613365173340e+00
2.460864887314010877e+06 1.001283168792724609e+00
2.460864887380142696e+06 1.001091241836547852e+00
2.460864887446274050e+06 1.000811576843261719e+00
2.460864887512405869e+06 1.001354694366455078e+00
2.460864887578537222e+06 1.000214695930480957e+00
2.460864887644669041e+06 1.002496480941772461e+00
2.460864887710800394e+06 1.001031160354614258e+00
2.460864887776932213e+06 1.000762701034545898e+00
2.460864887843063567e+06 1.000949740409851074e+00
2.460864887909195386e+06 1.001873493194580078e+00
2.460864887975326739e+06 1.001873493194580078e+00
2.460864888041458558e+06 1.000204920768737793e+00
2.460864888107589912e+06 1.001027822494506836e+00
2.460864888173721265e+06 1.001655578613281250e+00
2.460864888239853084e+06 1.001624703407287598e+00
2.460864888305984437e+06 1.001154661178588867e+00
2.460864888372116257e+06 1.002361416816711426e+00
2.460864888438247610e+06 1.000364303588867188e+00
2.460864888504379429e+06 1.001746654510498047e+00
2.460864888570510782e+06 1.001327157020568848e+00
2.460864888636642601e+06 1.000481367111206055e+00
2.460864888702773955e+06 9.998894333839416504e-01
2.460864888768905774e+06 1.000330090522766113e+00
2.460864888835037127e+06 1.001104235649108887e+00
2.460864888901168481e+06 1.001049041748046875e+00
2.460864888967300300e+06 1.000572443008422852e+00
2.460864889033431653e+06 1.000377297401428223e+00
2.460864889099563472e+06 1.001797080039978027e+00
2.460864889165694825e+06 1.003090023994445801e+00
2.460864889231826644e+06 1.001514077186584473e+00
2.460864889297957998e+06 1.001974344253540039e+00
2.460864889364089817e+06 1.000935196876525879e+00
2.460864889430221170e+06 1.001829624176025391e+00
2.460864889496352989e+06 1.000744819641113281e+00
2.460864889562484343e+06 1.000684738159179688e+00
2.460864889628615696e+06 1.000346422195434570e+00
2.460864889694747515e+06 1.001196980476379395e+00
2.460864889760878868e+06 1.001107573509216309e+00
2.460864889827010687e+06 1.001268506050109863e+00
2.460864889893142041e+06 1.000738382339477539e+00
2.460864889959273860e+06 1.000430941581726074e+00
2.460864890025405213e+06 1.000198364257812500e+00
2.460864890091537032e+06 1.000364303588867188e+00
2.460864890157668386e+06 1.001478314399719238e+00
2.460864890223800205e+06 1.000351309776306152e+00
2.460864890289931558e+06 1.001592159271240234e+00
2.460864890356062911e+06 1.001192092895507812e+00
2.460864890422194730e+06 1.000769257545471191e+00
2.460864890488326084e+06 1.000369191169738770e+00
2.460864890554457903e+06 1.000707507133483887e+00
2.460864890620589256e+06 1.001427888870239258e+00
2.460864890686721075e+06 1.001265287399291992e+00
2.460864890752852429e+06 1.000909090042114258e+00
2.460864890818984248e+06 1.000496029853820801e+00
2.460864890885115601e+06 1.000413060188293457e+00
2.460864890951247420e+06 1.001668572425842285e+00
2.460864891017378774e+06 1.000047206878662109e+00
2.460864891083510593e+06 9.994372725486755371e-01
2.460864891149641946e+06 1.001034379005432129e+00
2.460864891215773299e+06 1.001403570175170898e+00
2.460864891281905118e+06 1.001762986183166504e+00
2.460864891348036472e+06 1.001413345336914062e+00
2.460864891414168291e+06 1.001213312149047852e+00
2.460864891480299644e+06 1.002086639404296875e+00
2.460864891546431463e+06 1.002400517463684082e+00
2.460864891612562817e+06 1.000154495239257812e+00
2.460864891678694636e+06 1.001497864723205566e+00
2.460864891744825989e+06 1.000037431716918945e+00
2.460864891810957808e+06 9.995023608207702637e-01
2.460864891877089161e+06 1.001110792160034180e+00
2.460864891943220515e+06 9.999609589576721191e-01
2.460864892009352334e+06 1.001696228981018066e+00
2.460864892075483687e+06 1.001193761825561523e+00
2.460864892141615506e+06 1.000974178314208984e+00
2.460864892207746860e+06 1.001603603363037109e+00
2.460864892273878679e+06 1.000761151313781738e+00
2.460864892340010032e+06 1.001930475234985352e+00
2.460864892406141851e+06 1.000863552093505859e+00
2.460864892472273204e+06 1.000663518905639648e+00
2.460864892538405024e+06 9.992535114288330078e-01
2.460864892604536377e+06 1.001131892204284668e+00
2.460864892670667730e+06 1.001309156417846680e+00
2.460864892736799549e+06 9.989331364631652832e-01
2.460864892802930903e+06 1.001515746116638184e+00
2.460864892869062722e+06 1.000095963478088379e+00
2.460864892935194075e+06 1.001027822494506836e+00
2.460864893001325894e+06 1.000702619552612305e+00
2.460864893067457248e+06 1.000783920288085938e+00
2.460864893133589067e+06 1.001255512237548828e+00
2.460864893199720420e+06 1.001314043998718262e+00
2.460864893265852239e+06 1.000894546508789062e+00
2.460864893331983592e+06 1.000299215316772461e+00
2.460864893398115411e+06 1.001029491424560547e+00
2.460864893464246765e+06 1.000796914100646973e+00
2.460864893530378118e+06 1.001318931579589844e+00
2.460864893596509937e+06 1.000416398048400879e+00
2.460864893662641291e+06 1.000541567802429199e+00
2.460864893728773110e+06 1.001484870910644531e+00
2.460864893794904463e+06 1.000847339630126953e+00
2.460864893861036282e+06 1.000404953956604004e+00
2.460864893927167635e+06 1.000603318214416504e+00
2.460864893993299454e+06 1.001914262771606445e+00
2.460864894059430808e+06 1.001130342483520508e+00
2.460864894125562627e+06 1.000753045082092285e+00
2.460864894191693980e+06 1.000149607658386230e+00
2.460864894257825334e+06 1.000564336776733398e+00
2.460864894323957153e+06 1.000099182128906250e+00
2.460864894390088506e+06 1.001179099082946777e+00
2.460864894456220325e+06 1.001118898391723633e+00
2.460864894522351678e+06 1.001166105270385742e+00
2.460864894588483498e+06 1.000918865203857422e+00
2.460864894654614851e+06 1.002002000808715820e+00
2.460864894720746670e+06 1.001086354255676270e+00
2.460864894786878023e+06 1.000533461570739746e+00
2.460864894853009842e+06 1.000308990478515625e+00
2.460864894919141196e+06 1.001120567321777344e+00
2.460864894985272549e+06 1.000842452049255371e+00
2.460864895051404368e+06 1.000800132751464844e+00
2.460864895117535722e+06 1.001263618469238281e+00
2.460864895183667541e+06 1.000661969184875488e+00
2.460864895249798894e+06 1.001117348670959473e+00
2.460864895315930713e+06 1.001244187355041504e+00
2.460864895382062066e+06 1.001226305961608887e+00
2.460864895448193885e+06 1.000455379486083984e+00
2.460864895514325239e+06 1.000017881393432617e+00
2.460864895580457058e+06 1.001707673072814941e+00
2.460864895646588411e+06 1.001995563507080078e+00
2.460864895712719765e+06 1.001159548759460449e+00
2.460864895778851584e+06 1.001068472862243652e+00
2.460864895844982937e+06 1.000580549240112305e+00
2.460864895911114756e+06 1.001884937286376953e+00
2.460864895977246109e+06 1.001159548759460449e+00
2.460864896043377928e+06 1.001253962516784668e+00
2.460864896109509282e+06 1.000896096229553223e+00
2.460864896175641101e+06 1.000439167022705078e+00
2.460864896241772454e+06 9.998031854629516602e-01
2.460864896307904273e+06 1.000777363777160645e+00
2.460864896374035627e+06 1.000941634178161621e+00
2.460864896440167446e+06 1.000102400779724121e+00
2.460864896506298799e+06 1.001902818679809570e+00
2.460864896572430152e+06 1.001706004142761230e+00
2.460864896638561971e+06 1.002390742301940918e+00
2.460864896704693325e+06 1.001336812973022461e+00
2.460864896770825144e+06 1.000317096710205078e+00
2.460864896836956497e+06 1.001115679740905762e+00
2.460864896903088316e+06 1.000648856163024902e+00
2.460864896969219670e+06 1.001551508903503418e+00
2.460864897035351489e+06 1.001862168312072754e+00
2.460864897101482842e+06 9.997072815895080566e-01
2.460864897167614661e+06 1.000458598136901855e+00
2.460864897233746015e+06 1.000201702117919922e+00
2.460864897299877368e+06 1.000393629074096680e+00
2.460864897366009187e+06 1.000569224357604980e+00
2.460864897432140540e+06 1.000253677368164062e+00
2.460864897498272359e+06 1.001044154167175293e+00
2.460864897564403713e+06 1.000308990478515625e+00
2.460864897630535532e+06 1.001375913619995117e+00
2.460864897696666885e+06 1.001323819160461426e+00
2.460864897762798704e+06 9.997365474700927734e-01
2.460864897828930058e+06 1.000969290733337402e+00
2.460864897895061877e+06 1.000993728637695312e+00
2.460864897961193230e+06 1.001533627510070801e+00
2.460864898027324583e+06 1.001297831535339355e+00
2.460864898093456402e+06 1.001405119895935059e+00
2.460864898159587756e+06 1.001532077789306641e+00
2.460864898225719575e+06 1.000323653221130371e+00
2.460864898291850928e+06 1.001466989517211914e+00
2.460864898357982747e+06 1.000352859497070312e+00
2.460864898424114101e+06 1.000772476196289062e+00
2.460864898490245920e+06 1.001266956329345703e+00
2.460864898556377273e+06 1.001829624176025391e+00
2.460864898622509092e+06 1.001125454902648926e+00
2.460864898688640445e+06 1.000913977622985840e+00
2.460864898754771799e+06 1.001826405525207520e+00
2.460864898820903618e+06 1.000169157981872559e+00
2.460864898887034971e+06 1.000523686408996582e+00
2.460864898953166790e+06 1.000824570655822754e+00
2.460864899019298144e+06 1.001405119895935059e+00
2.460864899085429963e+06 1.000702619552612305e+00
2.460864899151561316e+06 9.999397993087768555e-01
2.460864899217693135e+06 1.000686287879943848e+00
2.460864899283824489e+06 9.998975396156311035e-01
2.460864899349956308e+06 1.002574563026428223e+00
2.460864899416087661e+06 1.001375913619995117e+00
2.460864899482219480e+06 1.001195311546325684e+00
2.460864899548350833e+06 1.001406788825988770e+00
2.460864899614482187e+06 1.000391960144042969e+00
2.460864899680614006e+06 9.997365474700927734e-01
2.460864899746745359e+06 1.001358032226562500e+00
2.460864899812877178e+06 1.001693010330200195e+00
2.460864899879008532e+06 1.000961184501647949e+00
2.460864899945140351e+06 1.001149773597717285e+00
2.460864900011271704e+06 1.001865386962890625e+00
2.460864900077403523e+06 1.000043869018554688e+00
2.460864900143534876e+06 1.000216245651245117e+00
2.460864900209666695e+06 9.992843866348266602e-01
2.460864900275798049e+06 1.002021551132202148e+00
2.460864900341929402e+06 1.000561118125915527e+00
2.460864900408061221e+06 1.001706004142761230e+00
2.460864900474192575e+06 9.998113512992858887e-01
2.460864900540324394e+06 1.001418232917785645e+00
2.460864900606455747e+06 9.995137453079223633e-01
2.460864900672587566e+06 1.000795245170593262e+00
2.460864900738718919e+06 1.000855445861816406e+00
2.460864900804850738e+06 1.000674962997436523e+00
2.460864900870982092e+06 9.999073147773742676e-01
2.460864900937113911e+06 9.993787407875061035e-01
2.460864901003245264e+06 1.001509308815002441e+00
2.460864901069376618e+06 1.000214695930480957e+00
2.460864901135508437e+06 1.001749992370605469e+00
2.460864901201639790e+06 1.000520467758178711e+00
2.460864901267771609e+06 1.001167774200439453e+00
2.460864901333902963e+06 1.001258850097656250e+00
2.460864901400034782e+06 1.000572443008422852e+00
2.460864901466166135e+06 1.000902652740478516e+00
2.460864901532297954e+06 1.000855445861816406e+00
2.460864901598429307e+06 1.001138448715209961e+00
2.460864901664561126e+06 9.993380904197692871e-01
2.460864901730692480e+06 1.000609874725341797e+00
2.460864901796823833e+06 1.000839233398437500e+00
2.460864901862955652e+06 1.000783920288085938e+00
2.460864901929087006e+06 1.000790357589721680e+00
2.460864901995218825e+06 1.000718832015991211e+00
2.460864902061350178e+06 1.000736713409423828e+00
2.460864902127481997e+06 1.000435829162597656e+00
2.460864902193613350e+06 9.999821186065673828e-01
2.460864902259745169e+06 1.001065254211425781e+00
2.460864902325876523e+06 9.998796582221984863e-01
2.460864902392008342e+06 1.001099467277526855e+00
2.460864902458139695e+06 1.000933527946472168e+00
2.460864902524271049e+06 1.000385403633117676e+00
2.460864902590402868e+06 1.000048756599426270e+00
2.460864902656534221e+06 1.000962853431701660e+00
2.460864902722666040e+06 1.001281619071960449e+00
2.460864902788797393e+06 1.000551342964172363e+00
2.460864902854929212e+06 1.000705838203430176e+00
2.460864902921060566e+06 1.000165939331054688e+00
2.460864902987192385e+06 1.001353144645690918e+00
2.460864903053323738e+06 1.000060200691223145e+00
2.460864903119455557e+06 1.001026272773742676e+00
2.460864903185586911e+06 1.000112175941467285e+00
2.460864903251718730e+06 1.000183820724487305e+00
2.460864903317850083e+06 1.000712394714355469e+00
2.460864903383981436e+06 1.000832676887512207e+00
2.460864903450113256e+06 1.000470042228698730e+00
2.460864903516244609e+06 1.000216245651245117e+00
2.460864903582376428e+06 1.000585436820983887e+00
2.460864903648507781e+06 1.000754594802856445e+00
2.460864903714639600e+06 1.000377297401428223e+00
2.460864903780770954e+06 1.000777363777160645e+00
2.460864903846902773e+06 1.000769257545471191e+00
2.460864903913034126e+06 1.001335263252258301e+00
2.460864903979165945e+06 1.001314043998718262e+00
2.460864904045297299e+06 1.000544786453247070e+00
2.460864904111428652e+06 1.001151442527770996e+00
2.460864904177560471e+06 1.000966072082519531e+00
2.460864904243691824e+06 1.001611709594726562e+00
2.460864904309823643e+06 1.000915646553039551e+00
2.460864904375954997e+06 1.000382184982299805e+00
2.460864904442086816e+06 1.000289440155029297e+00
2.460864904508218169e+06 1.001265287399291992e+00
2.460864904574349988e+06 1.000499248504638672e+00
2.460864904640481342e+06 1.000900983810424805e+00
2.460864904706613161e+06 1.000195145606994629e+00
2.460864904772744514e+06 1.000073194503784180e+00
2.460864904838875867e+06 1.000191926956176758e+00
2.460864904905007686e+06 1.000590324401855469e+00
2.460864904971139040e+06 1.001621484756469727e+00
2.460864905037270859e+06 1.000398397445678711e+00
2.460864905103402212e+06 1.001213312149047852e+00
2.460864905169534031e+06 1.000382184982299805e+00
2.460864905235665385e+06 1.000541567802429199e+00
2.460864905301797204e+06 1.000845670700073242e+00
2.460864905367928557e+06 1.000858664512634277e+00
2.460864905434060376e+06 1.000354528427124023e+00
2.460864905500191730e+06 9.993803501129150391e-01
2.460864905566323083e+06 1.001078248023986816e+00
2.460864905632454902e+06 1.000940084457397461e+00
2.460864905698586255e+06 1.001107573509216309e+00
2.460864905764718074e+06 9.998682737350463867e-01
2.460864905830849428e+06 1.001260399818420410e+00
2.460864905896981247e+06 1.000588774681091309e+00
2.460864905963112600e+06 1.000263452529907227e+00
2.460864906029244419e+06 1.001390576362609863e+00
2.460864906095375773e+06 1.001265287399291992e+00
2.460864906161507592e+06 1.000253677368164062e+00
2.460864906227638945e+06 1.001183986663818359e+00
2.460864906293770298e+06 1.001166105270385742e+00
2.460864906359902117e+06 1.001145005226135254e+00
2.460864906426033471e+06 1.000131726264953613e+00
2.460864906492165290e+06 1.000312209129333496e+00
2.460864906558296643e+06 1.000143170356750488e+00
2.460864906624428462e+06 1.000496029853820801e+00
2.460864906690559816e+06 9.995169639587402344e-01
2.460864906756691635e+06 9.998633861541748047e-01
2.460864906822822988e+06 1.000130057334899902e+00
2.460864906888954807e+06 1.000705838203430176e+00
2.460864906955086160e+06 1.000943303108215332e+00
2.460864907021217979e+06 1.000421166419982910e+00
2.460864907087349333e+06 1.001123785972595215e+00
2.460864907153480686e+06 9.997934699058532715e-01
2.460864907219612505e+06 1.001055479049682617e+00
2.460864907285743859e+06 1.001554846763610840e+00
2.460864907351875678e+06 1.000334978103637695e+00
2.460864907418007031e+06 1.000847339630126953e+00
2.460864907484138850e+06 1.000486254692077637e+00
2.460864907550270204e+06 1.000884771347045898e+00
2.460864907616402023e+06 1.000483036041259766e+00
2.460864907682533376e+06 1.001714110374450684e+00
2.460864907748665195e+06 1.001289725303649902e+00
2.460864907814796548e+06 9.998113512992858887e-01
2.460864907880927902e+06 1.000748157501220703e+00
2.460864907947059721e+06 1.000052094459533691e+00
2.460864908013191074e+06 9.995576143264770508e-01
2.460864908079322893e+06 1.001496195793151855e+00
2.460864908145454247e+06 1.001858949661254883e+00
2.460864908211586066e+06 1.000230908393859863e+00
2.460864908277717419e+06 1.000870108604431152e+00
2.460864908343849238e+06 1.001371026039123535e+00
2.460864908409980591e+06 9.998991489410400391e-01
2.460864908476112410e+06 1.000722050666809082e+00
2.460864908542243764e+06 9.993396997451782227e-01
2.460864908608375117e+06 1.000748157501220703e+00
2.460864908674506936e+06 1.000308990478515625e+00
2.460864908740638290e+06 9.998601078987121582e-01
2.460864908806770109e+06 1.000665187835693359e+00
2.460864908872901462e+06 1.000440716743469238e+00
2.460864908939033281e+06 1.000922083854675293e+00
2.460864909005164634e+06 1.000024437904357910e+00
2.460864909071296453e+06 1.001170992851257324e+00
2.460864909137427807e+06 1.000733494758605957e+00
2.460864909203559626e+06 9.998341202735900879e-01
2.460864909269690979e+06 1.000975847244262695e+00
2.460864909335822333e+06 1.000071525573730469e+00
2.460864909401954152e+06 1.001081466674804688e+00
2.460864909468085505e+06 1.001266956329345703e+00
2.460864909534217324e+06 1.000227689743041992e+00
2.460864909600348677e+06 1.001183986663818359e+00
2.460864909666480497e+06 1.001099467277526855e+00
2.460864909732611850e+06 1.001937031745910645e+00
2.460864909798743669e+06 1.000349640846252441e+00
2.460864909864875022e+06 9.999902248382568359e-01
2.460864909931006841e+06 1.001022934913635254e+00
2.460864909997138195e+06 1.001140117645263672e+00
2.460864910063269548e+06 1.001364469528198242e+00
2.460864910129401367e+06 1.000525355339050293e+00
2.460864910195532721e+06 1.001728773117065430e+00
2.460864910261664540e+06 1.001005053520202637e+00
2.460864910327795893e+06 1.000591993331909180e+00
2.460864910393927712e+06 1.000782251358032227e+00
2.460864910460059065e+06 1.000074863433837891e+00
2.460864910526190884e+06 1.001782417297363281e+00
2.460864910592322238e+06 1.000165939331054688e+00
2.460864910658454057e+06 1.000458598136901855e+00
2.460864910724585410e+06 1.000424504280090332e+00
2.460864910790716764e+06 1.000535011291503906e+00
2.460864910856848583e+06 1.000481367111206055e+00
2.460864910922979936e+06 1.001146554946899414e+00
2.460864910989111755e+06 1.000941634178161621e+00
2.460864911055243108e+06 1.000445604324340820e+00
2.460864911121374927e+06 9.994714260101318359e-01
2.460864911187506281e+06 1.000448822975158691e+00
2.460864911253638100e+06 9.998243451118469238e-01
2.460864911319769453e+06 1.001723885536193848e+00
2.460864911385901272e+06 1.001808524131774902e+00
2.460864911452032626e+06 1.000541567802429199e+00
2.460864911518163979e+06 1.000417947769165039e+00
2.460864911584295798e+06 1.000783920288085938e+00
2.460864911650427151e+06 1.000780701637268066e+00
2.460864911716558971e+06 1.000162601470947266e+00
2.460864911782690324e+06 1.000382184982299805e+00
2.460864911848822143e+06 1.000930309295654297e+00
2.460864911914953496e+06 1.001081466674804688e+00
2.460864911981085315e+06 1.002338647842407227e+00
2.460864912047216669e+06 9.991071224212646484e-01
2.460864912113348488e+06 1.001702785491943359e+00
2.460864912179479841e+06 1.000224471092224121e+00
2.460864912245611195e+06 1.000961184501647949e+00
2.460864912311743014e+06 1.001045703887939453e+00
2.460864912377874367e+06 1.001029491424560547e+00
2.460864912444006186e+06 1.000476479530334473e+00
2.460864912510137539e+06 1.002294778823852539e+00
2.460864912576269358e+06 1.000523686408996582e+00
2.460864912642400712e+06 1.001476764678955078e+00
2.460864912708532531e+06 9.998390078544616699e-01
2.460864912774663884e+06 1.001371026039123535e+00
2.460864912840795703e+06 1.000354528427124023e+00
2.460864912906927057e+06 1.001008391380310059e+00
2.460864912973058410e+06 1.002379298210144043e+00
2.460864913039190229e+06 1.001052260398864746e+00
2.460864913105321582e+06 1.001001834869384766e+00
2.460864913171453401e+06 1.001909375190734863e+00
2.460864913237584755e+06 1.000263452529907227e+00
2.460864913303716574e+06 1.000429391860961914e+00
2.460864913369847927e+06 1.000739932060241699e+00
2.460864913435979746e+06 1.000959515571594238e+00
2.460864913502111100e+06 1.001185655593872070e+00
2.460864913568242919e+06 1.001343369483947754e+00
2.460864913634374272e+06 1.000754594802856445e+00
2.460864913700506091e+06 9.999089241027832031e-01
2.460864913766637444e+06 9.995560050010681152e-01
2.460864913832768798e+06 1.001247406005859375e+00
2.460864913898900617e+06 1.001123785972595215e+00
2.460864913965031970e+06 1.000564336776733398e+00
2.460864914031163789e+06 9.999967217445373535e-01
2.460864914097295143e+06 1.000408172607421875e+00
2.460864914163426962e+06 1.001597046852111816e+00
2.460864914229558315e+06 1.000287890434265137e+00
2.460864914295690134e+06 1.000486254692077637e+00
2.460864914361821488e+06 1.000500917434692383e+00
2.460864914427953307e+06 9.998666644096374512e-01
2.460864914494084660e+06 9.990485906600952148e-01
2.460864914560216013e+06 9.996958971023559570e-01
2.460864914626347832e+06 1.001457214355468750e+00
2.460864914692479186e+06 9.995055794715881348e-01
2.460864914758611005e+06 1.000069975852966309e+00
2.460864914824742358e+06 9.999333024024963379e-01
2.460864914890874177e+06 1.000419616699218750e+00
2.460864914957005531e+06 1.000744819641113281e+00
2.460864915023137350e+06 1.000530242919921875e+00
2.460864915089268703e+06 1.000556230545043945e+00
2.460864915155400522e+06 9.994860887527465820e-01
2.460864915221531875e+06 1.000416398048400879e+00
2.460864915287663229e+06 1.000000000000000000e+00
2.460864915353795048e+06 1.000187039375305176e+00
2.460864915419926401e+06 1.001455545425415039e+00
2.460864915486058220e+06 1.000161051750183105e+00
2.460864915552189574e+06 9.999186992645263672e-01
2.460864915618321393e+06 1.000839233398437500e+00
2.460864915684452746e+06 9.999788403511047363e-01
2.460864915750584565e+06 9.999138116836547852e-01
2.460864915816715918e+06 1.001045703887939453e+00
2.460864915882847738e+06 1.001268506050109863e+00
2.460864915948979091e+06 9.995332360267639160e-01
2.460864916015110444e+06 1.000780701637268066e+00
2.460864916081242263e+06 1.001029491424560547e+00
2.460864916147373617e+06 1.000191926956176758e+00
2.460864916213505436e+06 1.001810073852539062e+00
2.460864916279636789e+06 1.000395178794860840e+00
2.460864916345768608e+06 1.000297665596008301e+00
2.460864916411899962e+06 1.000484704971313477e+00
2.460864916478031781e+06 1.000030875205993652e+00
2.460864916544163134e+06 1.001788973808288574e+00
2.460864916610294953e+06 1.000003218650817871e+00
2.460864916676426306e+06 1.001429557800292969e+00
2.460864916742557660e+06 9.997300505638122559e-01
2.460864916808689479e+06 9.996503591537475586e-01
2.460864916874820832e+06 1.001021385192871094e+00
2.460864916940952651e+06 1.000457048416137695e+00
2.460864917007084005e+06 1.000499248504638672e+00
2.460864917073215824e+06 1.000922083854675293e+00
2.460864917139347177e+06 1.000520467758178711e+00
2.460864917205478996e+06 9.997414350509643555e-01
2.460864917271610349e+06 1.000668406486511230e+00
2.460864917337742168e+06 1.000715613365173340e+00
2.460864917403873522e+06 1.000935196876525879e+00
2.460864917470004875e+06 9.999870061874389648e-01
2.460864917536136694e+06 1.000287890434265137e+00
2.460864917602268048e+06 1.000531792640686035e+00
2.460864917668399867e+06 9.995088577270507812e-01
2.460864917734531220e+06 9.999593496322631836e-01
2.460864917800663039e+06 1.000346422195434570e+00
2.460864917866794392e+06 1.000559449195861816e+00
2.460864917932926212e+06 9.999268054962158203e-01
2.460864917999057565e+06 1.001476764678955078e+00
2.460864918065189384e+06 1.000247240066528320e+00
2.460864918131320737e+06 1.000572443008422852e+00
2.460864918197452091e+06 1.000967621803283691e+00
2.460864918263583910e+06 1.000959515571594238e+00
2.460864918329715263e+06 1.000234246253967285e+00
2.460864918395847082e+06 1.000099182128906250e+00
2.460864918461978436e+06 1.001029491424560547e+00
2.460864918528110255e+06 1.000549674034118652e+00
2.460864918594241608e+06 1.000824570655822754e+00
2.460864918660373427e+06 1.001356363296508789e+00
2.460864918726504780e+06 1.000957965850830078e+00
2.460864918792636599e+06 9.989510178565979004e-01
2.460864918858767953e+06 1.001863837242126465e+00
2.460864918924899306e+06 1.000917315483093262e+00
2.460864918991031125e+06 1.000627756118774414e+00
2.460864919057162479e+06 1.000679850578308105e+00
2.460864919123294298e+06 1.000387072563171387e+00
2.460864919189425651e+06 1.000813126564025879e+00
2.460864919255557470e+06 1.000926971435546875e+00
2.460864919321688823e+06 9.992974400520324707e-01
2.460864919387820642e+06 9.996975064277648926e-01
2.460864919453951996e+06 1.000302553176879883e+00
2.460864919520083815e+06 1.000338315963745117e+00
2.460864919586215168e+06 1.000707507133483887e+00
2.460864919652346522e+06 1.000650525093078613e+00
2.460864919718478341e+06 1.000697731971740723e+00
2.460864919784609694e+06 1.000839233398437500e+00
2.460864919850741513e+06 1.001919031143188477e+00
2.460864919916872866e+06 1.000653743743896484e+00
2.460864919983004685e+06 9.997283816337585449e-01
2.460864920049136039e+06 1.000557780265808105e+00
2.460864920115267858e+06 1.000709056854248047e+00
2.460864920181399211e+06 1.001053929328918457e+00
2.460864920247531030e+06 1.000204920768737793e+00
2.460864920313662384e+06 1.001803636550903320e+00
2.460864920379793737e+06 9.997511506080627441e-01
2.460864920445925556e+06 9.993771314620971680e-01
2.460864920512056910e+06 1.000652194023132324e+00
2.460864920578188729e+06 1.000530242919921875e+00
2.460864920644320082e+06 9.996682405471801758e-01
2.460864920710451901e+06 9.984630942344665527e-01
2.460864920776583254e+06 1.000564336776733398e+00
2.460864920842715073e+06 1.000608205795288086e+00
2.460864920908846427e+06 9.999577403068542480e-01
2.460864920974978246e+06 1.000452160835266113e+00
2.460864921041109599e+06 1.000396847724914551e+00
2.460864921107240953e+06 1.000510692596435547e+00
2.460864921173372772e+06 9.999902248382568359e-01
2.460864921239504125e+06 9.994876980781555176e-01
2.460864921305635944e+06 1.000730276107788086e+00
2.460864921371767297e+06 1.001323819160461426e+00
2.460864921437899116e+06 1.000826239585876465e+00
2.460864921504030470e+06 1.000913977622985840e+00
2.460864921570162289e+06 9.996340870857238770e-01
2.460864921636293642e+06 1.000339865684509277e+00
2.460864921702425461e+06 1.000183820724487305e+00
2.460864921768556815e+06 1.000596880912780762e+00
2.460864921834688168e+06 1.000443935394287109e+00
2.460864921900819987e+06 1.001371026039123535e+00
2.460864921966951340e+06 1.000926971435546875e+00
2.460864922033083159e+06 1.000604987144470215e+00
2.460864922099214513e+06 1.001055479049682617e+00
2.460864922165346332e+06 9.997771978378295898e-01
2.460864922231477685e+06 1.001102685928344727e+00
2.460864922297609504e+06 1.001092910766601562e+00
2.460864922363740858e+06 1.000235795974731445e+00
2.460864922429872677e+06 1.001045703887939453e+00
2.460864922496004030e+06 9.996438026428222656e-01
2.460864922562135383e+06 9.996551871299743652e-01
2.460864922628267203e+06 1.001395463943481445e+00
2.460864922694398556e+06 1.000699281692504883e+00
2.460864922760530375e+06 1.000065088272094727e+00
2.460864922826661728e+06 1.001102685928344727e+00
2.460864922892793547e+06 1.000639200210571289e+00
2.460864922958924901e+06 1.000076413154602051e+00
2.460864923025056720e+06 1.000753045082092285e+00
2.460864923091188073e+06 9.992892742156982422e-01
2.460864923157319892e+06 1.000017881393432617e+00
2.460864923223451246e+06 1.000574111938476562e+00
2.460864923289582599e+06 1.001348257064819336e+00
2.460864923355714418e+06 1.000606656074523926e+00
2.460864923421845771e+06 9.998894333839416504e-01
2.460864923487977590e+06 1.000551342964172363e+00
2.460864923554108944e+06 1.000790357589721680e+00
2.460864923620240763e+06 1.000658631324768066e+00
2.460864923686372116e+06 9.998048543930053711e-01
2.460864923752503935e+06 1.000650525093078613e+00
2.460864923818635289e+06 9.996162056922912598e-01
2.460864923884767108e+06 1.000913977622985840e+00
2.460864923950898461e+06 1.000213027000427246e+00
2.460864924017029814e+06 1.000868439674377441e+00
2.460864924083161633e+06 1.000185370445251465e+00
2.460864924149292987e+06 1.000626087188720703e+00
2.460864924215424806e+06 1.000413060188293457e+00
2.460864924281556159e+06 1.000219583511352539e+00
2.460864924347687978e+06 9.998796582221984863e-01
2.460864924413819332e+06 9.992990493774414062e-01
2.460864924479951151e+06 1.001660466194152832e+00
2.460864924546082504e+06 9.992356300354003906e-01
2.460864924612214323e+06 9.995852708816528320e-01
2.460864924678345677e+06 1.001175880432128906e+00
2.460864924744477030e+06 9.996877312660217285e-01
2.460864924810608849e+06 1.000294327735900879e+00
2.460864924876740202e+06 9.995917677879333496e-01
2.460864924942872021e+06 1.000123620033264160e+00
2.460864925009003375e+06 1.000406622886657715e+00
2.460864925075135194e+06 1.000211477279663086e+00
2.460864925141266547e+06 1.001860499382019043e+00
2.460864925207398366e+06 1.002899765968322754e+00
2.460864925273529720e+06 1.000339865684509277e+00
2.460864925339661539e+06 1.003579616546630859e+00
2.460864925405792892e+06 1.000637531280517578e+00
2.460864925471924245e+06 9.990762472152709961e-01
2.460864925538056064e+06 9.997007250785827637e-01
2.460864925604187418e+06 9.994502663612365723e-01
2.460864925670319237e+06 1.000343203544616699e+00
2.460864925736450590e+06 1.001460433006286621e+00
2.460864925802582409e+06 1.000899314880371094e+00
2.460864925868713763e+06 9.994925856590270996e-01
2.460864925934845582e+06 1.000777363777160645e+00
2.460864926000976935e+06 1.000066637992858887e+00
2.460864926067108754e+06 1.000152826309204102e+00
2.460864926133240107e+06 1.001416563987731934e+00
2.460864926199371461e+06 1.000157713890075684e+00
2.460864926265503280e+06 1.001185655593872070e+00
2.460864926331634633e+06 1.000320434570312500e+00
2.460864926397766452e+06 1.000725388526916504e+00
2.460864926463897806e+06 1.001803636550903320e+00
2.460864926530029625e+06 1.001031160354614258e+00
2.460864926596160978e+06 1.001136779785156250e+00
2.460864926662292797e+06 1.000019550323486328e+00
2.460864926728424150e+06 1.000027656555175781e+00
2.460864926794555970e+06 9.989624023437500000e-01
2.460864926860687323e+06 9.999756217002868652e-01
2.460864926926818676e+06 1.001722335815429688e+00
2.460864926992950495e+06 1.000419616699218750e+00
2.460864927059081849e+06 9.995348453521728516e-01
2.460864927125213668e+06 9.999658465385437012e-01
2.460864927191345021e+06 9.996340870857238770e-01
2.460864927257476840e+06 1.000982284545898438e+00
2.460864927323608194e+06 9.994470477104187012e-01
2.460864927389740013e+06 9.995560050010681152e-01
2.460864927455871366e+06 9.996535778045654297e-01
2.460864927522003185e+06 1.000645637512207031e+00
2.460864927588134538e+06 1.000535011291503906e+00
2.460864927654265892e+06 9.997544288635253906e-01
2.460864927720397711e+06 1.000583887100219727e+00
2.460864927786529064e+06 1.000071525573730469e+00
2.460864927852660883e+06 1.000453710556030273e+00
2.460864927918792237e+06 9.996064305305480957e-01
2.460864927984924056e+06 1.001078248023986816e+00
2.460864928051055409e+06 9.986387491226196289e-01
2.460864928117187228e+06 9.999251961708068848e-01
2.460864928183318581e+06 9.998796582221984863e-01
2.460864928249450400e+06 1.000204920768737793e+00
2.460864928315581754e+06 1.000614762306213379e+00
2.460864928381713107e+06 9.997918009757995605e-01
2.460864928447844926e+06 9.996779561042785645e-01
2.460864928513976280e+06 9.991933107376098633e-01
2.460864928580108099e+06 1.000769257545471191e+00
2.460864928646239452e+06 1.000526905059814453e+00
2.460864928712371271e+06 1.000782251358032227e+00
2.460864928778502624e+06 1.000785470008850098e+00
2.460864928844634444e+06 9.997528195381164551e-01
2.460864928910765797e+06 1.000977396965026855e+00
2.460864928976897616e+06 9.998894333839416504e-01
2.460864929043028969e+06 1.002216696739196777e+00
2.460864929109160323e+06 9.999870061874389648e-01
2.460864929175292142e+06 9.994096159934997559e-01
2.460864929241423495e+06 9.997479319572448730e-01
2.460864929307555314e+06 9.989428520202636719e-01
2.460864929373686668e+06 1.000842452049255371e+00
2.460864929439818487e+06 9.998487234115600586e-01
2.460864929505949840e+06 9.997625350952148438e-01
2.460864929572081659e+06 9.999658465385437012e-01
2.460864929638213012e+06 1.000292778015136719e+00
2.460864929704344831e+06 9.999625682830810547e-01
2.460864929770476185e+06 1.000622868537902832e+00
2.460864929836607538e+06 9.990046620368957520e-01
2.460864929902739357e+06 1.000108957290649414e+00
2.460864929968870711e+06 1.001101016998291016e+00
2.460864930035002530e+06 1.000414729118347168e+00
2.460864930101133883e+06 9.993250370025634766e-01
2.460864930167265702e+06 9.993608593940734863e-01
2.460864930233397055e+06 9.999268054962158203e-01
2.460864930299528874e+06 1.000323653221130371e+00
2.460864930365660228e+06 9.996340870857238770e-01
2.460864930431792047e+06 9.998877644538879395e-01
2.460864930497923400e+06 1.001720666885375977e+00
2.460864930564054754e+06 1.000575780868530273e+00
2.460864930630186573e+06 9.997690320014953613e-01
2.460864930696317926e+06 1.000032544136047363e+00
2.460864930762449745e+06 1.000297665596008301e+00
2.460864930828581098e+06 1.001183986663818359e+00
2.460864930894712918e+06 9.999284148216247559e-01
2.460864930960844271e+06 9.999788403511047363e-01
2.460864931026976090e+06 9.995511174201965332e-01
2.460864931093107443e+06 9.995787739753723145e-01
2.460864931159239262e+06 1.000883102416992188e+00
2.460864931225370616e+06 9.999560713768005371e-01
2.460864931291501969e+06 1.000505805015563965e+00
2.460864931357633788e+06 1.000845670700073242e+00
2.460864931423765142e+06 9.997593164443969727e-01
2.460864931489896961e+06 1.000621318817138672e+00
2.460864931556028314e+06 1.000611543655395508e+00
2.460864931622160133e+06 1.000333428382873535e+00
2.460864931688291486e+06 1.000003218650817871e+00
2.460864931754423305e+06 9.998390078544616699e-01
2.460864931820554659e+06 1.000118732452392578e+00
2.460864931886686478e+06 9.995527267456054688e-01
2.460864931952817831e+06 1.000430941581726074e+00
2.460864932018949185e+06 9.990729689598083496e-01
2.460864932085081004e+06 1.001149773597717285e+00
2.460864932151212357e+06 1.000284552574157715e+00
2.460864932217344176e+06 1.000312209129333496e+00
2.460864932283475529e+06 9.999707341194152832e-01
2.460864932349607348e+06 9.988534450531005859e-01
2.460864932415738702e+06 1.000635862350463867e+00
2.460864932481870521e+06 9.998243451118469238e-01
2.460864932548001874e+06 9.996682405471801758e-01
2.460864932614133693e+06 1.000780701637268066e+00
2.460864932680265047e+06 9.989656209945678711e-01
2.460864932746396400e+06 1.000224471092224121e+00
2.460864932812528219e+06 9.989721775054931641e-01
2.460864932878659572e+06 1.000348091125488281e+00
2.460864932944791391e+06 9.999414682388305664e-01
2.460864933010922745e+06 1.000104069709777832e+00
2.460864933077054564e+06 1.000123620033264160e+00
2.460864933143185917e+06 1.000450491905212402e+00
2.460864933209317736e+06 1.000944852828979492e+00
2.460864933275449090e+06 1.000308990478515625e+00
2.460864933341580909e+06 9.994242787361145020e-01
2.460864933407712262e+06 9.996373057365417480e-01
2.460864933473843616e+06 1.012490391731262207e+00
2.460864933539975435e+06 1.000827789306640625e+00
2.460864933606106788e+06 1.001053929328918457e+00
2.460864933672238607e+06 1.000281333923339844e+00
2.460864933738369960e+06 1.001732110977172852e+00
2.460864933804501779e+06 1.000894546508789062e+00
2.460864933870633133e+06 9.993803501129150391e-01
2.460864933936764952e+06 9.999138116836547852e-01
2.460864934002896305e+06 1.000564336776733398e+00
2.460864934069028124e+06 1.000040650367736816e+00
2.460864934135159478e+06 9.993917346000671387e-01
2.460864934201290831e+06 1.001375913619995117e+00
2.460864934267422650e+06 1.000338315963745117e+00
2.460864934333554003e+06 9.997023940086364746e-01
2.460864934399685822e+06 9.992925524711608887e-01
2.460864934465817176e+06 1.000562667846679688e+00
2.460864934531948995e+06 9.998763799667358398e-01
2.460864934598080348e+06 1.000365972518920898e+00
2.460864934664212167e+06 9.991705417633056641e-01
2.460864934730343521e+06 9.994015097618103027e-01
2.460864934796475340e+06 9.999170303344726562e-01
2.460864934862606693e+06 1.000936746597290039e+00
2.460864934928738046e+06 9.998373389244079590e-01
2.460864934994869865e+06 1.000216245651245117e+00
2.460864935061001219e+06 9.993543624877929688e-01
2.460864935127133038e+06 1.000094294548034668e+00
2.460864935193264391e+06 9.992616176605224609e-01
2.460864935259396210e+06 9.996893405914306641e-01
2.460864935325527564e+06 9.998812675476074219e-01
2.460864935391659383e+06 1.000204920768737793e+00
2.460864935457790736e+06 1.000295996665954590e+00
2.460864935523922555e+06 9.999609589576721191e-01
2.460864935590053909e+06 1.001345038414001465e+00
2.460864935656185262e+06 1.000839233398437500e+00
2.460864935722317081e+06 9.993689656257629395e-01
2.460864935788448434e+06 1.000151276588439941e+00
2.460864935854580253e+06 1.000320434570312500e+00
2.460864935920711607e+06 9.987200498580932617e-01
2.460864935986843426e+06 1.000803470611572266e+00
2.460864936052974779e+06 9.993950128555297852e-01
2.460864936119106598e+06 9.996503591537475586e-01
2.460864936185237952e+06 9.986354708671569824e-01
2.460864936251369305e+06 1.000025987625122070e+00
2.460864936317501124e+06 9.986354708671569824e-01
2.460864936383632477e+06 9.984029531478881836e-01
2.460864936449764296e+06 9.993088245391845703e-01
2.460864936515895650e+06 9.992258548736572266e-01
2.460864936582027469e+06 9.987753629684448242e-01
2.460864936648158822e+06 9.997901916503906250e-01
2.460864936714290641e+06 9.980744123458862305e-01
2.460864936780421995e+06 9.999902248382568359e-01
2.460864936846553814e+06 1.001305937767028809e+00
2.460864936912685167e+06 1.000214695930480957e+00
2.460864936978816986e+06 9.987265467643737793e-01
2.460864937044948339e+06 9.998796582221984863e-01
2.460864937111079693e+06 9.994665384292602539e-01
2.460864937177211512e+06 9.997674226760864258e-01
2.460864937243342865e+06 1.000177264213562012e+00
2.460864937309474684e+06 1.000006556510925293e+00
2.460864937375606038e+06 9.997137784957885742e-01
2.460864937441737857e+06 1.001063585281372070e+00
2.460864937507869210e+06 9.998828768730163574e-01
2.460864937574001029e+06 9.999316930770874023e-01
2.460864937640132383e+06 9.997560381889343262e-01
2.460864937706263736e+06 9.993819594383239746e-01
2.460864937772395555e+06 9.998910427093505859e-01
2.460864937838526908e+06 1.000715613365173340e+00
2.460864937904658727e+06 1.000017881393432617e+00
2.460864937970790081e+06 1.000634312629699707e+00
2.460864938036921900e+06 1.000130057334899902e+00
2.460864938103053253e+06 9.996747374534606934e-01
2.460864938169185072e+06 9.995999336242675781e-01
2.460864938235316426e+06 9.998796582221984863e-01
2.460864938301448245e+06 1.001104235649108887e+00
2.460864938367579598e+06 1.000531792640686035e+00
2.460864938433711417e+06 1.000066637992858887e+00
2.460864938499842770e+06 1.000466704368591309e+00
2.460864938565974124e+06 9.999316930770874023e-01
2.460864938632105943e+06 9.998227357864379883e-01
2.460864938698237296e+06 1.001006722450256348e+00
2.460864938764369115e+06 1.000404953956604004e+00
2.460864938830500469e+06 1.000699281692504883e+00
2.460864938896632288e+06 1.000853776931762695e+00
2.460864938962763641e+06 1.000133395195007324e+00
2.460864939028895460e+06 1.000593662261962891e+00
2.460864939095026813e+06 9.993153214454650879e-01
2.460864939161158167e+06 1.001974344253540039e+00
2.460864939227289986e+06 9.999008178710937500e-01
2.460864939293421339e+06 1.000344753265380859e+00
2.460864939359553158e+06 9.992860555648803711e-01
2.460864939425684512e+06 1.000590324401855469e+00
2.460864939491816331e+06 1.000120401382446289e+00
2.460864939557947684e+06 1.000931859016418457e+00
2.460864939624079503e+06 1.000878214836120605e+00
2.460864939690210856e+06 1.000000000000000000e+00
2.460864939756342676e+06 1.000357747077941895e+00
2.460864939822474029e+06 1.000964403152465820e+00
2.460864939888605382e+06 1.000761151313781738e+00
2.460864939954737201e+06 9.994502663612365723e-01
2.460864940020868555e+06 1.000452160835266113e+00
2.460864940087000374e+06 9.998666644096374512e-01
2.460864940153131727e+06 9.998828768730163574e-01
2.460864940219263546e+06 9.996877312660217285e-01
2.460864940285394900e+06 9.999089241027832031e-01
2.460864940351526719e+06 9.996373057365417480e-01
2.460864940417658072e+06 9.997771978378295898e-01
2.460864940483789891e+06 9.995511174201965332e-01
2.460864940549921244e+06 1.000788807868957520e+00
2.460864940616052598e+06 1.000792026519775391e+00
2.460864940682184417e+06 9.992551207542419434e-01
2.460864940748315770e+06 9.991233944892883301e-01
2.460864940814447589e+06 9.987851381301879883e-01
2.460864940880578943e+06 1.000748157501220703e+00
2.460864940946710762e+06 1.000627756118774414e+00
2.460864941012842115e+06 9.994486570358276367e-01
2.460864941078973934e+06 1.000391960144042969e+00
2.460864941145105287e+06 9.998325109481811523e-01
2.460864941211237106e+06 1.000320434570312500e+00
2.460864941277368460e+06 1.000995278358459473e+00
2.460864941343499813e+06 1.000452160835266113e+00
2.460864941409631632e+06 1.000385403633117676e+00
2.460864941475762986e+06 9.999691247940063477e-01
2.460864941541894805e+06 9.989607930183410645e-01
2.460864941608026158e+06 9.995365142822265625e-01
2.460864941674157977e+06 9.986354708671569824e-01
2.460864941740289330e+06 1.000718832015991211e+00
2.460864941806421150e+06 9.994470477104187012e-01
2.460864941872552503e+06 9.997771978378295898e-01
2.460864941938684322e+06 9.999772310256958008e-01
2.460864942004815675e+06 9.997169971466064453e-01
2.460864942070947029e+06 1.000281333923339844e+00
2.460864942137078848e+06 9.999691247940063477e-01
2.460864942203210201e+06 9.991884231567382812e-01
2.460864942269342020e+06 9.999821186065673828e-01
2.460864942335473374e+06 1.000417947769165039e+00
2.460864942401605193e+06 1.001489758491516113e+00
2.460864942467736546e+06 1.000021100044250488e+00
2.460864942533868365e+06 1.001206755638122559e+00
2.460864942599999718e+06 1.000136613845825195e+00
2.460864942666131537e+06 9.992030858993530273e-01
2.460864942732262891e+06 9.998015761375427246e-01
2.460864942798394244e+06 9.980857968330383301e-01
2.460864942864526063e+06 9.992697834968566895e-01
2.460864942930657417e+06 9.990225434303283691e-01
2.460864942996789236e+06 9.990713596343994141e-01
2.460864943062920589e+06 9.999967217445373535e-01
2.460864943129052408e+06 9.992583990097045898e-01
2.460864943195183761e+06 1.001475095748901367e+00
2.460864943261315580e+06 9.997186660766601562e-01
2.460864943327446934e+06 1.000317096710205078e+00
2.460864943393578753e+06 1.000170707702636719e+00
2.460864943459710106e+06 1.004209041595458984e+00
2.460864943525841460e+06 9.999008178710937500e-01
2.460864943591973279e+06 1.000536680221557617e+00
2.460864943658104632e+06 1.000606656074523926e+00
2.460864943724236451e+06 9.988387823104858398e-01
2.460864943790367804e+06 1.000562667846679688e+00
2.460864943856499624e+06 9.996356964111328125e-01
2.460864943922630977e+06 1.000162601470947266e+00
2.460864943988762796e+06 9.997056126594543457e-01
2.460864944054894149e+06 9.992957711219787598e-01
2.460864944121025503e+06 1.000598549842834473e+00
2.460864944187157322e+06 1.001104235649108887e+00
2.460864944253288675e+06 1.000613093376159668e+00
2.460864944319420494e+06 1.006599664688110352e+00
2.460864944385551848e+06 1.000388741493225098e+00
2.460864944451683667e+06 1.000730276107788086e+00
2.460864944517815020e+06 1.001601934432983398e+00
2.460864944583946839e+06 1.000050425529479980e+00
2.460864944650078192e+06 1.001009941101074219e+00
2.460864944716210011e+06 1.000312209129333496e+00
2.460864944782341365e+06 9.996162056922912598e-01
2.460864944848472718e+06 1.001346588134765625e+00
2.460864944914604537e+06 1.000035762786865234e+00
2.460864944980735891e+06 1.000726938247680664e+00
2.460864945046867710e+06 1.000518798828125000e+00
2.460864945112999063e+06 9.995169639587402344e-01
2.460864945179130882e+06 9.999658465385437012e-01
2.460864945245262235e+06 9.991185069084167480e-01
2.460864945311394054e+06 1.002047538757324219e+00
2.460864945377525408e+06 1.000748157501220703e+00
2.460864945443657227e+06 1.001231193542480469e+00
2.460864945509788580e+06 9.994047284126281738e-01
2.460864945575919934e+06 1.000588774681091309e+00
2.460864945642051753e+06 1.000063419342041016e+00
2.460864945708183106e+06 1.000063419342041016e+00
2.460864945774314925e+06 9.998422265052795410e-01
2.460864945840446278e+06 1.001031160354614258e+00
2.460864945906578097e+06 9.995055794715881348e-01
2.460864945972709451e+06 9.997365474700927734e-01
2.460864946038841270e+06 1.000084519386291504e+00
2.460864946104972623e+06 9.999805092811584473e-01
2.460864946171104442e+06 9.990648627281188965e-01
2.460864946237235796e+06 9.994795918464660645e-01
2.460864946303367149e+06 1.000346422195434570e+00
2.460864946369498968e+06 9.991965889930725098e-01
2.460864946435630322e+06 1.000000000000000000e+00
2.460864946501762141e+06 9.998926520347595215e-01
2.460864946567893494e+06 1.000925421714782715e+00
2.460864946634025313e+06 1.000146389007568359e+00
2.460864946700156666e+06 9.994356632232666016e-01
2.460864946766288485e+06 9.998097419738769531e-01
2.460864946832419839e+06 1.000839233398437500e+00
2.460864946898551658e+06 1.001006722450256348e+00
2.460864946964683011e+06 1.000048756599426270e+00
2.460864947030814365e+06 9.996551871299743652e-01
2.460864947096946184e+06 1.001019716262817383e+00
2.460864947163077537e+06 1.000045537948608398e+00
2.460864947229209356e+06 1.000507473945617676e+00
2.460864947295340709e+06 9.990453124046325684e-01
2.460864947361472528e+06 9.998845458030700684e-01
2.460864947427603882e+06 1.000452160835266113e+00
2.460864947493735701e+06 1.000351309776306152e+00
2.460864947559867054e+06 1.000149607658386230e+00
2.460864947625998873e+06 1.000331759452819824e+00
2.460864947692130227e+06 1.001371026039123535e+00
2.460864947758261580e+06 9.992046952247619629e-01
2.460864947824393399e+06 9.996438026428222656e-01
2.460864947890524752e+06 1.000063419342041016e+00
2.460864947956656571e+06 9.998031854629516602e-01
2.460864948022787925e+06 9.993543624877929688e-01
2.460864948088919744e+06 9.987005591392517090e-01
2.460864948155051097e+06 9.991591572761535645e-01
2.460864948221182916e+06 9.983947873115539551e-01
2.460864948287314270e+06 9.995446205139160156e-01
2.460864948353446089e+06 1.000541567802429199e+00
2.460864948419577442e+06 9.993982315063476562e-01
2.460864948485708795e+06 9.998211264610290527e-01
2.460864948551840615e+06 9.998015761375427246e-01
2.460864948617971968e+06 9.995381236076354980e-01
2.460864948684103787e+06 1.000235795974731445e+00
2.460864948750235140e+06 9.987655878067016602e-01
2.460864948816366959e+06 1.000606656074523926e+00
2.460864948882498313e+06 9.995868802070617676e-01
2.460864948948630132e+06 9.997658133506774902e-01
2.460864949014761485e+06 9.998682737350463867e-01
2.460864949080892839e+06 9.994307756423950195e-01
2.460864949147024658e+06 1.000094294548034668e+00
2.460864949213156011e+06 9.996893405914306641e-01
2.460864949279287830e+06 1.000237464904785156e+00
2.460864949345419183e+06 1.000961184501647949e+00
2.460864949411551002e+06 1.001200199127197266e+00
2.460864949477682356e+06 1.000091075897216797e+00
2.460864949543814175e+06 9.996633529663085938e-01
2.460864949609945528e+06 9.988046288490295410e-01
2.460864949676077347e+06 1.003371357917785645e+00
2.460864949742208701e+06 9.992453455924987793e-01
2.460864949808340054e+06 1.000983953475952148e+00
2.460864949874471873e+06 1.000548124313354492e+00
2.460864949940603226e+06 9.992421269416809082e-01
2.460864950006735045e+06 1.000970959663391113e+00
2.460864950072866399e+06 9.997755885124206543e-01
2.460864950138998218e+06 9.998357295989990234e-01
2.460864950205129571e+06 9.997739195823669434e-01
2.460864950271261390e+06 1.000040650367736816e+00
2.460864950337392744e+06 1.000801801681518555e+00
2.460864950403524563e+06 1.000442385673522949e+00
2.460864950469655916e+06 9.995495080947875977e-01
2.460864950535787269e+06 9.995917677879333496e-01
2.460864950601919089e+06 1.000068306922912598e+00
2.460864950668050442e+06 1.000178933143615723e+00
2.460864950734182261e+06 1.000134944915771484e+00
2.460864950800313614e+06 1.000043869018554688e+00
2.460864950866445433e+06 1.000557780265808105e+00
2.460864950932576787e+06 9.995430111885070801e-01
2.460864950998708606e+06 9.998633861541748047e-01
2.460864951064839959e+06 1.000330090522766113e+00
2.460864951130971778e+06 1.000017881393432617e+00
2.460864951197103132e+06 9.987834692001342773e-01
2.460864951263234485e+06 9.991657137870788574e-01
2.460864951329366304e+06 1.000224471092224121e+00
2.460864951395497657e+06 1.000440716743469238e+00
2.460864951461629476e+06 1.000865221023559570e+00
2.460864951527760830e+06 1.000357747077941895e+00
2.460864951593892649e+06 9.989900588989257812e-01
2.460864951660024002e+06 9.997007250785827637e-01
2.460864951726155821e+06 1.000216245651245117e+00
2.460864951792287175e+06 9.995137453079223633e-01
2.460864951858418994e+06 1.002273678779602051e+00
2.460864951924550347e+06 9.998471140861511230e-01
2.460864951990681700e+06 1.000770926475524902e+00
2.460864952056813519e+06 9.995169639587402344e-01
2.460864952122944873e+06 1.000611543655395508e+00
2.460864952189076692e+06 1.000043869018554688e+00
2.460864952255208045e+06 9.997283816337585449e-01
2.460864952321339864e+06 1.001037597656250000e+00
2.460864952387471218e+06 1.000317096710205078e+00
2.460864952453603037e+06 9.996812343597412109e-01
2.460864952519734390e+06 1.000377297401428223e+00
2.460864952585865743e+06 9.996519684791564941e-01
2.460864952651997562e+06 1.000709056854248047e+00
2.460864952718128916e+06 9.993283152580261230e-01
2.460864952784260735e+06 9.995185732841491699e-01
2.460864952850392088e+06 1.000271558761596680e+00
2.460864952916523907e+06 1.000066637992858887e+00
2.460864952982655261e+06 9.998259544372558594e-01
2.460864953048787080e+06 9.992648959159851074e-01
2.460864953114918433e+06 1.000437498092651367e+00
2.460864953181050252e+06 9.996194243431091309e-01
2.460864953247181606e+06 9.998373389244079590e-01
2.460864953313312959e+06 9.993429780006408691e-01
2.460864953379444778e+06 1.000969290733337402e+00
2.460864953445576131e+06 9.993445873260498047e-01
2.460864953511707950e+06 1.000863552093505859e+00
2.460864953577839304e+06 1.000930309295654297e+00
2.460864953643971123e+06 9.993819594383239746e-01
2.460864953710102476e+06 9.996617436408996582e-01
2.460864953776234295e+06 1.000681400299072266e+00
2.460864953842365649e+06 9.996438026428222656e-01
2.460864953908497468e+06 1.000206589698791504e+00
2.460864953974628821e+06 9.993950128555297852e-01
2.460864954040760174e+06 9.998341202735900879e-01
2.460864954106891993e+06 1.000834345817565918e+00
2.460864954173023347e+06 1.000391960144042969e+00
2.460864954239155166e+06 9.991477727890014648e-01
2.460864954305286519e+06 9.985737204551696777e-01
2.460864954371418338e+06 9.993559718132019043e-01
2.460864954437549692e+06 9.999284148216247559e-01
2.460864954503681511e+06 1.000227689743041992e+00
2.460864954569812864e+06 9.995576143264770508e-01
2.460864954635944683e+06 1.000505805015563965e+00
2.460864954702076036e+06 1.001222968101501465e+00
2.460864954768207390e+06 1.000099182128906250e+00
2.460864954834339209e+06 9.996129274368286133e-01
2.460864954900470562e+06 1.000169157981872559e+00
2.460864954966602381e+06 9.995641112327575684e-01
2.460864955032733735e+06 9.997707009315490723e-01
2.460864955098865554e+06 9.992860555648803711e-01
2.460864955164996907e+06 9.993071556091308594e-01
2.460864955231128726e+06 1.000006556510925293e+00
2.460864955297260080e+06 9.999967217445373535e-01
2.460864955363391899e+06 1.000165939331054688e+00
2.460864955429523252e+06 1.000448822975158691e+00
2.460864955495654605e+06 1.000183820724487305e+00
2.460864955561786424e+06 1.001031160354614258e+00
2.460864955627917778e+06 9.991819262504577637e-01
2.460864955694049597e+06 9.992957711219787598e-01
2.460864955760180950e+06 9.999788403511047363e-01
2.460864955826312769e+06 9.991624355316162109e-01
2.460864955892444123e+06 9.999983906745910645e-01
2.460864955958575942e+06 1.000613093376159668e+00
2.460864956024707295e+06 9.992730021476745605e-01
2.460864956090838648e+06 1.000139832496643066e+00
2.460864956156970467e+06 1.001421451568603516e+00
2.460864956223101821e+06 1.000782251358032227e+00
2.460864956289233640e+06 9.985980987548828125e-01
2.460864956355364993e+06 9.989932775497436523e-01
2.460864956421496812e+06 1.000713944435119629e+00
2.460864956487628166e+06 9.999707341194152832e-01
2.460864956553759985e+06 1.000178933143615723e+00
2.460864956619891338e+06 9.998503923416137695e-01
2.460864956686023157e+06 9.993999004364013672e-01
2.460864956752154510e+06 1.000201702117919922e+00
2.460864956818285864e+06 1.000604987144470215e+00
2.460864956884417683e+06 9.994909763336181641e-01
2.460864956950549036e+06 9.997365474700927734e-01
2.460864957016680855e+06 9.986338615417480469e-01
2.460864957082812209e+06 1.000255346298217773e+00
2.460864957148944028e+06 1.000234246253967285e+00
2.460864957215075381e+06 9.994047284126281738e-01
2.460864957281207200e+06 9.995543956756591797e-01
2.460864957347338554e+06 1.001395463943481445e+00
2.460864957413470373e+06 9.992778897285461426e-01
2.460864957479601726e+06 9.994860887527465820e-01
2.460864957545733079e+06 1.000050425529479980e+00
2.460864957611864898e+06 1.000554561614990234e+00
2.460864957677996252e+06 9.992486238479614258e-01
2.460864957744128071e+06 9.994307756423950195e-01
2.460864957810259424e+06 1.001089692115783691e+00
2.460864957876391243e+06 1.000824570655822754e+00
2.460864957942522597e+06 9.997072815895080566e-01
2.460864958008654416e+06 9.995218515396118164e-01
2.460864958074785769e+06 1.005074143409729004e+00
2.460864958140917122e+06 1.000795245170593262e+00
2.460864958207048941e+06 1.000172376632690430e+00
2.460864958273180295e+06 9.995917677879333496e-01
2.460864958339312114e+06 1.000061750411987305e+00
2.460864958405443467e+06 1.000177264213562012e+00
2.460864958471575286e+06 1.000408172607421875e+00
2.460864958537706640e+06 1.000471591949462891e+00
2.460864958603838459e+06 9.996910095214843750e-01
2.460864958669969812e+06 1.000052094459533691e+00
2.460864958736101631e+06 9.997560381889343262e-01
2.460864958802232984e+06 9.993104338645935059e-01
2.460864958868364338e+06 9.995234608650207520e-01
2.460864958934496157e+06 9.997544288635253906e-01
2.460864959000627510e+06 9.994307756423950195e-01
2.460864959066759329e+06 9.999397993087768555e-01
2.460864959132890683e+06 9.992486238479614258e-01
2.460864959199022502e+06 1.000486254692077637e+00
2.460864959265153855e+06 9.996665716171264648e-01
2.460864959331285674e+06 9.993787407875061035e-01
2.460864959397417028e+06 9.986436367034912109e-01
2.460864959463548847e+06 9.991787075996398926e-01
2.460864959529680200e+06 9.995511174201965332e-01
2.460864959595811553e+06 9.997658133506774902e-01
2.460864959661943372e+06 1.000544786453247070e+00
2.460864959728074726e+06 9.991461634635925293e-01
2.460864959794206545e+06 9.995006918907165527e-01
2.460864959860337898e+06 9.995982646942138672e-01
2.460864959926469717e+06 1.000766038894653320e+00
2.460864959992601071e+06 1.001401901245117188e+00
2.460864960058732890e+06 1.000126838684082031e+00
2.460864960124864243e+06 9.993868470191955566e-01
2.460864960190996062e+06 9.999935030937194824e-01
2.460864960257127415e+06 9.993153214454650879e-01
2.460864960323258769e+06 9.998422265052795410e-01
2.460864960389390588e+06 9.999691247940063477e-01
2.460864960455521941e+06 1.000822901725769043e+00
2.460864960521653760e+06 9.987639784812927246e-01
2.460864960587785114e+06 1.000260233879089355e+00
2.460864960653916933e+06 1.000637531280517578e+00
2.460864960720048286e+06 9.987070560455322266e-01
2.460864960786180105e+06 1.000257015228271484e+00
2.460864960852311458e+06 9.995055794715881348e-01
2.460864960918443277e+06 9.986354708671569824e-01
2.460864960984574631e+06 9.995446205139160156e-01
2.460864961050705984e+06 1.000087857246398926e+00
2.460864961116837803e+06 9.999008178710937500e-01
2.460864961182969157e+06 9.997609257698059082e-01
2.460864961249100976e+06 9.999528527259826660e-01
2.460864961315232329e+06 1.000024437904357910e+00
2.460864961381364148e+06 9.993478059768676758e-01
2.460864961447495501e+06 9.988469481468200684e-01
2.460864961513627321e+06 9.992242455482482910e-01
2.460864961579758674e+06 9.993575811386108398e-01
2.460864961645890027e+06 9.997804164886474609e-01
2.460864961712021846e+06 9.991900920867919922e-01
2.460864961778153200e+06 1.000648856163024902e+00
2.460864961844285019e+06 9.994682073593139648e-01
2.460864961910416372e+06 9.993364214897155762e-01
2.460864961976548191e+06 9.999073147773742676e-01
2.460864962042679545e+06 9.993494749069213867e-01
2.460864962108811364e+06 1.000232577323913574e+00
2.460864962174942717e+06 9.996763467788696289e-01
2.460864962241074536e+06 1.000284552574157715e+00
2.460864962307205889e+06 1.000837564468383789e+00
2.460864962373337243e+06 9.998292326927185059e-01
2.460864962439469062e+06 9.991738200187683105e-01
2.460864962505600415e+06 9.994779229164123535e-01
2.460864962571732234e+06 9.995071887969970703e-01
2.460864962637863588e+06 9.996340870857238770e-01
2.460864962703995407e+06 9.994128942489624023e-01
2.460864962770126760e+06 9.994584321975708008e-01
2.460864962836258579e+06 1.000770926475524902e+00
2.460864962902389932e+06 9.993218183517456055e-01
2.460864962968521751e+06 1.000060200691223145e+00
2.460864963034653105e+06 9.999739527702331543e-01
2.460864963100784458e+06 9.995673894882202148e-01
2.460864963166916277e+06 9.996178150177001953e-01
2.460864963233047631e+06 1.000671625137329102e+00
2.460864963299179450e+06 9.999642372131347656e-01
2.460864963365310803e+06 1.001133561134338379e+00
2.460864963431442622e+06 9.994958043098449707e-01
2.460864963497573975e+06 9.991770982742309570e-01
2.460864963563705795e+06 9.997642040252685547e-01
2.460864963629837148e+06 1.000281333923339844e+00
2.460864963695968501e+06 9.994470477104187012e-01
2.460864963762100320e+06 9.994437694549560547e-01
2.460864963828231674e+06 1.000674962997436523e+00
2.460864963894363493e+06 9.997283816337585449e-01
2.460864963960494846e+06 9.997576475143432617e-01
2.460864964026626665e+06 1.000038981437683105e+00
2.460864964092758019e+06 9.996503591537475586e-01
2.460864964158889838e+06 9.992600083351135254e-01
2.460864964225021191e+06 1.000354528427124023e+00
2.460864964291153010e+06 9.999268054962158203e-01
2.460864964357284363e+06 1.000401735305786133e+00
2.460864964423415717e+06 9.994584321975708008e-01
2.460864964489547536e+06 9.995787739753723145e-01
2.460864964555678889e+06 1.000857114791870117e+00
2.460864964621810708e+06 1.000052094459533691e+00
2.460864964687942062e+06 1.000328540802001953e+00
2.460864964754073881e+06 1.000674962997436523e+00
2.460864964820205234e+06 9.991396665573120117e-01
2.460864964886337053e+06 1.000315546989440918e+00
2.460864964952468406e+06 1.000783920288085938e+00
2.460864965018600225e+06 1.000424504280090332e+00
2.460864965084731579e+06 9.996665716171264648e-01
2.460864965150862932e+06 9.998259544372558594e-01
2.460864965216994751e+06 9.995137453079223633e-01
2.460864965283126105e+06 1.000320434570312500e+00
2.460864965349257924e+06 1.001190543174743652e+00
2.460864965415389277e+06 9.983199834823608398e-01
2.460864965481521096e+06 1.000969290733337402e+00
2.460864965547652449e+06 9.993136525154113770e-01
2.460864965613784268e+06 9.991477727890014648e-01
2.460864965679915622e+06 1.000577330589294434e+00
2.460864965746046975e+06 9.994145035743713379e-01
2.460864965812178794e+06 1.000271558761596680e+00
2.460864965878310148e+06 9.995218515396118164e-01
2.460864965944441967e+06 9.991412758827209473e-01
2.460864966010573320e+06 1.000570893287658691e+00
2.460864966076705139e+06 1.000458598136901855e+00
2.460864966142836493e+06 9.999463558197021484e-01
2.460864966208968312e+06 9.992665052413940430e-01
2.460864966275099665e+06 1.000370860099792480e+00
2.460864966341231484e+06 9.996942281723022461e-01
2.460864966407362837e+06 9.993250370025634766e-01
2.460864966473494191e+06 1.000040650367736816e+00
2.460864966539626010e+06 9.981329441070556641e-01
2.460864966605757363e+06 9.996649622917175293e-01
2.460864966671889182e+06 9.994600415229797363e-01
2.460864966738020536e+06 1.000811576843261719e+00
2.460864966804152355e+06 9.988322854042053223e-01
2.460864966870283708e+06 9.999186992645263672e-01
2.460864966936415527e+06 1.000738382339477539e+00
2.460864967002546880e+06 9.994291663169860840e-01
2.460864967068678699e+06 1.000195145606994629e+00
2.460864967134810053e+06 9.990518689155578613e-01
2.460864967200941406e+06 9.998991489410400391e-01
2.460864967267073225e+06 9.989266395568847656e-01
2.460864967333204579e+06 1.000759482383728027e+00
2.460864967399336398e+06 9.999073147773742676e-01
2.460864967465467751e+06 1.001188874244689941e+00
2.460864967531599570e+06 9.996828436851501465e-01
2.460864967597730923e+06 9.997007250785827637e-01
2.460864967663862742e+06 9.988371729850769043e-01
2.460864967729994096e+06 9.996551871299743652e-01
2.460864967796125449e+06 9.997804164886474609e-01
2.460864967862257268e+06 9.999008178710937500e-01
2.460864967928388622e+06 1.000294327735900879e+00
2.460864967994520441e+06 1.000739932060241699e+00
2.460864968060651794e+06 9.997040033340454102e-01
2.460864968126783613e+06 9.991819262504577637e-01
2.460864968192914966e+06 1.000126838684082031e+00
2.460864968259046786e+06 9.988046288490295410e-01
2.460864968325178139e+06 1.000308990478515625e+00
2.460864968391309958e+06 9.993136525154113770e-01
2.460864968457441311e+06 1.000393629074096680e+00
2.460864968523572665e+06 1.000043869018554688e+00
2.460864968589704484e+06 9.993559718132019043e-01
2.460864968655835837e+06 1.000344753265380859e+00
2.460864968721967656e+06 1.000465154647827148e+00
2.460864968788099010e+06 9.989737868309020996e-01
2.460864968854230829e+06 9.989217519760131836e-01
2.460864968920362182e+06 9.995852708816528320e-01
2.460864968986494001e+06 9.989997744560241699e-01
2.460864969052625354e+06 1.001505970954895020e+00
2.460864969118757173e+06 9.988615512847900391e-01
2.460864969184888527e+06 9.996243119239807129e-01
2.460864969251019880e+06 9.995917677879333496e-01
2.460864969317151699e+06 1.000470042228698730e+00
2.460864969383283053e+06 9.997397661209106445e-01
2.460864969449414872e+06 9.992876648902893066e-01
2.460864969515546225e+06 9.992583990097045898e-01
2.460864969581678044e+06 1.000993728637695312e+00
2.460864969647809397e+06 9.995495080947875977e-01
2.460864969713941216e+06 9.994226694107055664e-01
2.460864969780072570e+06 9.996568560600280762e-01
2.460864969846204389e+06 9.992681145668029785e-01
2.460864969912335742e+06 1.000699281692504883e+00
2.460864969978467096e+06 9.999495744705200195e-01
2.460864970044598915e+06 1.000600099563598633e+00
2.460864970110730268e+06 9.994649291038513184e-01
2.460864970176862087e+06 9.995966553688049316e-01
2.460864970242993440e+06 1.000032544136047363e+00
2.460864970309125260e+06 9.990420937538146973e-01
2.460864970375256613e+06 9.999073147773742676e-01
2.460864970441388432e+06 1.000318765640258789e+00
2.460864970507519785e+06 9.990680813789367676e-01
2.460864970573651139e+06 9.996324181556701660e-01
2.460864970639782958e+06 9.986240863800048828e-01
2.460864970705914311e+06 9.990550875663757324e-01
2.460864970772046130e+06 9.999122023582458496e-01
2.460864970838177484e+06 1.000056862831115723e+00
2.460864970904309303e+06 1.000809907913208008e+00
2.460864970970440656e+06 9.989753961563110352e-01
2.460864971036572475e+06 9.995039701461791992e-01
2.460864971102703828e+06 9.999625682830810547e-01
2.460864971168835647e+06 9.994242787361145020e-01
2.460864971234967001e+06 9.993478059768676758e-01
2.460864971301098354e+06 9.989022016525268555e-01
2.460864971367230173e+06 9.996324181556701660e-01
2.460864971433361527e+06 1.000525355339050293e+00
2.460864971499493346e+06 1.000019550323486328e+00
2.460864971565624699e+06 1.000707507133483887e+00
2.460864971631756518e+06 1.000600099563598633e+00
2.460864971697887871e+06 1.000432610511779785e+00
2.460864971764019690e+06 1.000003218650817871e+00
2.460864971830151044e+06 9.992990493774414062e-01
2.460864971896282397e+06 9.997934699058532715e-01
2.460864971962414216e+06 9.999203085899353027e-01
2.460864972028545570e+06 1.000902652740478516e+00
2.460864972094677389e+06 9.986842870712280273e-01
2.460864972160808742e+06 9.992762804031372070e-01
2.460864972226940561e+06 9.993218183517456055e-01
2.460864972293071914e+06 9.989005923271179199e-01
2.460864972359203734e+06 1.000361084938049316e+00
2.460864972425335087e+06 9.994616508483886719e-01
2.460864972491466906e+06 9.999040365219116211e-01
2.460864972557598259e+06 9.987688660621643066e-01
2.460864972623729613e+06 1.000213027000427246e+00
2.460864972689861432e+06 9.992388486862182617e-01
2.460864972755992785e+06 1.000779032707214355e+00
2.460864972822124604e+06 1.000522017478942871e+00
2.460864972888255958e+06 9.976873397827148438e-01
2.460864972954387777e+06 9.995901584625244141e-01
2.460864973020519130e+06 1.000274896621704102e+00
2.460864973086650949e+06 9.994470477104187012e-01
2.460864973152782302e+06 9.996145367622375488e-01
2.460864973218914121e+06 9.993852376937866211e-01
2.460864973285045475e+06 1.000305771827697754e+00
2.460864973351176828e+06 9.981264472007751465e-01
2.460864973417308647e+06 9.986907839775085449e-01
2.460864973483440001e+06 9.987217187881469727e-01
2.460864973549571820e+06 9.989656209945678711e-01
2.460864973615703173e+06 1.000042319297790527e+00
2.460864973681834992e+06 1.000769257545471191e+00
2.460864973747966345e+06 9.989965558052062988e-01
2.460864973814098164e+06 9.991087913513183594e-01
2.460864973880229518e+06 9.991657137870788574e-01
2.460864973946360871e+06 9.995267391204833984e-01
2.460864974012492690e+06 9.992144703865051270e-01
2.460864974078624044e+06 9.996291995048522949e-01
2.460864974144755863e+06 9.998861551284790039e-01
2.460864974210887216e+06 9.993429780006408691e-01
2.460864974277019035e+06 9.994226694107055664e-01
2.460864974343150388e+06 9.999138116836547852e-01
2.460864974409282207e+06 1.000312209129333496e+00
2.460864974475413561e+06 9.997918009757995605e-01
2.460864974541545380e+06 1.000652194023132324e+00
2.460864974607676733e+06 9.992323517799377441e-01
2.460864974673808087e+06 9.989266395568847656e-01
2.460864974739939906e+06 9.996796250343322754e-01
2.460864974806071259e+06 9.993006587028503418e-01
2.460864974872203078e+06 1.000349640846252441e+00
2.460864974938334431e+06 1.000333428382873535e+00
2.460864975004466251e+06 9.989445209503173828e-01
2.460864975070597604e+06 9.992746710777282715e-01
2.460864975136729423e+06 1.000159382820129395e+00
2.460864975202860776e+06 9.994405508041381836e-01
2.460864975268992595e+06 9.996958971023559570e-01
2.460864975335123949e+06 1.000334978103637695e+00
2.460864975401255302e+06 9.985720515251159668e-01
2.460864975467387121e+06 9.994828104972839355e-01
2.460864975533518475e+06 1.000700950622558594e+00
2.460864975599650294e+06 1.000302553176879883e+00
2.460864975665781647e+06 9.998812675476074219e-01
2.460864975731913466e+06 9.991445541381835938e-01
2.460864975798044819e+06 9.986972808837890625e-01
2.460864975864176638e+06 9.994828104972839355e-01
2.460864975930307992e+06 1.000006556510925293e+00
2.460864975996439345e+06 1.000008106231689453e+00
2.460864976062571164e+06 9.998536109924316406e-01
2.460864976128702518e+06 9.997218847274780273e-01
2.460864976194834337e+06 9.994226694107055664e-01
2.460864976260965690e+06 9.999918937683105469e-01
2.460864976327097509e+06 9.988762140274047852e-01
2.460864976393228862e+06 1.000047206878662109e+00
2.460864976459360681e+06 9.992258548736572266e-01
2.460864976525492035e+06 9.999560713768005371e-01
2.460864976591623854e+06 9.993413090705871582e-01
2.460864976657755207e+06 9.992616176605224609e-01
2.460864976723886561e+06 1.000045537948608398e+00
2.460864976790018380e+06 1.000666856765747070e+00
2.460864976856149733e+06 9.993071556091308594e-01
2.460864976922281552e+06 1.000019550323486328e+00
2.460864976988412905e+06 9.990811347961425781e-01
2.460864977054544725e+06 9.992307424545288086e-01
2.460864977120676078e+06 9.997202754020690918e-01
2.460864977186807897e+06 1.000370860099792480e+00
2.460864977252939250e+06 9.998162388801574707e-01
2.460864977319071069e+06 1.000928640365600586e+00
2.460864977385202423e+06 1.001014828681945801e+00
2.460864977451333776e+06 9.995868802070617676e-01
2.460864977517465595e+06 1.000468373298645020e+00
2.460864977583596949e+06 9.985119104385375977e-01
2.460864977649728768e+06 9.990762472152709961e-01
2.460864977715860121e+06 9.993250370025634766e-01
2.460864977781991940e+06 9.987720847129821777e-01
2.460864977848123293e+06 1.000575780868530273e+00
2.460864977914255112e+06 9.994779229164123535e-01
2.460864977980386466e+06 9.989705085754394531e-01
2.460864978046517819e+06 9.997642040252685547e-01
2.460864978112649638e+06 9.993852376937866211e-01
2.460864978178780992e+06 9.998357295989990234e-01
2.460864978244912811e+06 9.982549548149108887e-01
2.460864978311044164e+06 1.007996797561645508e+00
2.460864978377175983e+06 9.983102083206176758e-01
2.460864978443307336e+06 1.000652194023132324e+00
2.460864978509439155e+06 9.997625350952148438e-01
2.460864978575570509e+06 1.000390291213989258e+00
2.460864978641702328e+06 9.995185732841491699e-01
2.460864978707833681e+06 9.994568228721618652e-01
2.460864978773965035e+06 1.000388741493225098e+00
2.460864978840096854e+06 9.994730353355407715e-01
2.460864978906228207e+06 9.993738532066345215e-01
2.460864978972360026e+06 9.999544620513916016e-01
2.460864979038491379e+06 1.000496029853820801e+00
2.460864979104623199e+06 1.000458598136901855e+00
2.460864979170754552e+06 1.000492811203002930e+00
2.460864979236886371e+06 9.999219179153442383e-01
2.460864979303017724e+06 9.996698498725891113e-01
2.460864979369149543e+06 9.990550875663757324e-01
2.460864979435280897e+06 9.992746710777282715e-01
2.460864979501412250e+06 1.000759482383728027e+00
2.460864979567544069e+06 9.995754957199096680e-01
2.460864979633675423e+06 1.000528573989868164e+00
2.460864979699807242e+06 9.999788403511047363e-01
2.460864979765938595e+06 9.997218847274780273e-01
2.460864979832070414e+06 9.999642372131347656e-01
2.460864979898201767e+06 1.000440716743469238e+00
2.460864979964333586e+06 9.996958971023559570e-01
2.460864980030464940e+06 9.999122023582458496e-01
2.460864980096596293e+06 9.994372725486755371e-01
2.460864980162728112e+06 9.995754957199096680e-01
2.460864980228859466e+06 9.993852376937866211e-01
2.460864980294991285e+06 9.996682405471801758e-01
2.460864980361122638e+06 9.991477727890014648e-01
2.460864980427254457e+06 1.001304388046264648e+00
2.460864980493385810e+06 1.001166105270385742e+00
2.460864980559517629e+06 1.000042319297790527e+00
2.460864980625648983e+06 1.000866889953613281e+00
2.460864980691780802e+06 9.993982315063476562e-01
2.460864980757912155e+06 9.991673231124877930e-01
2.460864980824043509e+06 1.001001834869384766e+00
2.460864980890175328e+06 9.999138116836547852e-01
2.460864980956306681e+06 9.993348121643066406e-01
2.460864981022438500e+06 1.000195145606994629e+00
2.460864981088569853e+06 1.000918865203857422e+00
2.460864981154701672e+06 9.998015761375427246e-01
2.460864981220833026e+06 9.993917346000671387e-01
2.460864981286964845e+06 1.000016212463378906e+00
2.460864981353096198e+06 9.997446537017822266e-01
2.460864981419227552e+06 9.997771978378295898e-01
2.460864981485359371e+06 9.999430775642395020e-01
2.460864981551490724e+06 9.997690320014953613e-01
2.460864981617622543e+06 9.998910427093505859e-01
2.460864981683753897e+06 9.991477727890014648e-01
2.460864981749885716e+06 9.994421601295471191e-01
2.460864981816017069e+06 9.991526603698730469e-01
2.460864981882148888e+06 1.000577330589294434e+00
2.460864981948280241e+06 1.000115513801574707e+00
2.460864982014412060e+06 9.998455047607421875e-01
2.460864982080543414e+06 9.999788403511047363e-01
2.460864982146674767e+06 9.993006587028503418e-01
2.460864982212806586e+06 9.999642372131347656e-01
2.460864982278937940e+06 9.991673231124877930e-01
2.460864982345069759e+06 9.985899329185485840e-01
2.460864982411201112e+06 9.996600747108459473e-01
2.460864982477332931e+06 9.994990825653076172e-01
2.460864982543464284e+06 9.989575147628784180e-01
2.460864982609596103e+06 9.993673563003540039e-01
2.460864982675727457e+06 9.998292326927185059e-01
2.460864982741858810e+06 1.000858664512634277e+00
2.460864982807990629e+06 9.998763799667358398e-01
2.460864982874121983e+06 1.000543236732482910e+00
2.460864982940253802e+06 9.995397329330444336e-01
2.460864983006385155e+06 9.979849457740783691e-01
2.460864983072516974e+06 9.998438954353332520e-01
2.460864983138648327e+06 9.996129274368286133e-01
2.460864983204780146e+06 1.000279784202575684e+00
2.460864983270911500e+06 1.000637531280517578e+00
2.460864983337043319e+06 9.988144040107727051e-01
2.460864983403174672e+06 1.000112175941467285e+00
2.460864983469306026e+06 9.994063973426818848e-01
2.460864983535437845e+06 9.998942613601684570e-01
2.460864983601569198e+06 9.998292326927185059e-01
2.460864983667701017e+06 9.981817603111267090e-01
2.460864983733832370e+06 9.999040365219116211e-01
2.460864983799964190e+06 9.996893405914306641e-01
2.460864983866095543e+06 9.997739195823669434e-01
2.460864983932227362e+06 1.000255346298217773e+00
2.460864983998358715e+06 9.996926188468933105e-01
2.460864984064490069e+06 1.000385403633117676e+00
2.460864984130621888e+06 1.000172376632690430e+00
2.460864984196753241e+06 9.995803833007812500e-01
2.460864984262885060e+06 1.000374078750610352e+00
2.460864984329016414e+06 9.990762472152709961e-01
2.460864984395148233e+06 1.000753045082092285e+00
2.460864984461279586e+06 9.995836615562438965e-01
2.460864984527411405e+06 9.999805092811584473e-01
2.460864984593542758e+06 1.001102685928344727e+00
2.460864984659674577e+06 9.987965226173400879e-01
2.460864984725805931e+06 9.992193579673767090e-01
2.460864984791937284e+06 9.991819262504577637e-01
2.460864984858069103e+06 1.000029325485229492e+00
2.460864984924200457e+06 9.996243119239807129e-01
2.460864984990332276e+06 1.004395961761474609e+00
2.460864985056463629e+06 9.991315603256225586e-01
2.460864985122595448e+06 1.000499248504638672e+00
2.460864985188726801e+06 9.999674558639526367e-01
2.460864985254858620e+06 9.999073147773742676e-01
2.460864985320989974e+06 1.000292778015136719e+00
2.460864985387121327e+06 1.000110626220703125e+00
2.460864985453253146e+06 1.001292943954467773e+00
2.460864985519384500e+06 9.990762472152709961e-01
2.460864985585516319e+06 1.000242352485656738e+00
2.460864985651647672e+06 9.987720847129821777e-01
2.460864985717779491e+06 1.000292778015136719e+00
2.460864985783910844e+06 1.000060200691223145e+00
2.460864985850042664e+06 9.990534782409667969e-01
2.460864985916174017e+06 1.000141501426696777e+00
2.460864985982305836e+06 1.000549674034118652e+00
2.460864986048437189e+06 1.001494646072387695e+00
2.460864986114568543e+06 9.988973140716552734e-01
2.460864986180700362e+06 1.000069975852966309e+00
2.460864986246831715e+06 1.000320434570312500e+00
2.460864986312963534e+06 9.991347789764404297e-01
2.460864986379094888e+06 9.990876317024230957e-01
2.460864986445226707e+06 9.995413422584533691e-01
2.460864986511358060e+06 9.998145699501037598e-01
2.460864986577489879e+06 1.000056862831115723e+00
2.460864986643621232e+06 9.995365142822265625e-01
2.460864986709753051e+06 9.987932443618774414e-01
2.460864986775884405e+06 9.995169639587402344e-01
2.460864986842015758e+06 1.000866889953613281e+00
2.460864986908147577e+06 1.000674962997436523e+00
2.460864986974278931e+06 1.000034093856811523e+00
2.460864987040410750e+06 9.993901252746582031e-01
2.460864987106542103e+06 9.991852045059204102e-01
2.460864987172673922e+06 1.000494360923767090e+00
2.460864987238805275e+06 1.000302553176879883e+00
2.460864987304937094e+06 1.000455379486083984e+00
2.460864987371068448e+06 9.991412758827209473e-01
2.460864987437199801e+06 9.998292326927185059e-01
2.460864987503331620e+06 9.994974732398986816e-01
2.460864987569462974e+06 9.994388818740844727e-01
2.460864987635594793e+06 9.996031522750854492e-01
2.460864987701726146e+06 9.991591572761535645e-01
2.460864987767857965e+06 1.000297665596008301e+00
2.460864987833989318e+06 9.999691247940063477e-01
2.460864987900121137e+06 1.000479817390441895e+00
2.460864987966252491e+06 1.001320600509643555e+00
2.460864988032384310e+06 1.000553011894226074e+00
2.460864988098515663e+06 1.000470042228698730e+00
2.460864988164647017e+06 9.996682405471801758e-01
2.460864988230778836e+06 1.000749707221984863e+00
2.460864988296910189e+06 1.000847339630126953e+00
2.460864988363042008e+06 1.000887989997863770e+00
2.460864988429173362e+06 9.995803833007812500e-01
2.460864988495305181e+06 9.993982315063476562e-01
2.460864988561436534e+06 9.995006918907165527e-01
2.460864988627568353e+06 1.001530408859252930e+00
2.460864988693699706e+06 9.993494749069213867e-01
2.460864988759831060e+06 9.994421601295471191e-01
2.460864988825962879e+06 9.997300505638122559e-01
2.460864988892094232e+06 9.996454715728759766e-01
2.460864988958226051e+06 1.000460267066955566e+00
2.460864989024357405e+06 9.989753961563110352e-01
2.460864989090489224e+06 9.990485906600952148e-01
2.460864989156620577e+06 9.992713928222656250e-01
2.460864989222752396e+06 9.990144371986389160e-01
2.460864989288883749e+06 9.992665052413940430e-01
2.460864989355015568e+06 9.998942613601684570e-01
2.460864989421146922e+06 9.996356964111328125e-01
2.460864989487278275e+06 9.985378980636596680e-01
2.460864989553410094e+06 1.000912427902221680e+00
2.460864989619541448e+06 9.991998076438903809e-01
2.460864989685673267e+06 9.999024271965026855e-01
2.460864989751804620e+06 1.000403285026550293e+00
2.460864989817936439e+06 9.983329772949218750e-01
2.460864989884067792e+06 9.987883567810058594e-01
2.460864989950199611e+06 9.993950128555297852e-01
2.460864990016330965e+06 9.999821186065673828e-01
2.460864990082462318e+06 9.999593496322631836e-01
2.460864990148594137e+06 9.995365142822265625e-01
2.460864990214725491e+06 1.000362634658813477e+00
2.460864990280857310e+06 1.001096129417419434e+00
2.460864990346988663e+06 9.996649622917175293e-01
2.460864990413120482e+06 9.999203085899353027e-01
2.460864990479251835e+06 9.995527267456054688e-01
2.460864990545383655e+06 1.001128673553466797e+00
2.460864990611515008e+06 9.998763799667358398e-01
2.460864990677646827e+06 9.990974068641662598e-01
2.460864990743778180e+06 1.001250624656677246e+00
2.460864990809909534e+06 9.988957047462463379e-01
2.460864990876041353e+06 1.000091075897216797e+00
2.460864990942172706e+06 9.989526271820068359e-01
2.460864991008304525e+06 1.000330090522766113e+00
2.460864991074435879e+06 9.999951124191284180e-01
2.460864991140567698e+06 9.997690320014953613e-01
2.460864991206699051e+06 9.992957711219787598e-01
2.460864991272830870e+06 9.996405839920043945e-01
2.460864991338962223e+06 1.000715613365173340e+00
2.460864991405093577e+06 9.993738532066345215e-01
2.460864991471225396e+06 1.000604987144470215e+00
2.460864991537356749e+06 1.000517129898071289e+00
2.460864991603488568e+06 9.996731281280517578e-01
2.460864991669619922e+06 9.991494417190551758e-01
2.460864991735751741e+06 9.993917346000671387e-01
2.460864991801883094e+06 9.995706677436828613e-01
2.460864991868014913e+06 9.988892078399658203e-01
2.460864991934146266e+06 9.996324181556701660e-01
2.460864992000278085e+06 1.000065088272094727e+00
2.460864992066409439e+06 9.997446537017822266e-01
2.460864992132540792e+06 1.000224471092224121e+00
2.460864992198672611e+06 9.987265467643737793e-01
2.460864992264803965e+06 9.994421601295471191e-01
2.460864992330935784e+06 9.997901916503906250e-01
2.460864992397067137e+06 9.984679818153381348e-01
2.460864992463198956e+06 9.995803833007812500e-01
2.460864992529330309e+06 9.994080066680908203e-01
2.460864992595462129e+06 9.993705749511718750e-01
2.460864992661593482e+06 9.996470808982849121e-01
2.460864992727724835e+06 9.999511837959289551e-01
2.460864992793856654e+06 1.000557780265808105e+00
2.460864992859988008e+06 1.000281333923339844e+00
2.460864992926119827e+06 9.985525608062744141e-01
2.460864992992251180e+06 1.000032544136047363e+00
2.460864993058382999e+06 9.993396997451782227e-01
2.460864993124514353e+06 1.000134944915771484e+00
2.460864993190646172e+06 9.997251629829406738e-01
2.460864993256777525e+06 9.997446537017822266e-01
2.460864993322909344e+06 9.996145367622375488e-01
2.460864993389040697e+06 1.000416398048400879e+00
2.460864993455172051e+06 9.982760548591613770e-01
2.460864993521303870e+06 9.999593496322631836e-01
2.460864993587435223e+06 9.993624687194824219e-01
2.460864993653567042e+06 9.992470145225524902e-01
2.460864993719698396e+06 9.998942613601684570e-01
2.460864993785830215e+06 1.000710725784301758e+00
2.460864993851961568e+06 1.000609874725341797e+00
2.460864993918093387e+06 1.000808238983154297e+00
2.460864993984224740e+06 9.999544620513916016e-01
2.460864994050356094e+06 9.997528195381164551e-01
2.460864994116487913e+06 9.993917346000671387e-01
2.460864994182619266e+06 9.996324181556701660e-01
2.460864994248751085e+06 1.000081300735473633e+00
2.460864994314882439e+06 9.993722438812255859e-01
2.460864994381014258e+06 9.988225102424621582e-01
2.460864994447145611e+06 1.000692844390869141e+00
2.460864994513277430e+06 1.000352859497070312e+00
2.460864994579408783e+06 9.991006255149841309e-01
2.460864994645540603e+06 9.995055794715881348e-01
2.460864994711671956e+06 1.001112461090087891e+00
2.460864994777803309e+06 9.983752965927124023e-01
2.460864994843935128e+06 9.997462630271911621e-01
2.460864994910066482e+06 1.001047372817993164e+00
2.460864994976198301e+06 9.995738863945007324e-01
2.460864995042329654e+06 9.997804164886474609e-01
2.460864995108461473e+06 1.000326871871948242e+00
2.460864995174592827e+06 9.993136525154113770e-01
2.460864995240724646e+06 9.988469481468200684e-01
2.460864995306855999e+06 1.000213027000427246e+00
2.460864995372987352e+06 9.991347789764404297e-01
2.460864995439119171e+06 1.000334978103637695e+00
2.460864995505250525e+06 9.999397993087768555e-01
2.460864995571382344e+06 1.001133561134338379e+00
2.460864995637513697e+06 9.984159469604492188e-01
2.460864995703645516e+06 9.998211264610290527e-01
2.460864995769776870e+06 9.997820854187011719e-01
2.460864995835908689e+06 1.000154495239257812e+00
2.460864995902040042e+06 9.989038705825805664e-01
2.460864995968171861e+06 9.997609257698059082e-01
2.460864996034303214e+06 9.991526603698730469e-01
2.460864996100434568e+06 1.000437498092651367e+00
2.460864996166566387e+06 9.986322522163391113e-01
2.460864996232697740e+06 9.991657137870788574e-01
2.460864996298829559e+06 9.987802505493164062e-01
2.460864996364960913e+06 1.000604987144470215e+00
2.460864996431092732e+06 9.986485242843627930e-01
2.460864996497224085e+06 1.000058531761169434e+00
2.460864996563355904e+06 9.981866478919982910e-01
2.460864996629487257e+06 9.986143708229064941e-01
2.460864996695618611e+06 1.000243902206420898e+00
2.460864996761750430e+06 9.992860555648803711e-01
2.460864996827881783e+06 1.001286387443542480e+00
2.460864996894013602e+06 1.000362634658813477e+00
2.460864996960144956e+06 9.992177486419677734e-01
2.460864997026276775e+06 9.998341202735900879e-01
2.460864997092408128e+06 9.989022016525268555e-01
2.460864997158539947e+06 9.998308420181274414e-01
2.460864997224671301e+06 9.997234940528869629e-01
2.460864997290803120e+06 1.001240849494934082e+00
2.460864997356934473e+06 1.001104235649108887e+00
2.460864997423065826e+06 9.991168975830078125e-01
2.460864997489197645e+06 9.990242123603820801e-01
2.460864997555328999e+06 9.997853040695190430e-01
2.460864997621460818e+06 9.992144703865051270e-01
2.460864997687592171e+06 1.000896096229553223e+00
2.460864997753723990e+06 1.000613093376159668e+00
2.460864997819855344e+06 9.984403252601623535e-01
2.460864997885987163e+06 9.995576143264770508e-01
2.460864997952118516e+06 1.000139832496643066e+00
2.460864998018249869e+06 1.000300884246826172e+00
2.460864998084381688e+06 9.991331696510314941e-01
2.460864998150513042e+06 9.984809756278991699e-01
2.460864998216644861e+06 9.988014101982116699e-01
2.460864998282776214e+06 9.984143376350402832e-01
2.460864998348908033e+06 1.000396847724914551e+00
2.460864998415039387e+06 1.000000000000000000e+00
2.460864998481171206e+06 9.988355636596679688e-01
2.460864998547302559e+06 9.998796582221984863e-01
2.460864998613434378e+06 1.000489473342895508e+00
2.460864998679565731e+06 9.990469813346862793e-01
2.460864998745697085e+06 9.991657137870788574e-01
2.460864998811828904e+06 9.997251629829406738e-01
2.460864998877960257e+06 1.000421166419982910e+00
2.460864998944092076e+06 9.999739527702331543e-01
2.460864999010223430e+06 9.992111921310424805e-01
2.460864999076355249e+06 9.998731613159179688e-01
2.460864999142486602e+06 9.990160465240478516e-01
2.460864999208618421e+06 1.000670075416564941e+00
2.460864999274749774e+06 9.993673563003540039e-01
2.460864999340881128e+06 9.991754293441772461e-01
2.460864999407012947e+06 9.982923269271850586e-01
2.460864999473144300e+06 9.991624355316162109e-01
2.460864999539276119e+06 9.995592832565307617e-01
2.460864999605407473e+06 9.995267391204833984e-01
2.460864999671539292e+06 1.000229358673095703e+00
2.460864999737670645e+06 9.996048212051391602e-01
2.460864999803802464e+06 1.000549674034118652e+00
2.460864999869933818e+06 9.995852708816528320e-01
2.460864999936065637e+06 1.000611543655395508e+00
2.460865000002196990e+06 9.985899329185485840e-01
2.460865000068328343e+06 1.000891208648681641e+00
2.460865000134460162e+06 1.000926971435546875e+00
2.460865000200591516e+06 9.985460638999938965e-01
2.460865000266723335e+06 9.999414682388305664e-01
2.460865000332854688e+06 9.998666644096374512e-01
2.460865000398986507e+06 1.000709056854248047e+00
2.460865000465117861e+06 1.000071525573730469e+00
2.460865000531249680e+06 9.998552799224853516e-01
2.460865000597381033e+06 1.000626087188720703e+00
2.460865000663512386e+06 1.000021100044250488e+00
2.460865000729644205e+06 1.001385688781738281e+00
2.460865000795775559e+06 1.000174045562744141e+00
2.460865000861907378e+06 1.000474929809570312e+00
2.460865000928038731e+06 9.994340538978576660e-01
2.460865000994170550e+06 1.000792026519775391e+00
2.460865001060301904e+06 9.993006587028503418e-01
2.460865001126433723e+06 9.981541037559509277e-01
2.460865001192565076e+06 9.993120431900024414e-01
2.460865001258696429e+06 9.993787407875061035e-01
2.460865001324828248e+06 9.990550875663757324e-01
2.460865001390959602e+06 1.000126838684082031e+00
2.460865001457091421e+06 9.997642040252685547e-01
2.460865001523222774e+06 9.985509514808654785e-01
2.460865001589354593e+06 9.983769059181213379e-01
2.460865001655485947e+06 1.000769257545471191e+00
2.460865001721617766e+06 1.000496029853820801e+00
2.460865001787749119e+06 1.000297665596008301e+00
2.460865001853880938e+06 9.981443285942077637e-01
2.460865001920012292e+06 9.982045292854309082e-01
2.460865001986143645e+06 1.000089406967163086e+00
2.460865002052275464e+06 1.000289440155029297e+00
2.460865002118406817e+06 9.992908835411071777e-01
2.460865002184538636e+06 9.994177818298339844e-01
2.460865002250669990e+06 9.997755885124206543e-01
2.460865002316801809e+06 9.997901916503906250e-01
2.460865002382933162e+06 9.991900920867919922e-01
2.460865002449064981e+06 9.993510842323303223e-01
2.460865002515196335e+06 9.990518689155578613e-01
2.460865002581328154e+06 9.988046288490295410e-01
2.460865002647459507e+06 9.999853372573852539e-01
2.460865002713590860e+06 1.001014828681945801e+00
2.460865002779722679e+06 9.996812343597412109e-01
2.460865002845854033e+06 1.000276446342468262e+00
2.460865002911985852e+06 1.000739932060241699e+00
2.460865002978117205e+06 9.996958971023559570e-01
2.460865003044249024e+06 9.991445541381835938e-01
2.460865003110380378e+06 9.993299245834350586e-01
2.460865003176512197e+06 9.995722770690917969e-01
2.460865003242643550e+06 9.997658133506774902e-01
2.460865003308774903e+06 9.992339611053466797e-01
2.460865003374906722e+06 9.998812675476074219e-01
2.460865003441038076e+06 9.988209009170532227e-01
2.460865003507169895e+06 1.000032544136047363e+00
2.460865003573301248e+06 9.999609589576721191e-01
2.460865003639433067e+06 1.000702619552612305e+00
2.460865003705564421e+06 9.992437362670898438e-01
2.460865003771696240e+06 9.986761808395385742e-01
2.460865003837827593e+06 9.999739527702331543e-01
2.460865003903958946e+06 9.995430111885070801e-01
2.460865003970090766e+06 1.000242352485656738e+00
2.460865004036222119e+06 1.000382184982299805e+00
2.460865004102353938e+06 9.991412758827209473e-01
2.460865004168485291e+06 9.998243451118469238e-01
2.460865004234617110e+06 9.996991157531738281e-01
2.460865004300748464e+06 9.986257553100585938e-01
2.460865004366880283e+06 1.000364303588867188e+00
2.460865004433011636e+06 1.000048756599426270e+00
2.460865004499143455e+06 1.000162601470947266e+00
2.460865004565274809e+06 9.991575479507446289e-01
2.460865004631406162e+06 9.993836283683776855e-01
2.460865004697537981e+06 9.989526271820068359e-01
2.460865004763669334e+06 9.993526935577392578e-01
2.460865004829801153e+06 9.996308088302612305e-01
2.460865004895932507e+06 9.991477727890014648e-01
2.460865004962064326e+06 9.988762140274047852e-01
2.460865005028195679e+06 9.998698830604553223e-01
2.460865005094327498e+06 9.995462298393249512e-01
2.460865005160458852e+06 9.987428188323974609e-01
2.460865005226590205e+06 9.993396997451782227e-01
2.460865005292722024e+06 1.000095963478088379e+00
2.460865005358853377e+06 9.988697171211242676e-01
2.460865005424985196e+06 9.993478059768676758e-01
2.460865005491116550e+06 9.996698498725891113e-01
2.460865005557248369e+06 9.999821186065673828e-01
2.460865005623379722e+06 9.998617768287658691e-01
2.460865005689511541e+06 9.990518689155578613e-01
2.460865005755642895e+06 1.000094294548034668e+00
2.460865005821774714e+06 1.010280132293701172e+00
2.460865005887906067e+06 9.989184737205505371e-01
2.460865005954037420e+06 1.000279784202575684e+00
2.460865006020169239e+06 9.999463558197021484e-01
2.460865006086300593e+06 9.990258216857910156e-01
2.460865006152432412e+06 9.990307092666625977e-01
2.460865006218563765e+06 9.991510510444641113e-01
2.460865006284695584e+06 9.995722770690917969e-01
2.460865006350826938e+06 9.999024271965026855e-01
2.460865006416958757e+06 9.992307424545288086e-01
2.460865006483090110e+06 9.992144703865051270e-01
2.460865006549221464e+06 9.987119436264038086e-01
2.460865006615353283e+06 9.993819594383239746e-01
2.460865006681484636e+06 9.993332028388977051e-01
2.460865006747616455e+06 9.995592832565307617e-01
2.460865006813747808e+06 9.998894333839416504e-01
2.460865006879879627e+06 9.985623359680175781e-01
2.460865006946010981e+06 9.985086321830749512e-01
2.460865007012142800e+06 9.990144371986389160e-01
2.460865007078274153e+06 9.984842538833618164e-01
2.460865007144405972e+06 9.994388818740844727e-01
2.460865007210537326e+06 1.000271558761596680e+00
2.460865007276668679e+06 1.000440716743469238e+00
2.460865007342800498e+06 9.985314011573791504e-01
2.460865007408931851e+06 9.998373389244079590e-01
2.460865007475063670e+06 9.992794990539550781e-01
2.460865007541195024e+06 9.991754293441772461e-01
2.460865007607326843e+06 9.992079734802246094e-01
2.460865007673458196e+06 1.000073194503784180e+00
2.460865007739590015e+06 1.000834345817565918e+00
2.460865007805721369e+06 1.000826239585876465e+00
2.460865007871852722e+06 9.995560050010681152e-01
2.460865007937984541e+06 9.992274641990661621e-01
2.460865008004115894e+06 9.991884231567382812e-01
2.460865008070247713e+06 1.000761151313781738e+00
2.460865008136379067e+06 9.997642040252685547e-01
2.460865008202510886e+06 9.984598755836486816e-01
2.460865008268642239e+06 1.000094294548034668e+00
2.460865008334774058e+06 1.000774145126342773e+00
2.460865008400905412e+06 9.986712932586669922e-01
2.460865008467036765e+06 9.994161128997802734e-01
2.460865008533168584e+06 1.000304102897644043e+00
2.460865008599299937e+06 9.997267723083496094e-01
2.460865008665431757e+06 9.993885159492492676e-01
2.460865008731563110e+06 9.995885491371154785e-01
2.460865008797694929e+06 9.999316930770874023e-01
2.460865008863826282e+06 9.990648627281188965e-01
2.460865008929958101e+06 9.987558722496032715e-01
2.460865008996089455e+06 9.994421601295471191e-01
2.460865009062221274e+06 9.991884231567382812e-01
2.460865009128352627e+06 1.000595211982727051e+00
2.460865009194483981e+06 9.991412758827209473e-01
2.460865009260615800e+06 9.995283484458923340e-01
2.460865009326747153e+06 9.987867474555969238e-01
2.460865009392878972e+06 1.000006556510925293e+00
2.460865009459010325e+06 1.000112175941467285e+00
2.460865009525142144e+06 9.998910427093505859e-01
2.460865009591273498e+06 9.993006587028503418e-01
2.460865009657405317e+06 1.000357747077941895e+00
2.460865009723536670e+06 9.998292326927185059e-01
2.460865009789668024e+06 1.000461935997009277e+00
2.460865009855799843e+06 9.995738863945007324e-01
2.460865009921931196e+06 1.000165939331054688e+00
2.460865009988063015e+06 9.998975396156311035e-01
2.460865010054194368e+06 9.994454383850097656e-01
2.460865010120326187e+06 9.994600415229797363e-01
2.460865010186457541e+06 9.993966221809387207e-01
2.460865010252589360e+06 1.000073194503784180e+00
2.460865010318720713e+06 9.996178150177001953e-01
2.460865010384852532e+06 9.998031854629516602e-01
2.460865010450983886e+06 9.996633529663085938e-01
2.460865010517115239e+06 1.000056862831115723e+00
2.460865010583247058e+06 9.991559386253356934e-01
2.460865010649378411e+06 9.988566637039184570e-01
2.460865010715510231e+06 9.992258548736572266e-01
2.460865010781641584e+06 9.987005591392517090e-01
2.460865010847773403e+06 9.985086321830749512e-01
2.460865010913904756e+06 9.996178150177001953e-01
2.460865010980036575e+06 9.995934367179870605e-01
2.460865011046167929e+06 9.989965558052062988e-01
2.460865011112299282e+06 9.993917346000671387e-01
2.460865011178431101e+06 9.983866810798645020e-01
2.460865011244562455e+06 9.995625019073486328e-01
2.460865011310694274e+06 1.000050425529479980e+00
2.460865011376825627e+06 9.992876648902893066e-01
2.460865011442957446e+06 9.987802505493164062e-01
2.460865011509088799e+06 9.984077811241149902e-01
2.460865011575220618e+06 9.996389746665954590e-01
2.460865011641351972e+06 9.998471140861511230e-01
2.460865011707483791e+06 9.992274641990661621e-01
2.460865011773615144e+06 9.991071224212646484e-01
2.460865011839746498e+06 9.993478059768676758e-01
2.460865011905878317e+06 9.995950460433959961e-01
2.460865011972009670e+06 9.983801841735839844e-01
2.460865012038141489e+06 1.000008106231689453e+00
2.460865012104272842e+06 9.998698830604553223e-01
2.460865012170404661e+06 9.993364214897155762e-01
2.460865012236536015e+06 9.995673894882202148e-01
2.460865012302667834e+06 1.000047206878662109e+00
2.460865012368799187e+06 9.999040365219116211e-01
2.460865012434930541e+06 1.000032544136047363e+00
2.460865012501062360e+06 9.991282820701599121e-01
2.460865012567193713e+06 9.995738863945007324e-01
2.460865012633325532e+06 1.000474929809570312e+00
2.460865012699456885e+06 9.990144371986389160e-01
2.460865012765588704e+06 9.992827773094177246e-01
2.460865012831720058e+06 1.000923752784729004e+00
2.460865012897851877e+06 9.993478059768676758e-01
2.460865012963983230e+06 1.000315546989440918e+00
2.460865013030114584e+06 9.996958971023559570e-01
2.460865013096246403e+06 1.000518798828125000e+00
2.460865013162377756e+06 9.978255629539489746e-01
2.460865013228509575e+06 9.992405176162719727e-01
2.460865013294640929e+06 9.999658465385437012e-01
2.460865013360772748e+06 9.985948204994201660e-01
2.460865013426904101e+06 9.989445209503173828e-01
2.460865013493035920e+06 9.999609589576721191e-01
2.460865013559167273e+06 9.985997080802917480e-01
2.460865013625298627e+06 9.995234608650207520e-01
2.460865013691430446e+06 9.992193579673767090e-01
2.460865013757561799e+06 9.987704753875732422e-01
2.460865013823693618e+06 9.990485906600952148e-01
2.460865013889824972e+06 9.995478987693786621e-01
2.460865013955956791e+06 1.000019550323486328e+00
2.460865014022088144e+06 9.983492493629455566e-01
2.460865014088219963e+06 1.000009775161743164e+00
2.460865014154351316e+06 9.994356632232666016e-01
2.460865014220483135e+06 1.000139832496643066e+00
2.460865014286614489e+06 9.998422265052795410e-01
2.460865014352745842e+06 9.998308420181274414e-01
2.460865014418877661e+06 1.000097632408142090e+00
2.460865014485009015e+06 9.991770982742309570e-01
2.460865014551140834e+06 9.987444877624511719e-01
2.460865014617272187e+06 9.999463558197021484e-01
2.460865014683404006e+06 1.000048756599426270e+00
2.460865014749535359e+06 9.993315935134887695e-01
2.460865014815667178e+06 9.991981983184814453e-01
2.460865014881798532e+06 9.998211264610290527e-01
2.460865014947929885e+06 9.994177818298339844e-01
2.460865015014061704e+06 1.000644087791442871e+00
2.460865015080193058e+06 9.996877312660217285e-01
2.460865015146324877e+06 9.987948536872863770e-01
2.460865015212456230e+06 1.000270009040832520e+00
2.460865015278588049e+06 9.993819594383239746e-01
2.460865015344719402e+06 9.992892742156982422e-01
2.460865015410851222e+06 9.989184737205505371e-01
2.460865015476982575e+06 1.001001834869384766e+00
2.460865015543114394e+06 1.000613093376159668e+00
2.460865015609245747e+06 9.988144040107727051e-01
2.460865015675377101e+06 9.996779561042785645e-01
2.460865015741508920e+06 9.995560050010681152e-01
2.460865015807640273e+06 9.995917677879333496e-01
2.460865015873772092e+06 9.997853040695190430e-01
2.460865015939903446e+06 1.000195145606994629e+00
2.460865016006035265e+06 9.985557794570922852e-01
2.460865016072166618e+06 9.989168643951416016e-01
2.460865016138298437e+06 9.997642040252685547e-01
2.460865016204429790e+06 9.997544288635253906e-01
2.460865016270561144e+06 9.997658133506774902e-01
2.460865016336692963e+06 9.995267391204833984e-01
2.460865016402824316e+06 9.995576143264770508e-01
2.460865016468956135e+06 1.000076413154602051e+00
2.460865016535087489e+06 9.984614849090576172e-01
2.460865016601219308e+06 9.990339279174804688e-01
2.460865016667350661e+06 9.995088577270507812e-01
2.460865016733482480e+06 9.992046952247619629e-01
2.460865016799613833e+06 9.990518689155578613e-01
2.460865016865745187e+06 9.992892742156982422e-01
2.460865016931877006e+06 1.000043869018554688e+00
2.460865016998008359e+06 9.992388486862182617e-01
2.460865017064140178e+06 1.000595211982727051e+00
2.460865017130271532e+06 9.997528195381164551e-01
2.460865017196403351e+06 9.999723434448242188e-01
2.460865017262534704e+06 9.982045292854309082e-01
2.460865017328666523e+06 1.000313878059387207e+00
2.460865017394797876e+06 9.992274641990661621e-01
2.460865017460929696e+06 1.001045703887939453e+00
2.460865017527061049e+06 9.993494749069213867e-01
2.460865017593192402e+06 9.992681145668029785e-01
2.460865017659324221e+06 9.986972808837890625e-01
2.460865017725455575e+06 9.994990825653076172e-01
2.460865017791587394e+06 9.988534450531005859e-01
2.460865017857718747e+06 9.996845126152038574e-01
2.460865017923850566e+06 1.000258564949035645e+00
2.460865017989981920e+06 1.000294327735900879e+00
2.460865018056113739e+06 1.000154495239257812e+00
2.460865018122245092e+06 1.000617980957031250e+00
2.460865018188376445e+06 9.999560713768005371e-01
2.460865018254508264e+06 9.994454383850097656e-01
2.460865018320639618e+06 9.998259544372558594e-01
2.460865018386771437e+06 9.998064637184143066e-01
2.460865018452902790e+06 1.000295996665954590e+00
2.460865018519034609e+06 9.999609589576721191e-01
2.460865018585165963e+06 9.996291995048522949e-01
2.460865018651297782e+06 9.991868138313293457e-01
2.460865018717429135e+06 9.989363551139831543e-01
2.460865018783560488e+06 9.996551871299743652e-01
2.460865018849692307e+06 9.993461966514587402e-01
2.460865018915823661e+06 1.000487923622131348e+00
2.460865018981955480e+06 9.984533190727233887e-01
2.460865019048086833e+06 9.993445873260498047e-01
2.460865019114218652e+06 9.994210004806518555e-01
2.460865019180350006e+06 1.000162601470947266e+00
2.460865019246481825e+06 9.993022680282592773e-01
2.460865019312613178e+06 9.982956051826477051e-01
2.460865019378744997e+06 9.986907839775085449e-01
2.460865019444876350e+06 9.991803169250488281e-01
2.460865019511007704e+06 1.000307321548461914e+00
2.460865019577139523e+06 9.992957711219787598e-01
2.460865019643270876e+06 9.988355636596679688e-01
2.460865019709402695e+06 9.996194243431091309e-01
2.460865019775534049e+06 1.000476479530334473e+00
2.460865019841665868e+06 9.994958043098449707e-01
2.460865019907797221e+06 9.989981651306152344e-01
2.460865019973929040e+06 1.000208139419555664e+00
2.460865020040060394e+06 9.978954792022705078e-01
2.460865020106191747e+06 9.987054467201232910e-01
2.460865020172323566e+06 9.985070228576660156e-01
2.460865020238454919e+06 1.000043869018554688e+00
2.460865020304586738e+06 9.998308420181274414e-01
2.460865020370718092e+06 9.986338615417480469e-01
2.460865020436849911e+06 9.987688660621643066e-01
2.460865020502981264e+06 1.000118732452392578e+00
2.460865020569113083e+06 9.994893074035644531e-01
2.460865020635244437e+06 9.990225434303283691e-01
2.460865020701375790e+06 1.000230908393859863e+00
2.460865020767507609e+06 9.996048212051391602e-01
2.460865020833638962e+06 9.990908503532409668e-01
2.460865020899770781e+06 9.999625682830810547e-01
2.460865020965902135e+06 9.989396333694458008e-01
2.460865021032033954e+06 9.998845458030700684e-01
2.460865021098165307e+06 9.994356632232666016e-01
2.460865021164297126e+06 9.994047284126281738e-01
2.460865021230428480e+06 9.992356300354003906e-01
2.460865021296560299e+06 1.000603318214416504e+00
2.460865021362691652e+06 9.993445873260498047e-01
2.460865021428823005e+06 9.999967217445373535e-01
2.460865021494954824e+06 9.990957379341125488e-01
2.460865021561086178e+06 1.000121951103210449e+00
2.460865021627217997e+06 9.977800250053405762e-01
2.460865021693349350e+06 9.994828104972839355e-01
2.460865021759481169e+06 1.000219583511352539e+00
2.460865021825612523e+06 1.000035762786865234e+00
2.460865021891744342e+06 9.998097419738769531e-01
2.460865021957875695e+06 1.000328540802001953e+00
2.460865022024007048e+06 1.000863552093505859e+00
2.460865022090138867e+06 9.996682405471801758e-01
2.460865022156270221e+06 9.999853372573852539e-01
2.460865022222402040e+06 9.986956715583801270e-01
2.460865022288533393e+06 1.000668406486511230e+00
2.460865022354665212e+06 9.994047284126281738e-01
2.460865022420796566e+06 9.990680813789367676e-01
2.460865022486928385e+06 9.995527267456054688e-01
2.460865022553059738e+06 9.992486238479614258e-01
2.460865022619191557e+06 9.993543624877929688e-01
2.460865022685322911e+06 9.997966885566711426e-01
2.460865022751454264e+06 9.993852376937866211e-01
2.460865022817586083e+06 1.000030875205993652e+00
2.460865022883717436e+06 9.997804164886474609e-01
2.460865022949849255e+06 9.985330104827880859e-01
2.460865023015980609e+06 9.994177818298339844e-01
2.460865023082112428e+06 9.988534450531005859e-01
2.460865023148243781e+06 9.988583326339721680e-01
2.460865023214375600e+06 9.986224770545959473e-01
2.460865023280506954e+06 9.980012178421020508e-01
2.460865023346638307e+06 1.000561118125915527e+00
2.460865023412770126e+06 9.991494417190551758e-01
2.460865023478901479e+06 9.991998076438903809e-01
2.460865023545033298e+06 9.993982315063476562e-01
2.460865023611164652e+06 1.000448822975158691e+00
2.460865023677296471e+06 9.996861219406127930e-01
2.460865023743427824e+06 9.998910427093505859e-01
2.460865023809559643e+06 9.982777237892150879e-01
2.460865023875690997e+06 9.987558722496032715e-01
2.460865023941822350e+06 9.996308088302612305e-01
2.460865024007954169e+06 9.995495080947875977e-01
2.460865024074085522e+06 9.993478059768676758e-01
2.460865024140217341e+06 1.000097632408142090e+00
2.460865024206348695e+06 9.993494749069213867e-01
2.460865024272480514e+06 9.997576475143432617e-01
2.460865024338611867e+06 9.988273978233337402e-01
2.460865024404743686e+06 9.996535778045654297e-01
2.460865024470875040e+06 9.988485574722290039e-01
2.460865024537006393e+06 1.000497698783874512e+00
2.460865024603138212e+06 9.994063973426818848e-01
2.460865024669269565e+06 9.994551539421081543e-01
2.460865024735401385e+06 9.992128610610961914e-01
2.460865024801532738e+06 9.994600415229797363e-01
2.460865024867664557e+06 9.996617436408996582e-01
2.460865024933795910e+06 9.996048212051391602e-01
2.460865024999927729e+06 1.000556230545043945e+00
2.460865025066059083e+06 9.996340870857238770e-01
2.460865025132190902e+06 1.000759482383728027e+00
2.460865025198322255e+06 1.000019550323486328e+00
2.460865025264453609e+06 9.994600415229797363e-01
2.460865025330585428e+06 9.981443285942077637e-01
2.460865025396716781e+06 9.997023940086364746e-01
2.460865025462848600e+06 9.995478987693786621e-01
2.460865025528979953e+06 9.987282156944274902e-01
2.460865025595111772e+06 9.989494085311889648e-01
2.460865025661243126e+06 9.992242455482482910e-01
2.460865025727374945e+06 9.999089241027832031e-01
2.460865025793506298e+06 9.988062381744384766e-01
2.460865025859637652e+06 9.997609257698059082e-01
2.460865025925769471e+06 9.996975064277648926e-01
2.460865025991900824e+06 9.991965889930725098e-01
2.460865026058032643e+06 9.995365142822265625e-01
2.460865026124163996e+06 9.996845126152038574e-01
2.460865026190295815e+06 9.988664388656616211e-01
2.460865026256427169e+06 9.988843202590942383e-01
2.460865026322558988e+06 1.000078082084655762e+00
2.460865026388690341e+06 9.987737536430358887e-01
2.460865026454821695e+06 9.990274310111999512e-01
2.460865026520953514e+06 1.000414729118347168e+00
2.460865026587084867e+06 9.990307092666625977e-01
2.460865026653216686e+06 9.997999668121337891e-01
2.460865026719348039e+06 1.000243902206420898e+00
2.460865026785479859e+06 9.999625682830810547e-01
2.460865026851611212e+06 9.993885159492492676e-01
2.460865026917743031e+06 9.995137453079223633e-01
2.460865026983874384e+06 9.996714591979980469e-01
2.460865027050006203e+06 9.994031190872192383e-01
2.460865027116137557e+06 9.991266727447509766e-01
2.460865027182268910e+06 1.000121951103210449e+00
2.460865027248400729e+06 9.989900588989257812e-01
2.460865027314532083e+06 9.990534782409667969e-01
2.460865027380663902e+06 1.000378966331481934e+00
2.460865027446795255e+06 9.997885823249816895e-01
2.460865027512927074e+06 9.988599419593811035e-01
2.460865027579058427e+06 9.985427856445312500e-01
2.460865027645190246e+06 9.989086985588073730e-01
2.460865027711321600e+06 1.000388741493225098e+00
2.460865027777452953e+06 9.992063641548156738e-01
2.460865027843584772e+06 9.982483983039855957e-01
2.460865027909716126e+06 1.000195145606994629e+00
2.460865027975847945e+06 9.991543292999267578e-01
2.460865028041979298e+06 9.999739527702331543e-01
2.460865028108111117e+06 9.991998076438903809e-01
2.460865028174242470e+06 9.992470145225524902e-01
2.460865028240374289e+06 9.997593164443969727e-01
2.460865028306505643e+06 9.987477064132690430e-01
2.460865028372636996e+06 9.993380904197692871e-01
2.460865028438768815e+06 1.000071525573730469e+00
2.460865028504900169e+06 1.000079631805419922e+00
2.460865028571031988e+06 9.984387159347534180e-01
2.460865028637163341e+06 9.986566305160522461e-01
2.460865028703295160e+06 1.000045537948608398e+00
2.460865028769426513e+06 9.996373057365417480e-01
2.460865028835558333e+06 9.997723102569580078e-01
2.460865028901689686e+06 9.983817934989929199e-01
2.460865028967821039e+06 1.000043869018554688e+00
2.460865029033952858e+06 1.000492811203002930e+00
2.460865029100084212e+06 9.983720183372497559e-01
2.460865029166216031e+06 1.000105738639831543e+00
2.460865029232347384e+06 1.000278115272521973e+00
2.460865029298479203e+06 9.994714260101318359e-01
2.460865029364610557e+06 1.000292778015136719e+00
2.460865029430742376e+06 9.986729025840759277e-01
2.460865029496873729e+06 9.996421933174133301e-01
2.460865029563005548e+06 9.996064305305480957e-01
2.460865029629136901e+06 1.000073194503784180e+00
2.460865029695268255e+06 9.991494417190551758e-01
2.460865029761400074e+06 9.995982646942138672e-01
2.460865029827531427e+06 9.994730353355407715e-01
2.460865029893663246e+06 9.991998076438903809e-01
2.460865029959794600e+06 9.985378980636596680e-01
2.460865030025926419e+06 1.000063419342041016e+00
2.460865030092057772e+06 9.990501999855041504e-01
2.460865030158189591e+06 9.990957379341125488e-01
2.460865030224320944e+06 9.986257553100585938e-01
2.460865030290452298e+06 9.988550543785095215e-01
2.460865030356584117e+06 9.991039037704467773e-01
2.460865030422715470e+06 9.994307756423950195e-01
2.460865030488847289e+06 9.994535446166992188e-01
2.460865030554978643e+06 9.984484910964965820e-01
2.460865030621110462e+06 9.994096159934997559e-01
2.460865030687241815e+06 1.003847956657409668e+00
2.460865030753373634e+06 9.995999336242675781e-01
2.460865030819504987e+06 9.994600415229797363e-01
2.460865030885636341e+06 9.983834028244018555e-01
2.460865030951768160e+06 9.994193911552429199e-01
2.460865031017899513e+06 9.998064637184143066e-01
2.460865031084031332e+06 9.983801841735839844e-01
2.460865031150162686e+06 9.990388154983520508e-01
2.460865031216294505e+06 9.998373389244079590e-01
2.460865031282425858e+06 9.987542033195495605e-01
2.460865031348557677e+06 1.000302553176879883e+00
2.460865031414689030e+06 1.000632643699645996e+00
2.460865031480820850e+06 9.996113181114196777e-01
2.460865031546952203e+06 9.989086985588073730e-01
2.460865031613083556e+06 9.992291331291198730e-01
2.460865031679215375e+06 9.984517097473144531e-01
2.460865031745346729e+06 9.999446868896484375e-01
2.460865031811478548e+06 9.999154210090637207e-01
2.460865031877609901e+06 9.987233281135559082e-01
2.460865031943741720e+06 1.000138282775878906e+00
2.460865032009873074e+06 9.991819262504577637e-01
2.460865032076004893e+06 9.991575479507446289e-01
2.460865032142136246e+06 9.996649622917175293e-01
2.460865032208267599e+06 1.000632643699645996e+00
2.460865032274399418e+06 9.993624687194824219e-01
2.460865032340530772e+06 9.996845126152038574e-01
2.460865032406662591e+06 9.997283816337585449e-01
2.460865032472793944e+06 1.000733494758605957e+00
2.460865032538925763e+06 9.986940622329711914e-01
2.460865032605057117e+06 9.994795918464660645e-01
2.460865032671188936e+06 1.000011324882507324e+00
2.460865032737320289e+06 9.991510510444641113e-01
2.460865032803451642e+06 1.000079631805419922e+00
2.460865032869583461e+06 9.980597496032714844e-01
2.460865032935714815e+06 9.987086653709411621e-01
2.460865033001846634e+06 9.996454715728759766e-01
2.460865033067977987e+06 1.000118732452392578e+00
2.460865033134109806e+06 9.988550543785095215e-01
2.460865033200241160e+06 9.994893074035644531e-01
2.460865033266372979e+06 9.990729689598083496e-01
2.460865033332504332e+06 9.983460307121276855e-01
2.460865033398635685e+06 9.998211264610290527e-01
2.460865033464767504e+06 9.998520016670227051e-01
2.460865033530898858e+06 9.989705085754394531e-01
2.460865033597030677e+06 9.990827441215515137e-01
2.460865033663162030e+06 9.990372061729431152e-01
2.460865033729293849e+06 9.993852376937866211e-01
2.460865033795425203e+06 9.995836615562438965e-01
2.460865033861557022e+06 9.990876317024230957e-01
2.460865033927688375e+06 9.994730353355407715e-01
2.460865033993819728e+06 9.981476068496704102e-01
2.460865034059951548e+06 9.989038705825805664e-01
2.460865034126082901e+06 9.994128942489624023e-01
2.460865034192214720e+06 1.000834345817565918e+00
2.460865034258346073e+06 1.000655412673950195e+00
2.460865034324477892e+06 9.993917346000671387e-01
2.460865034390609246e+06 9.994649291038513184e-01
2.460865034456741065e+06 9.999479651451110840e-01
2.460865034522872418e+06 9.996991157531738281e-01
2.460865034589004237e+06 9.995088577270507812e-01
2.460865034655135591e+06 9.987655878067016602e-01
2.460865034721266944e+06 9.997999668121337891e-01
2.460865034787398763e+06 9.998292326927185059e-01
2.460865034853530116e+06 9.992030858993530273e-01
2.460865034919661935e+06 1.001047372817993164e+00
2.460865034985793289e+06 1.000437498092651367e+00
2.460865035051925108e+06 9.983671307563781738e-01
2.460865035118056461e+06 9.993999004364013672e-01
2.460865035184188280e+06 9.999853372573852539e-01
2.460865035250319634e+06 9.994893074035644531e-01
2.460865035316450987e+06 9.993088245391845703e-01
2.460865035382582806e+06 9.992519021034240723e-01
2.460865035448714159e+06 1.000128507614135742e+00
2.460865035514845978e+06 9.994096159934997559e-01
2.460865035580977332e+06 1.000299215316772461e+00
2.460865035647109151e+06 9.992794990539550781e-01
2.460865035713240504e+06 9.986306428909301758e-01
2.460865035779372323e+06 9.989135861396789551e-01
2.460865035845503677e+06 9.985785484313964844e-01
2.460865035911635030e+06 1.000528573989868164e+00
2.460865035977766849e+06 1.000461935997009277e+00
2.460865036043898202e+06 9.991900920867919922e-01
2.460865036110030022e+06 9.986127018928527832e-01
2.460865036176161375e+06 9.985883235931396484e-01
2.460865036242293194e+06 9.990323185920715332e-01
2.460865036308424547e+06 1.000470042228698730e+00
2.460865036374556366e+06 9.988209009170532227e-01
2.460865036440687720e+06 9.992046952247619629e-01
2.460865036506819539e+06 9.995868802070617676e-01
2.460865036572950892e+06 9.989347457885742188e-01
2.460865036639082246e+06 9.995218515396118164e-01
2.460865036705214065e+06 9.990746378898620605e-01
2.460865036771345418e+06 9.982956051826477051e-01
2.460865036837477237e+06 9.990453124046325684e-01
2.460865036903608590e+06 9.992778897285461426e-01
2.460865036969740409e+06 1.000117063522338867e+00
2.460865037035871763e+06 1.000014662742614746e+00
2.460865037102003582e+06 9.992405176162719727e-01
2.460865037168134935e+06 9.993022680282592773e-01
2.460865037234266289e+06 9.995495080947875977e-01
2.460865037300398108e+06 9.996389746665954590e-01
2.460865037366529461e+06 9.997479319572448730e-01
2.460865037432661280e+06 9.996129274368286133e-01
2.460865037498792633e+06 9.992405176162719727e-01
2.460865037564924452e+06 9.986907839775085449e-01
2.460865037631055806e+06 9.990437030792236328e-01
2.460865037697187625e+06 9.986127018928527832e-01
2.460865037763318978e+06 9.994649291038513184e-01
2.460865037829450332e+06 9.995365142822265625e-01
2.460865037895582151e+06 9.991819262504577637e-01
2.460865037961713504e+06 9.999430775642395020e-01
2.460865038027845323e+06 9.987282156944274902e-01
2.460865038093976676e+06 9.982711672782897949e-01
2.460865038160108496e+06 1.000263452529907227e+00
2.460865038226239849e+06 9.989705085754394531e-01
2.460865038292371668e+06 9.996275901794433594e-01
2.460865038358503021e+06 9.994177818298339844e-01
2.460865038424634375e+06 9.995185732841491699e-01
2.460865038490766194e+06 1.000206589698791504e+00
2.460865038556897547e+06 9.984695911407470703e-01
2.460865038623029366e+06 9.983069896697998047e-01
2.460865038689160720e+06 9.984940290451049805e-01
2.460865038755292539e+06 9.986989498138427734e-01
2.460865038821423892e+06 9.989981651306152344e-01
2.460865038887555711e+06 1.000265121459960938e+00
2.460865038953687064e+06 9.984679818153381348e-01
2.460865039019818418e+06 9.993836283683776855e-01
2.460865039085950237e+06 9.987818598747253418e-01
2.460865039152081590e+06 9.994470477104187012e-01
2.460865039218213409e+06 9.988225102424621582e-01
2.460865039284344763e+06 9.990583658218383789e-01
2.460865039350476582e+06 9.995462298393249512e-01
2.460865039416607935e+06 9.995316267013549805e-01
2.460865039482739754e+06 9.997723102569580078e-01
2.460865039548871107e+06 9.986534118652343750e-01
2.460865039615002461e+06 9.996926188468933105e-01
2.460865039681134280e+06 9.996064305305480957e-01
2.460865039747265633e+06 1.000125169754028320e+00
2.460865039813397452e+06 9.999902248382568359e-01
2.460865039879528806e+06 9.997495412826538086e-01
2.460865039945660625e+06 9.992014765739440918e-01
2.460865040011791978e+06 9.988469481468200684e-01
2.460865040077923797e+06 9.999397993087768555e-01
2.460865040144055150e+06 1.000291109085083008e+00
2.460865040210186969e+06 9.998617768287658691e-01
2.460865040276318323e+06 1.000201702117919922e+00
2.460865040342449676e+06 9.991998076438903809e-01
2.460865040408581495e+06 9.986387491226196289e-01
2.460865040474712849e+06 9.992941617965698242e-01
2.460865040540844668e+06 9.987590909004211426e-01
2.460865040606976021e+06 9.998780488967895508e-01
2.460865040673107840e+06 9.995820522308349609e-01
2.460865040739239193e+06 9.989119768142700195e-01
2.460865040805371013e+06 9.990550875663757324e-01
2.460865040871502366e+06 1.000091075897216797e+00
2.460865040937633719e+06 9.995689988136291504e-01
2.460865041003765538e+06 9.986062049865722656e-01
2.460865041069896892e+06 9.995430111885070801e-01
2.460865041136028711e+06 9.983980655670166016e-01
2.460865041202160064e+06 1.009662151336669922e+00
2.460865041268291883e+06 9.992583990097045898e-01
2.460865041334423237e+06 9.989038705825805664e-01
2.460865041400555056e+06 9.999723434448242188e-01
2.460865041466686409e+06 1.000130057334899902e+00
2.460865041532817762e+06 9.980987906455993652e-01
2.460865041598949581e+06 9.992811679840087891e-01
2.460865041665080935e+06 1.000222802162170410e+00
2.460865041731212754e+06 9.999170303344726562e-01
2.460865041797344107e+06 9.989119768142700195e-01
2.460865041863475926e+06 1.000091075897216797e+00
2.460865041929607280e+06 9.978971481323242188e-01
2.460865041995739099e+06 9.979751706123352051e-01
2.460865042061870452e+06 9.992941617965698242e-01
2.460865042128001805e+06 9.993445873260498047e-01
2.460865042194133624e+06 9.994714260101318359e-01
2.460865042260264978e+06 9.999430775642395020e-01
2.460865042326396797e+06 9.996291995048522949e-01
2.460865042392528150e+06 9.998763799667358398e-01
2.460865042458659969e+06 9.985021352767944336e-01
2.460865042524791323e+06 9.987428188323974609e-01
2.460865042590923142e+06 9.997251629829406738e-01
2.460865042657054495e+06 9.991380572319030762e-01
2.460865042723186314e+06 1.000235795974731445e+00
2.460865042789317667e+06 9.983752965927124023e-01
2.460865042855449021e+06 9.994096159934997559e-01
2.460865042921580840e+06 9.997820854187011719e-01
2.460865042987712193e+06 9.994047284126281738e-01
2.460865043053844012e+06 9.998828768730163574e-01
2.460865043119975366e+06 9.990729689598083496e-01
2.460865043186107185e+06 9.990860223770141602e-01
2.460865043252238538e+06 9.995153546333312988e-01
2.460865043318370357e+06 9.996926188468933105e-01
2.460865043384501711e+06 9.990664720535278320e-01
2.460865043450633064e+06 1.000268340110778809e+00
2.460865043516764883e+06 9.987655878067016602e-01
2.460865043582896236e+06 9.990095496177673340e-01
2.460865043649028055e+06 9.996861219406127930e-01
2.460865043715159409e+06 9.995901584625244141e-01
2.460865043781291228e+06 1.000645637512207031e+00
2.460865043847422581e+06 9.997283816337585449e-01
2.460865043913554400e+06 9.995852708816528320e-01
2.460865043979685754e+06 9.992794990539550781e-01
2.460865044045817107e+06 9.991689324378967285e-01
2.460865044111948926e+06 9.983427524566650391e-01
2.460865044178080279e+06 9.996926188468933105e-01
2.460865044244212098e+06 9.989916682243347168e-01
2.460865044310343452e+06 1.000073194503784180e+00
2.460865044376475271e+06 9.979215264320373535e-01
2.460865044442606624e+06 9.993006587028503418e-01
2.460865044508738443e+06 9.983053207397460938e-01
2.460865044574869797e+06 9.990746378898620605e-01
2.460865044641001150e+06 9.982028603553771973e-01
2.460865044707132969e+06 9.993738532066345215e-01
2.460865044773264322e+06 9.993803501129150391e-01
2.460865044839396141e+06 9.997251629829406738e-01
2.460865044905527495e+06 1.001008391380310059e+00
2.460865044971659314e+06 9.980516433715820312e-01
2.460865045037790667e+06 1.000357747077941895e+00
2.460865045103922486e+06 1.000056862831115723e+00
2.460865045170053840e+06 9.993771314620971680e-01
2.460865045236185193e+06 9.991429448127746582e-01
2.460865045302317012e+06 9.998649954795837402e-01
2.460865045368448365e+06 9.989054799079895020e-01
2.460865045434580185e+06 9.998129606246948242e-01
2.460865045500711538e+06 1.000408172607421875e+00
2.460865045566843357e+06 9.997169971466064453e-01
2.460865045632974710e+06 9.985167980194091797e-01
2.460865045699106529e+06 9.989428520202636719e-01
2.460865045765237883e+06 9.984126687049865723e-01
2.460865045831369236e+06 9.994193911552429199e-01
2.460865045897501055e+06 9.999902248382568359e-01
2.460865045963632409e+06 9.995836615562438965e-01
2.460865046029764228e+06 9.985802173614501953e-01
2.460865046095895581e+06 9.990063309669494629e-01
2.460865046162027400e+06 9.990583658218383789e-01
2.460865046228158753e+06 9.997137784957885742e-01
2.460865046294290572e+06 9.988517761230468750e-01
2.460865046360421926e+06 1.000190258026123047e+00
2.460865046426553745e+06 9.988452792167663574e-01
2.460865046492685098e+06 9.995478987693786621e-01
2.460865046558816452e+06 1.000517129898071289e+00
2.460865046624948271e+06 9.986485242843627930e-01
2.460865046691079624e+06 9.989445209503173828e-01
2.460865046757211443e+06 9.997707009315490723e-01
2.460865046823342796e+06 9.998649954795837402e-01
2.460865046889474615e+06 9.993396997451782227e-01
2.460865046955605969e+06 9.991689324378967285e-01
2.460865047021737788e+06 9.996015429496765137e-01
2.460865047087869141e+06 9.983329772949218750e-01
2.460865047154000495e+06 9.999625682830810547e-01
2.460865047220132314e+06 9.987298250198364258e-01
2.460865047286263667e+06 9.996194243431091309e-01
2.460865047352395486e+06 9.994356632232666016e-01
2.460865047418526839e+06 1.000627756118774414e+00
2.460865047484658659e+06 9.997853040695190430e-01
2.460865047550790012e+06 9.986615180969238281e-01
2.460865047616921831e+06 9.998341202735900879e-01
2.460865047683053184e+06 9.987965226173400879e-01
2.460865047749184538e+06 9.987883567810058594e-01
2.460865047815316357e+06 9.993267059326171875e-01
2.460865047881447710e+06 9.985671639442443848e-01
2.460865047947579529e+06 1.000060200691223145e+00
2.460865048013710883e+06 9.999170303344726562e-01
2.460865048079842702e+06 9.996665716171264648e-01
2.460865048145974055e+06 9.995543956756591797e-01
2.460865048212105874e+06 9.978906512260437012e-01
2.460865048278237227e+06 9.982467889785766602e-01
2.460865048344368581e+06 9.996145367622375488e-01
2.460865048410500400e+06 9.992258548736572266e-01
2.460865048476631753e+06 9.978125691413879395e-01
2.460865048542763572e+06 1.000268340110778809e+00
2.460865048608894926e+06 9.986078739166259766e-01
2.460865048675026745e+06 9.991722106933593750e-01
2.460865048741158098e+06 9.989591240882873535e-01
2.460865048807289917e+06 9.978271722793579102e-01
2.460865048873421270e+06 9.983183741569519043e-01
2.460865048939553089e+06 1.000047206878662109e+00
2.460865049005684443e+06 9.991900920867919922e-01
2.460865049071815796e+06 9.984809756278991699e-01
2.460865049137947615e+06 9.996243119239807129e-01
2.460865049204078969e+06 9.977231025695800781e-01
2.460865049270210788e+06 9.994274973869323730e-01
2.460865049336342141e+06 9.983248710632324219e-01
2.460865049402473960e+06 9.973864555358886719e-01
2.460865049468605313e+06 9.995803833007812500e-01
2.460865049534737132e+06 1.000052094459533691e+00
2.460865049600868486e+06 9.991510510444641113e-01
2.460865049666999839e+06 1.000829458236694336e+00
2.460865049733131658e+06 1.000515580177307129e+00
2.460865049799263012e+06 9.995771646499633789e-01
2.460865049865394831e+06 9.992128610610961914e-01
2.460865049931526184e+06 9.982110261917114258e-01
2.460865049997658003e+06 9.991689324378967285e-01
2.460865050063789356e+06 9.989802837371826172e-01
2.460865050129921176e+06 9.994421601295471191e-01
2.460865050196052529e+06 9.992242455482482910e-01
2.460865050262183882e+06 1.000056862831115723e+00
2.460865050328315701e+06 9.990290999412536621e-01
2.460865050394447055e+06 9.992827773094177246e-01
2.460865050460578874e+06 9.996421933174133301e-01
2.460865050526710227e+06 9.985899329185485840e-01
2.460865050592842046e+06 9.989314675331115723e-01
2.460865050658973400e+06 9.992453455924987793e-01
2.460865050725105219e+06 9.997414350509643555e-01
2.460865050791236572e+06 9.991526603698730469e-01
2.460865050857367925e+06 1.000494360923767090e+00
2.460865050923499744e+06 9.994828104972839355e-01
2.460865050989631098e+06 9.994909763336181641e-01
2.460865051055762917e+06 9.979654550552368164e-01
2.460865051121894270e+06 9.990437030792236328e-01
2.460865051188026089e+06 1.000038981437683105e+00
2.460865051254157443e+06 9.997283816337585449e-01
2.460865051320289262e+06 9.988989830017089844e-01
2.460865051386420615e+06 9.991852045059204102e-01
2.460865051452551968e+06 9.990583658218383789e-01
2.460865051518683787e+06 9.971620440483093262e-01
2.460865051584815141e+06 9.995738863945007324e-01
2.460865051650946960e+06 1.000242352485656738e+00
2.460865051717078313e+06 9.993348121643066406e-01
2.460865051783210132e+06 9.991543292999267578e-01
2.460865051849341486e+06 9.987753629684448242e-01
2.460865051915473305e+06 9.997528195381164551e-01
2.460865051981604658e+06 9.984517097473144531e-01
2.460865052047736011e+06 9.998959302902221680e-01
2.460865052113867830e+06 1.000398397445678711e+00
2.460865052179999184e+06 1.000591993331909180e+00
2.460865052246131003e+06 9.992128610610961914e-01
2.460865052312262356e+06 9.983183741569519043e-01
2.460865052378394175e+06 9.976677894592285156e-01
2.460865052444525529e+06 1.000217914581298828e+00
2.460865052510657348e+06 9.987655878067016602e-01
2.460865052576788701e+06 9.982061386108398438e-01
2.460865052642920054e+06 9.989705085754394531e-01
2.460865052709051874e+06 9.997658133506774902e-01
2.460865052775183227e+06 9.987379312515258789e-01
2.460865052841315046e+06 1.000582218170166016e+00
2.460865052907446399e+06 9.990144371986389160e-01
2.460865052973578218e+06 1.000053644180297852e+00
2.460865053039709572e+06 9.988697171211242676e-01
2.460865053105841391e+06 9.992941617965698242e-01
2.460865053171972744e+06 9.989461302757263184e-01
2.460865053238104098e+06 9.993120431900024414e-01
2.460865053304235917e+06 9.995738863945007324e-01
2.460865053370367270e+06 9.992681145668029785e-01
2.460865053436499089e+06 9.985021352767944336e-01
2.460865053502630442e+06 1.000367522239685059e+00
2.460865053568762261e+06 9.985997080802917480e-01
2.460865053634893615e+06 9.999170303344726562e-01
2.460865053701025434e+06 9.993380904197692871e-01
2.460865053767156787e+06 9.985688328742980957e-01
2.460865053833288606e+06 9.991835951805114746e-01
2.460865053899419960e+06 9.983866810798645020e-01
2.460865053965551313e+06 9.994893074035644531e-01
2.460865054031683132e+06 9.985590577125549316e-01
2.460865054097814485e+06 9.981654882431030273e-01
2.460865054163946304e+06 9.988144040107727051e-01
2.460865054230077658e+06 9.993136525154113770e-01
2.460865054296209477e+06 9.991185069084167480e-01
2.460865054362340830e+06 9.993022680282592773e-01
2.460865054428472649e+06 1.000017881393432617e+00
2.460865054494604003e+06 9.985753297805786133e-01
2.460865054560735356e+06 9.989591240882873535e-01
2.460865054626867175e+06 9.997560381889343262e-01
2.460865054692998528e+06 9.994193911552429199e-01
2.460865054759130348e+06 9.999821186065673828e-01
2.460865054825261701e+06 9.994551539421081543e-01
2.460865054891393520e+06 9.998959302902221680e-01
2.460865054957524873e+06 9.982988238334655762e-01
2.460865055023656692e+06 1.000071525573730469e+00
2.460865055089788046e+06 9.997251629829406738e-01
2.460865055155919399e+06 9.988030195236206055e-01
2.460865055222051218e+06 9.989688992500305176e-01
2.460865055288182572e+06 9.986224770545959473e-01
2.460865055354314391e+06 9.992892742156982422e-01
2.460865055420445744e+06 9.988517761230468750e-01
2.460865055486577563e+06 1.000544786453247070e+00
2.460865055552708916e+06 9.996096491813659668e-01
2.460865055618840735e+06 9.996568560600280762e-01
2.460865055684972089e+06 9.985671639442443848e-01
2.460865055751103442e+06 9.992648959159851074e-01
2.460865055817235261e+06 9.977377653121948242e-01
2.460865055883366615e+06 9.992160797119140625e-01
2.460865055949498434e+06 9.984029531478881836e-01
2.460865056015629787e+06 9.993202090263366699e-01
2.460865056081761606e+06 9.985753297805786133e-01
2.460865056147892959e+06 1.000959515571594238e+00
2.460865056214024778e+06 1.000234246253967285e+00
2.460865056280156132e+06 9.996796250343322754e-01
2.460865056346287485e+06 9.998422265052795410e-01
2.460865056412419304e+06 9.982159137725830078e-01
2.460865056478550658e+06 9.990258216857910156e-01
2.460865056544682477e+06 1.000105738639831543e+00
2.460865056610813830e+06 9.987184405326843262e-01
2.460865056676945649e+06 9.986923933029174805e-01
2.460865056743077002e+06 9.991282820701599121e-01
2.460865056809208822e+06 9.981215596199035645e-01
2.460865056875340175e+06 9.990550875663757324e-01
2.460865056941471528e+06 9.990762472152709961e-01
2.460865057007603347e+06 9.990534782409667969e-01
2.460865057073734701e+06 9.982500672340393066e-01
2.460865057139866520e+06 9.994031190872192383e-01
2.460865057205997873e+06 9.995023608207702637e-01
2.460865057272129692e+06 9.994437694549560547e-01
2.460865057338261046e+06 9.983898997306823730e-01
2.460865057404392865e+06 9.994584321975708008e-01
2.460865057470524218e+06 9.993315935134887695e-01
2.460865057536655571e+06 9.993299245834350586e-01
2.460865057602787390e+06 9.986192584037780762e-01
2.460865057668918744e+06 9.983199834823608398e-01
2.460865057735050563e+06 9.983866810798645020e-01
2.460865057801181916e+06 9.999788403511047363e-01
2.460865057867313735e+06 9.988859295845031738e-01
2.460865057933445089e+06 9.985574483871459961e-01
2.460865057999576908e+06 9.997169971466064453e-01
2.460865058065708261e+06 1.000923752784729004e+00
2.460865058131840080e+06 9.977491497993469238e-01
2.460865058197971433e+06 9.995885491371154785e-01
2.460865058264102787e+06 9.988095164299011230e-01
