# target=gj3929b eclipse=2 centroid=(61,69) aper_r=4 n=3863
# BJD_TDB    relative_flux
2.460888321034793742e+06 9.947823882102966309e-01
2.460888321100925095e+06 9.974920749664306641e-01
2.460888321167056449e+06 1.000293612480163574e+00
2.460888321233187336e+06 1.001597642898559570e+00
2.460888321299318690e+06 1.002417683601379395e+00
2.460888321365450043e+06 1.001069426536560059e+00
2.460888321431580931e+06 1.001827239990234375e+00
2.460888321497712284e+06 1.002170085906982422e+00
2.460888321563843638e+06 1.001161336898803711e+00
2.460888321629974525e+06 1.001443386077880859e+00
2.460888321696105879e+06 1.002165079116821289e+00
2.460888321762237232e+06 1.002068400382995605e+00
2.460888321828368120e+06 1.003047585487365723e+00
2.460888321894499473e+06 1.003154158592224121e+00
2.460888321960630827e+06 1.001799345016479492e+00
2.460888322026761714e+06 1.001945376396179199e+00
2.460888322092893068e+06 1.002091288566589355e+00
2.460888322159024421e+06 1.000721693038940430e+00
2.460888322225155309e+06 1.001276135444641113e+00
2.460888322291286662e+06 1.001003861427307129e+00
2.460888322357418016e+06 1.001545071601867676e+00
2.460888322423549369e+06 1.001978158950805664e+00
2.460888322489680257e+06 1.001479506492614746e+00
2.460888322555811610e+06 1.001799345016479492e+00
2.460888322621942963e+06 1.002506256103515625e+00
2.460888322688073851e+06 1.001131772994995117e+00
2.460888322754205205e+06 1.001559853553771973e+00
2.460888322820336558e+06 1.002455472946166992e+00
2.460888322886467446e+06 1.000949740409851074e+00
2.460888322952598799e+06 1.001864910125732422e+00
2.460888323018730152e+06 1.002081513404846191e+00
2.460888323084861040e+06 1.002593278884887695e+00
2.460888323150992393e+06 1.000816822052001953e+00
2.460888323217123747e+06 1.002422690391540527e+00
2.460888323283254635e+06 1.000437974929809570e+00
2.460888323349385988e+06 1.001353144645690918e+00
2.460888323415517341e+06 1.001285910606384277e+00
2.460888323481648695e+06 1.001162886619567871e+00
2.460888323547779582e+06 1.001984715461730957e+00
2.460888323613910936e+06 1.001112103462219238e+00
2.460888323680042289e+06 1.001466393470764160e+00
2.460888323746173177e+06 1.001494288444519043e+00
2.460888323812304530e+06 1.002855658531188965e+00
2.460888323878435884e+06 1.003480553627014160e+00
2.460888323944566771e+06 1.002363562583923340e+00
2.460888324010698125e+06 1.001764893531799316e+00
2.460888324076829478e+06 1.002758860588073730e+00
2.460888324142960366e+06 1.001884698867797852e+00
2.460888324209091719e+06 1.000849604606628418e+00
2.460888324275223073e+06 1.002007603645324707e+00
2.460888324341353960e+06 1.001681208610534668e+00
2.460888324407485314e+06 1.000921845436096191e+00
2.460888324473616667e+06 1.001187562942504883e+00
2.460888324539748020e+06 1.002284884452819824e+00
2.460888324605878908e+06 1.002314329147338867e+00
2.460888324672010262e+06 1.002097845077514648e+00
2.460888324738141615e+06 1.002038836479187012e+00
2.460888324804272503e+06 1.001454949378967285e+00
2.460888324870403856e+06 1.002033948898315430e+00
2.460888324936535209e+06 1.001635313034057617e+00
2.460888325002666097e+06 1.000631451606750488e+00
2.460888325068797451e+06 1.001686215400695801e+00
2.460888325134928804e+06 1.003139376640319824e+00
2.460888325201059692e+06 1.003004908561706543e+00
2.460888325267191045e+06 1.001632094383239746e+00
2.460888325333322398e+06 1.002142190933227539e+00
2.460888325399453752e+06 1.000903725624084473e+00
2.460888325465584639e+06 1.001248240470886230e+00
2.460888325531715993e+06 1.001049757003784180e+00
2.460888325597847346e+06 1.001448392868041992e+00
2.460888325663978234e+06 1.001356482505798340e+00
2.460888325730109587e+06 1.001166224479675293e+00
2.460888325796240941e+06 1.002117514610290527e+00
2.460888325862371828e+06 1.000679016113281250e+00
2.460888325928503182e+06 1.001830458641052246e+00
2.460888325994634535e+06 1.001714110374450684e+00
2.460888326060765423e+06 1.001930594444274902e+00
2.460888326126896776e+06 1.001235127449035645e+00
2.460888326193028130e+06 1.001579523086547852e+00
2.460888326259159017e+06 1.000987410545349121e+00
2.460888326325290371e+06 1.001809239387512207e+00
2.460888326391421724e+06 1.001915812492370605e+00
2.460888326457552612e+06 1.001435160636901855e+00
2.460888326523683965e+06 1.001392602920532227e+00
2.460888326589815319e+06 1.001682877540588379e+00
2.460888326655946672e+06 1.001272797584533691e+00
2.460888326722077560e+06 1.000385403633117676e+00
2.460888326788208913e+06 1.001069426536560059e+00
2.460888326854340266e+06 1.002881884574890137e+00
2.460888326920471154e+06 1.001687765121459961e+00
2.460888326986602508e+06 1.000989079475402832e+00
2.460888327052733861e+06 1.001080870628356934e+00
2.460888327118864749e+06 1.001822352409362793e+00
2.460888327184996102e+06 1.002238988876342773e+00
2.460888327251127455e+06 1.001686215400695801e+00
2.460888327317258343e+06 1.001948595046997070e+00
2.460888327383389696e+06 1.001917481422424316e+00
2.460888327449521050e+06 1.001715660095214844e+00
2.460888327515651938e+06 1.001184225082397461e+00
2.460888327581783291e+06 1.000516653060913086e+00
2.460888327647914644e+06 1.001707553863525391e+00
2.460888327714045998e+06 1.000995635986328125e+00
2.460888327780176885e+06 1.000416636466979980e+00
2.460888327846308239e+06 1.000828266143798828e+00
2.460888327912439592e+06 1.001392602920532227e+00
2.460888327978570480e+06 1.001348257064819336e+00
2.460888328044701833e+06 1.001217007637023926e+00
2.460888328110833187e+06 1.000984191894531250e+00
2.460888328176964074e+06 1.001025199890136719e+00
2.460888328243095428e+06 1.001407384872436523e+00
2.460888328309226781e+06 1.000747919082641602e+00
2.460888328375357669e+06 1.000848054885864258e+00
2.460888328441489022e+06 1.001049757003784180e+00
2.460888328507620376e+06 1.001684546470642090e+00
2.460888328573751263e+06 1.001282691955566406e+00
2.460888328639882617e+06 1.000462532043457031e+00
2.460888328706013970e+06 1.001510620117187500e+00
2.460888328772145323e+06 1.001541852951049805e+00
2.460888328838276211e+06 1.001277804374694824e+00
2.460888328904407565e+06 1.001504063606262207e+00
2.460888328970538918e+06 1.000756144523620605e+00
2.460888329036669806e+06 1.001258015632629395e+00
2.460888329102801159e+06 1.001630425453186035e+00
2.460888329168932512e+06 1.001203894615173340e+00
2.460888329235063400e+06 1.004304051399230957e+00
2.460888329301194753e+06 1.000083684921264648e+00
2.460888329367326107e+06 1.001139998435974121e+00
2.460888329433456995e+06 1.001082539558410645e+00
2.460888329499588348e+06 1.001338481903076172e+00
2.460888329565719701e+06 1.000352621078491211e+00
2.460888329631850589e+06 1.000536322593688965e+00
2.460888329697981942e+06 1.000713467597961426e+00
2.460888329764113296e+06 1.000938177108764648e+00
2.460888329830244649e+06 1.003164052963256836e+00
2.460888329896375537e+06 1.001181006431579590e+00
2.460888329962506890e+06 1.000790596008300781e+00
2.460888330028638244e+06 1.000779151916503906e+00
2.460888330094769131e+06 1.000864386558532715e+00
2.460888330160900485e+06 1.001020193099975586e+00
2.460888330227031838e+06 1.000472426414489746e+00
2.460888330293162726e+06 1.000916838645935059e+00
2.460888330359294079e+06 1.002209424972534180e+00
2.460888330425425433e+06 1.001668095588684082e+00
2.460888330491556320e+06 1.002099514007568359e+00
2.460888330557687674e+06 1.002396345138549805e+00
2.460888330623819027e+06 1.001080870628356934e+00
2.460888330689949915e+06 1.000291943550109863e+00
2.460888330756081268e+06 1.000851273536682129e+00
2.460888330822212622e+06 1.001417160034179688e+00
2.460888330888343975e+06 1.000777482986450195e+00
2.460888330954474863e+06 1.000434637069702148e+00
2.460888331020606216e+06 1.000897169113159180e+00
2.460888331086737569e+06 9.998720884323120117e-01
2.460888331152868457e+06 1.001709103584289551e+00
2.460888331218999811e+06 1.001576304435729980e+00
2.460888331285131164e+06 1.001471281051635742e+00
2.460888331351262052e+06 9.997490644454956055e-01
2.460888331417393405e+06 1.000879168510437012e+00
2.460888331483524758e+06 1.000093460083007812e+00
2.460888331549655646e+06 1.000705361366271973e+00
2.460888331615786999e+06 9.999573826789855957e-01
2.460888331681918353e+06 1.000702023506164551e+00
2.460888331748049241e+06 9.995899200439453125e-01
2.460888331814180594e+06 1.001082539558410645e+00
2.460888331880311947e+06 1.000221490859985352e+00
2.460888331946443301e+06 1.000851273536682129e+00
2.460888332012574188e+06 1.001509070396423340e+00
2.460888332078705542e+06 9.992274641990661621e-01
2.460888332144836895e+06 1.000634789466857910e+00
2.460888332210967783e+06 1.000984191894531250e+00
2.460888332277099136e+06 1.001217007637023926e+00
2.460888332343230490e+06 1.000544548034667969e+00
2.460888332409361377e+06 1.001116991043090820e+00
2.460888332475492731e+06 1.000641345977783203e+00
2.460888332541624084e+06 9.996752142906188965e-01
2.460888332607754972e+06 1.001850247383117676e+00
2.460888332673886325e+06 1.000956296920776367e+00
2.460888332740017679e+06 1.000316619873046875e+00
2.460888332806148566e+06 1.001427054405212402e+00
2.460888332872279920e+06 1.001171112060546875e+00
2.460888332938411273e+06 1.000351071357727051e+00
2.460888333004542626e+06 9.995866417884826660e-01
2.460888333070673514e+06 1.000154137611389160e+00
2.460888333136804868e+06 1.001028418540954590e+00
2.460888333202936221e+06 1.001077651977539062e+00
2.460888333269067109e+06 1.001689434051513672e+00
2.460888333335198462e+06 1.001876473426818848e+00
2.460888333401329815e+06 1.001386046409606934e+00
2.460888333467460703e+06 1.000826716423034668e+00
2.460888333533592056e+06 1.000439643859863281e+00
2.460888333599723410e+06 1.002071619033813477e+00
2.460888333665854298e+06 1.001046419143676758e+00
2.460888333731985651e+06 1.000892281532287598e+00
2.460888333798117004e+06 1.001162886619567871e+00
2.460888333864247892e+06 1.000808596611022949e+00
2.460888333930379245e+06 1.000843048095703125e+00
2.460888333996510599e+06 1.001714110374450684e+00
2.460888334062641952e+06 1.000989079475402832e+00
2.460888334128772840e+06 1.001261353492736816e+00
2.460888334194904193e+06 1.001805901527404785e+00
2.460888334261035547e+06 1.000721693038940430e+00
2.460888334327166434e+06 1.002040505409240723e+00
2.460888334393297788e+06 1.002480030059814453e+00
2.460888334459429141e+06 1.001515626907348633e+00
2.460888334525560029e+06 9.994685649871826172e-01
2.460888334591691382e+06 1.000908732414245605e+00
2.460888334657822736e+06 1.000588893890380859e+00
2.460888334723953623e+06 1.001351594924926758e+00
2.460888334790084977e+06 1.001782894134521484e+00
2.460888334856216330e+06 1.000575780868530273e+00
2.460888334922347218e+06 1.001013636589050293e+00
2.460888334988478571e+06 1.001551628112792969e+00
2.460888335054609925e+06 1.000498652458190918e+00
2.460888335120741278e+06 1.000316619873046875e+00
2.460888335186872166e+06 1.001016974449157715e+00
2.460888335253003519e+06 1.000495314598083496e+00
2.460888335319134872e+06 9.998638629913330078e-01
2.460888335385265760e+06 1.002097845077514648e+00
2.460888335451397114e+06 1.001169443130493164e+00
2.460888335517528467e+06 1.001089096069335938e+00
2.460888335583659355e+06 1.000529766082763672e+00
2.460888335649790708e+06 1.000237822532653809e+00
2.460888335715922061e+06 1.001756668090820312e+00
2.460888335782052949e+06 1.002017498016357422e+00
2.460888335848184302e+06 1.001072764396667480e+00
2.460888335914315656e+06 1.001244902610778809e+00
2.460888335980446544e+06 1.000766038894653320e+00
2.460888336046577897e+06 1.000967741012573242e+00
2.460888336112709250e+06 1.000367403030395508e+00
2.460888336178840138e+06 1.001338481903076172e+00
2.460888336244971491e+06 1.001075983047485352e+00
2.460888336311102845e+06 1.000078678131103516e+00
2.460888336377234198e+06 1.001023530960083008e+00
2.460888336443365086e+06 9.995423555374145508e-01
2.460888336509496439e+06 9.996850490570068359e-01
2.460888336575627793e+06 1.000526547431945801e+00
2.460888336641758680e+06 1.000282168388366699e+00
2.460888336707890034e+06 1.000743031501770020e+00
2.460888336774021387e+06 1.001038312911987305e+00
2.460888336840152275e+06 1.000252604484558105e+00
2.460888336906283628e+06 1.000462532043457031e+00
2.460888336972414982e+06 1.000144362449645996e+00
2.460888337038545869e+06 1.000352621078491211e+00
2.460888337104677223e+06 1.000890612602233887e+00
2.460888337170808576e+06 1.001812458038330078e+00
2.460888337236939464e+06 1.000956296920776367e+00
2.460888337303070817e+06 1.001069426536560059e+00
2.460888337369202171e+06 1.000118136405944824e+00
2.460888337435333524e+06 1.000418305397033691e+00
2.460888337501464412e+06 1.000733137130737305e+00
2.460888337567595765e+06 1.000931620597839355e+00
2.460888337633727118e+06 1.000841498374938965e+00
2.460888337699858006e+06 1.001218676567077637e+00
2.460888337765989359e+06 9.999573826789855957e-01
2.460888337832120713e+06 9.984515905380249023e-01
2.460888337898251601e+06 9.998933672904968262e-01
2.460888337964382954e+06 9.998573064804077148e-01
2.460888338030514307e+06 1.000907063484191895e+00
2.460888338096645195e+06 9.999474883079528809e-01
2.460888338162776548e+06 9.998523592948913574e-01
2.460888338228907902e+06 1.001043200492858887e+00
2.460888338295038790e+06 1.001710772514343262e+00
2.460888338361170143e+06 1.001274466514587402e+00
2.460888338427301496e+06 9.995554685592651367e-01
2.460888338493432850e+06 1.000332951545715332e+00
2.460888338559563737e+06 9.997392296791076660e-01
2.460888338625695091e+06 1.001320362091064453e+00
2.460888338691826444e+06 1.000861167907714844e+00
2.460888338757957332e+06 1.000885725021362305e+00
2.460888338824088685e+06 1.001760005950927734e+00
2.460888338890220039e+06 1.001217007637023926e+00
2.460888338956350926e+06 1.001254796981811523e+00
2.460888339022482280e+06 1.000657796859741211e+00
2.460888339088613633e+06 1.000972628593444824e+00
2.460888339154744521e+06 1.002027392387390137e+00
2.460888339220875874e+06 1.001200675964355469e+00
2.460888339287007228e+06 1.001218676567077637e+00
2.460888339353138115e+06 1.000396966934204102e+00
2.460888339419269469e+06 1.001154780387878418e+00
2.460888339485400822e+06 1.001755118370056152e+00
2.460888339551532175e+06 1.001366376876831055e+00
2.460888339617663063e+06 1.000733137130737305e+00
2.460888339683794416e+06 1.000064015388488770e+00
2.460888339749925770e+06 1.001837015151977539e+00
2.460888339816056658e+06 9.994833469390869141e-01
2.460888339882188011e+06 1.000396966934204102e+00
2.460888339948319364e+06 9.993701577186584473e-01
2.460888340014450252e+06 9.998983144760131836e-01
2.460888340080581605e+06 1.000396966934204102e+00
2.460888340146712959e+06 1.000949740409851074e+00
2.460888340212843847e+06 1.000416636466979980e+00
2.460888340278975200e+06 1.000451087951660156e+00
2.460888340345106553e+06 1.000034451484680176e+00
2.460888340411237441e+06 1.000995635986328125e+00
2.460888340477368794e+06 9.995653629302978516e-01
2.460888340543500148e+06 1.001015305519104004e+00
2.460888340609631501e+06 1.000843048095703125e+00
2.460888340675762389e+06 1.001509070396423340e+00
2.460888340741893742e+06 1.001715660095214844e+00
2.460888340808025096e+06 1.000751256942749023e+00
2.460888340874155983e+06 9.995407462120056152e-01
2.460888340940287337e+06 1.000316619873046875e+00
2.460888341006418690e+06 1.000551104545593262e+00
2.460888341072549578e+06 1.001290917396545410e+00
2.460888341138680931e+06 1.001479506492614746e+00
2.460888341204812285e+06 9.997966289520263672e-01
2.460888341270943172e+06 1.001792788505554199e+00
2.460888341337074526e+06 9.997523427009582520e-01
2.460888341403205879e+06 1.000998854637145996e+00
2.460888341469336767e+06 1.000303387641906738e+00
2.460888341535468120e+06 1.001023530960083008e+00
2.460888341601599474e+06 1.000787258148193359e+00
2.460888341667730827e+06 1.000733137130737305e+00
2.460888341733861715e+06 1.001195788383483887e+00
2.460888341799993068e+06 9.988862872123718262e-01
2.460888341866124421e+06 1.001691102981567383e+00
2.460888341932255309e+06 1.000618338584899902e+00
2.460888341998386662e+06 1.000769257545471191e+00
2.460888342064518016e+06 9.992421865463256836e-01
2.460888342130648904e+06 1.001241683959960938e+00
2.460888342196780257e+06 1.001322031021118164e+00
2.460888342262911610e+06 1.002025723457336426e+00
2.460888342329042498e+06 1.001164555549621582e+00
2.460888342395173851e+06 1.001507401466369629e+00
2.460888342461305205e+06 1.001212120056152344e+00
2.460888342527436092e+06 1.000154137611389160e+00
2.460888342593567446e+06 9.999294877052307129e-01
2.460888342659698799e+06 9.996719360351562500e-01
2.460888342725830153e+06 9.984483122825622559e-01
2.460888342791961040e+06 9.998966455459594727e-01
2.460888342858092394e+06 1.000521540641784668e+00
2.460888342924223747e+06 1.000638008117675781e+00
2.460888342990354635e+06 1.000829935073852539e+00
2.460888343056485988e+06 9.999245405197143555e-01
2.460888343122617342e+06 1.001673102378845215e+00
2.460888343188748229e+06 9.994570612907409668e-01
2.460888343254879583e+06 1.000980854034423828e+00
2.460888343321010936e+06 9.994062185287475586e-01
2.460888343387141824e+06 1.001904368400573730e+00
2.460888343453273177e+06 1.000365734100341797e+00
2.460888343519404531e+06 1.000154137611389160e+00
2.460888343585535418e+06 1.000405192375183105e+00
2.460888343651666772e+06 1.000416636466979980e+00
2.460888343717798125e+06 1.000759482383728027e+00
2.460888343783929013e+06 1.000127911567687988e+00
2.460888343850060366e+06 9.996539354324340820e-01
2.460888343916191719e+06 1.000580668449401855e+00
2.460888343982323073e+06 1.000452756881713867e+00
2.460888344048453961e+06 1.000731587409973145e+00
2.460888344114585314e+06 1.000324726104736328e+00
2.460888344180716667e+06 1.000910282135009766e+00
2.460888344246847555e+06 9.994816780090332031e-01
2.460888344312978908e+06 9.999032020568847656e-01
2.460888344379110262e+06 9.998753666877746582e-01
2.460888344445241150e+06 1.001646757125854492e+00
2.460888344511372503e+06 1.001551628112792969e+00
2.460888344577503856e+06 1.001187562942504883e+00
2.460888344643634744e+06 1.000669240951538086e+00
2.460888344709766097e+06 1.001138329505920410e+00
2.460888344775897451e+06 1.000255823135375977e+00
2.460888344842028338e+06 1.000393629074096680e+00
2.460888344908159692e+06 9.997752904891967773e-01
2.460888344974291045e+06 9.997785687446594238e-01
2.460888345040422399e+06 9.993799924850463867e-01
2.460888345106553286e+06 1.001192450523376465e+00
2.460888345172684640e+06 1.000911951065063477e+00
2.460888345238815993e+06 9.999655485153198242e-01
2.460888345304946881e+06 1.000880837440490723e+00
2.460888345371078234e+06 1.000218152999877930e+00
2.460888345437209588e+06 1.000267386436462402e+00
2.460888345503340475e+06 1.001012086868286133e+00
2.460888345569471829e+06 1.001077651977539062e+00
2.460888345635603182e+06 1.001144886016845703e+00
2.460888345701734070e+06 1.000369071960449219e+00
2.460888345767865423e+06 1.000762701034545898e+00
2.460888345833996776e+06 9.995374679565429688e-01
2.460888345900127664e+06 9.996703267097473145e-01
2.460888345966259018e+06 1.000228047370910645e+00
2.460888346032390371e+06 1.001381039619445801e+00
2.460888346098521724e+06 1.002247095108032227e+00
2.460888346164652612e+06 1.000455975532531738e+00
2.460888346230783965e+06 9.999360442161560059e-01
2.460888346296915319e+06 1.000885725021362305e+00
2.460888346363046207e+06 9.998688101768493652e-01
2.460888346429177560e+06 1.000605225563049316e+00
2.460888346495308913e+06 1.000475645065307617e+00
2.460888346561439801e+06 1.001363039016723633e+00
2.460888346627571154e+06 1.001620531082153320e+00
2.460888346693702508e+06 1.001244902610778809e+00
2.460888346759833395e+06 1.001472949981689453e+00
2.460888346825964749e+06 9.999393224716186523e-01
2.460888346892096102e+06 9.992405772209167480e-01
2.460888346958226990e+06 1.001764893531799316e+00
2.460888347024358343e+06 1.000472426414489746e+00
2.460888347090489697e+06 1.001116991043090820e+00
2.460888347156621050e+06 1.001348257064819336e+00
2.460888347222751938e+06 9.997293353080749512e-01
2.460888347288883291e+06 1.000764369964599609e+00
2.460888347355014645e+06 1.000426411628723145e+00
2.460888347421145532e+06 9.989699125289916992e-01
2.460888347487276886e+06 9.998047947883605957e-01
2.460888347553408239e+06 1.000802040100097656e+00
2.460888347619539127e+06 1.000756144523620605e+00
2.460888347685670480e+06 1.001028418540954590e+00
2.460888347751801834e+06 1.000547885894775391e+00
2.460888347817932721e+06 1.000731587409973145e+00
2.460888347884064075e+06 1.000882506370544434e+00
2.460888347950195428e+06 9.997014999389648438e-01
2.460888348016326316e+06 9.992914199829101562e-01
2.460888348082457669e+06 1.001036643981933594e+00
2.460888348148589022e+06 1.000031113624572754e+00
2.460888348214720376e+06 1.000867724418640137e+00
2.460888348280851264e+06 1.000246047973632812e+00
2.460888348346982617e+06 9.999245405197143555e-01
2.460888348413113970e+06 1.000054121017456055e+00
2.460888348479244858e+06 1.000907063484191895e+00
2.460888348545376211e+06 1.000424861907958984e+00
2.460888348611507565e+06 1.001254796981811523e+00
2.460888348677638453e+06 9.999803304672241211e-01
2.460888348743769806e+06 9.991470575332641602e-01
2.460888348809901159e+06 1.001568078994750977e+00
2.460888348876032047e+06 1.000501871109008789e+00
2.460888348942163400e+06 9.996194839477539062e-01
2.460888349008294754e+06 1.001901030540466309e+00
2.460888349074425641e+06 1.000346064567565918e+00
2.460888349140556995e+06 1.000382184982299805e+00
2.460888349206688348e+06 1.000467419624328613e+00
2.460888349272819236e+06 1.000249266624450684e+00
2.460888349338950589e+06 1.000583887100219727e+00
2.460888349405081943e+06 1.000534772872924805e+00
2.460888349471213296e+06 1.001151442527770996e+00
2.460888349537344184e+06 1.001095652580261230e+00
2.460888349603475537e+06 9.995538592338562012e-01
2.460888349669606891e+06 1.001623868942260742e+00
2.460888349735737778e+06 1.001443386077880859e+00
2.460888349801869132e+06 9.998392462730407715e-01
2.460888349868000485e+06 1.001312136650085449e+00
2.460888349934131373e+06 9.997129440307617188e-01
2.460888350000262726e+06 1.002197980880737305e+00
2.460888350066394079e+06 1.000388741493225098e+00
2.460888350132524967e+06 1.001002192497253418e+00
2.460888350198656321e+06 9.992897510528564453e-01
2.460888350264787674e+06 1.000662684440612793e+00
2.460888350330918562e+06 1.000290274620056152e+00
2.460888350397049915e+06 1.000680685043334961e+00
2.460888350463181268e+06 1.001695990562438965e+00
2.460888350529312622e+06 9.999163746833801270e-01
2.460888350595443510e+06 1.000164031982421875e+00
2.460888350661574863e+06 1.000659346580505371e+00
2.460888350727706216e+06 9.998638629913330078e-01
2.460888350793837104e+06 9.997703433036804199e-01
2.460888350859968457e+06 9.991126060485839844e-01
2.460888350926099811e+06 9.998458027839660645e-01
2.460888350992230698e+06 1.000344395637512207e+00
2.460888351058362052e+06 1.000802040100097656e+00
2.460888351124493405e+06 1.000562548637390137e+00
2.460888351190624293e+06 9.997195005416870117e-01
2.460888351256755646e+06 1.000578999519348145e+00
2.460888351322887000e+06 9.999048709869384766e-01
2.460888351389017887e+06 9.998589158058166504e-01
2.460888351455149241e+06 9.998409152030944824e-01
2.460888351521280594e+06 1.000465869903564453e+00
2.460888351587411948e+06 9.999442100524902344e-01
2.460888351653542835e+06 9.995374679565429688e-01
2.460888351719674189e+06 1.001371264457702637e+00
2.460888351785805542e+06 1.001654982566833496e+00
2.460888351851936430e+06 1.000646233558654785e+00
2.460888351918067783e+06 1.001072764396667480e+00
2.460888351984199136e+06 1.000818490982055664e+00
2.460888352050330024e+06 1.000249266624450684e+00
2.460888352116461378e+06 1.000387072563171387e+00
2.460888352182592731e+06 9.990257024765014648e-01
2.460888352248723619e+06 1.000654458999633789e+00
2.460888352314854972e+06 9.993701577186584473e-01
2.460888352380986325e+06 1.001600861549377441e+00
2.460888352447117213e+06 1.000944733619689941e+00
2.460888352513248567e+06 9.996096491813659668e-01
2.460888352579379920e+06 1.000224709510803223e+00
2.460888352645510808e+06 1.001477837562561035e+00
2.460888352711642161e+06 9.992340207099914551e-01
2.460888352777773514e+06 1.000818490982055664e+00
2.460888352843904868e+06 1.001461505889892578e+00
2.460888352910035755e+06 9.995440244674682617e-01
2.460888352976167109e+06 1.001640200614929199e+00
2.460888353042298462e+06 9.999474883079528809e-01
2.460888353108429350e+06 1.000221490859985352e+00
2.460888353174560703e+06 1.000510096549987793e+00
2.460888353240692057e+06 1.000031113624572754e+00
2.460888353306822944e+06 1.000457644462585449e+00
2.460888353372954298e+06 1.000013113021850586e+00
2.460888353439085651e+06 9.996227622032165527e-01
2.460888353505216539e+06 9.991585612297058105e-01
2.460888353571347892e+06 1.000111579895019531e+00
2.460888353637479246e+06 9.998031854629516602e-01
2.460888353703610599e+06 1.001279354095458984e+00
2.460888353769741487e+06 1.000218152999877930e+00
2.460888353835872840e+06 9.998244643211364746e-01
2.460888353902004194e+06 1.000631451606750488e+00
2.460888353968135081e+06 9.996194839477539062e-01
2.460888354034266435e+06 1.000521540641784668e+00
2.460888354100397788e+06 1.000346064567565918e+00
2.460888354166528676e+06 1.001151442527770996e+00
2.460888354232660029e+06 9.994291663169860840e-01
2.460888354298791382e+06 9.999343752861022949e-01
2.460888354364922270e+06 9.994931817054748535e-01
2.460888354431053624e+06 9.999721050262451172e-01
2.460888354497184977e+06 1.000898838043212891e+00
2.460888354563315865e+06 1.000075459480285645e+00
2.460888354629447218e+06 9.989764690399169922e-01
2.460888354695578571e+06 1.000173807144165039e+00
2.460888354761709459e+06 1.000036120414733887e+00
2.460888354827840813e+06 1.000870943069458008e+00
2.460888354893972166e+06 9.997195005416870117e-01
2.460888354960103519e+06 9.996407628059387207e-01
2.460888355026234407e+06 9.991979002952575684e-01
2.460888355092365760e+06 1.001026749610900879e+00
2.460888355158497114e+06 9.997654557228088379e-01
2.460888355224628001e+06 1.000009894371032715e+00
2.460888355290759355e+06 1.001645207405090332e+00
2.460888355356890708e+06 9.995473027229309082e-01
2.460888355423021596e+06 1.001399159431457520e+00
2.460888355489152949e+06 1.000483870506286621e+00
2.460888355555284303e+06 1.000741362571716309e+00
2.460888355621415190e+06 1.000011444091796875e+00
2.460888355687546544e+06 1.000995635986328125e+00
2.460888355753677897e+06 9.995407462120056152e-01
2.460888355819808785e+06 1.000272274017333984e+00
2.460888355885940138e+06 1.001007080078125000e+00
2.460888355952071492e+06 1.000301837921142578e+00
2.460888356018202845e+06 1.001048088073730469e+00
2.460888356084333733e+06 1.000190258026123047e+00
2.460888356150465086e+06 9.996752142906188965e-01
2.460888356216596439e+06 1.001059651374816895e+00
2.460888356282727327e+06 1.000475645065307617e+00
2.460888356348858681e+06 1.000734806060791016e+00
2.460888356414990034e+06 1.000751256942749023e+00
2.460888356481120922e+06 1.000698685646057129e+00
2.460888356547252275e+06 9.990125894546508789e-01
2.460888356613383628e+06 1.000464200973510742e+00
2.460888356679514516e+06 1.000200152397155762e+00
2.460888356745645870e+06 1.000971078872680664e+00
2.460888356811777223e+06 1.001625537872314453e+00
2.460888356877908111e+06 1.001263022422790527e+00
2.460888356944039464e+06 9.994357824325561523e-01
2.460888357010170817e+06 1.000866055488586426e+00
2.460888357076302171e+06 9.994849562644958496e-01
2.460888357142433058e+06 9.995226860046386719e-01
2.460888357208564412e+06 1.000369071960449219e+00
2.460888357274695765e+06 9.994488954544067383e-01
2.460888357340826653e+06 1.000508427619934082e+00
2.460888357406958006e+06 1.001092433929443359e+00
2.460888357473089360e+06 1.000844717025756836e+00
2.460888357539220247e+06 1.000592112541198730e+00
2.460888357605351601e+06 1.001287579536437988e+00
2.460888357671482954e+06 1.001062870025634766e+00
2.460888357737613842e+06 1.000228047370910645e+00
2.460888357803745195e+06 9.999540448188781738e-01
2.460888357869876549e+06 1.000757813453674316e+00
2.460888357936007436e+06 1.001689434051513672e+00
2.460888358002138790e+06 1.000037670135498047e+00
2.460888358068270143e+06 9.999622702598571777e-01
2.460888358134401031e+06 1.000895619392395020e+00
2.460888358200532384e+06 1.000485539436340332e+00
2.460888358266663738e+06 1.000861167907714844e+00
2.460888358332795091e+06 9.987534284591674805e-01
2.460888358398925979e+06 9.991946220397949219e-01
2.460888358465057332e+06 9.996293187141418457e-01
2.460888358531188685e+06 1.000506877899169922e+00
2.460888358597319573e+06 9.989452958106994629e-01
2.460888358663450927e+06 1.001558184623718262e+00
2.460888358729582280e+06 1.000401854515075684e+00
2.460888358795713168e+06 1.000269055366516113e+00
2.460888358861844521e+06 1.000369071960449219e+00
2.460888358927975874e+06 1.000908732414245605e+00
2.460888358994106762e+06 1.000867724418640137e+00
2.460888359060238115e+06 9.994767904281616211e-01
2.460888359126369469e+06 1.000344395637512207e+00
2.460888359192500357e+06 1.000291943550109863e+00
2.460888359258631710e+06 9.996374845504760742e-01
2.460888359324763063e+06 1.000572443008422852e+00
2.460888359390894417e+06 1.000301837921142578e+00
2.460888359457025304e+06 1.000695466995239258e+00
2.460888359523156658e+06 1.000815153121948242e+00
2.460888359589288011e+06 1.000788927078247070e+00
2.460888359655418899e+06 1.000339508056640625e+00
2.460888359721550252e+06 1.001177668571472168e+00
2.460888359787681606e+06 9.996243715286254883e-01
2.460888359853812493e+06 1.000401854515075684e+00
2.460888359919943847e+06 1.000839829444885254e+00
2.460888359986075200e+06 9.997867941856384277e-01
2.460888360052206088e+06 9.999737739562988281e-01
2.460888360118337441e+06 1.000505208969116211e+00
2.460888360184468795e+06 9.996293187141418457e-01
2.460888360250599682e+06 1.000234603881835938e+00
2.460888360316731036e+06 1.002422690391540527e+00
2.460888360382862389e+06 9.991109967231750488e-01
2.460888360448993742e+06 1.000583887100219727e+00
2.460888360515124630e+06 9.993274807929992676e-01
2.460888360581255984e+06 1.000669240951538086e+00
2.460888360647387337e+06 9.998261332511901855e-01
2.460888360713518225e+06 9.997375607490539551e-01
2.460888360779649578e+06 9.993848800659179688e-01
2.460888360845780931e+06 1.000534772872924805e+00
2.460888360911911819e+06 9.996817708015441895e-01
2.460888360978043173e+06 1.000700354576110840e+00
2.460888361044174526e+06 1.001064538955688477e+00
2.460888361110305414e+06 9.997178912162780762e-01
2.460888361176436767e+06 9.999753832817077637e-01
2.460888361242568120e+06 1.000278830528259277e+00
2.460888361308699008e+06 1.001123547554016113e+00
2.460888361374830361e+06 1.000377297401428223e+00
2.460888361440961715e+06 9.993209242820739746e-01
2.460888361507093068e+06 9.999770522117614746e-01
2.460888361573223956e+06 9.992372989654541016e-01
2.460888361639355309e+06 1.000454306602478027e+00
2.460888361705486663e+06 1.000800490379333496e+00
2.460888361771617550e+06 1.000716805458068848e+00
2.460888361837748904e+06 1.000424861907958984e+00
2.460888361903880257e+06 1.001645207405090332e+00
2.460888361970011145e+06 9.996719360351562500e-01
2.460888362036142498e+06 9.997720122337341309e-01
2.460888362102273852e+06 1.000001668930053711e+00
2.460888362168404739e+06 1.000144362449645996e+00
2.460888362234536093e+06 1.000375628471374512e+00
2.460888362300667446e+06 9.990617632865905762e-01
2.460888362366798334e+06 9.998950362205505371e-01
2.460888362432929687e+06 1.001417160034179688e+00
2.460888362499061041e+06 1.000301837921142578e+00
2.460888362565192394e+06 1.000746369361877441e+00
2.460888362631323282e+06 9.991766214370727539e-01
2.460888362697454635e+06 1.001139998435974121e+00
2.460888362763585988e+06 9.997801780700683594e-01
2.460888362829716876e+06 1.000513434410095215e+00
2.460888362895848230e+06 1.000177145004272461e+00
2.460888362961979583e+06 1.000939846038818359e+00
2.460888363028110471e+06 9.996276497840881348e-01
2.460888363094241824e+06 1.001033306121826172e+00
2.460888363160373177e+06 1.000031113624572754e+00
2.460888363226504065e+06 1.000003337860107422e+00
2.460888363292635418e+06 1.000495314598083496e+00
2.460888363358766772e+06 1.000188589096069336e+00
2.460888363424897660e+06 1.000057458877563477e+00
2.460888363491029013e+06 9.990814924240112305e-01
2.460888363557160366e+06 9.990962147712707520e-01
2.460888363623291254e+06 1.000118136405944824e+00
2.460888363689422607e+06 1.000165700912475586e+00
2.460888363755553961e+06 9.993324279785156250e-01
2.460888363821685314e+06 1.000684022903442383e+00
2.460888363887816202e+06 1.000127911567687988e+00
2.460888363953947555e+06 1.000355958938598633e+00
2.460888364020078909e+06 1.000800490379333496e+00
2.460888364086209796e+06 1.001031756401062012e+00
2.460888364152341150e+06 9.993931055068969727e-01
2.460888364218472503e+06 1.000232934951782227e+00
2.460888364284603391e+06 1.000009894371032715e+00
2.460888364350734744e+06 1.000380516052246094e+00
2.460888364416866098e+06 1.000603556632995605e+00
2.460888364482996985e+06 1.000126242637634277e+00
2.460888364549128339e+06 1.000416636466979980e+00
2.460888364615259692e+06 1.000321507453918457e+00
2.460888364681390580e+06 1.000328063964843750e+00
2.460888364747521933e+06 9.992783069610595703e-01
2.460888364813653287e+06 1.000508427619934082e+00
2.460888364879784640e+06 1.000628232955932617e+00
2.460888364945915528e+06 9.990076422691345215e-01
2.460888365012046881e+06 9.987648725509643555e-01
2.460888365078178234e+06 9.999442100524902344e-01
2.460888365144309122e+06 9.997556209564208984e-01
2.460888365210440475e+06 1.000396966934204102e+00
2.460888365276571829e+06 1.000396966934204102e+00
2.460888365342702717e+06 1.000887393951416016e+00
2.460888365408834070e+06 9.999672174453735352e-01
2.460888365474965423e+06 9.994094967842102051e-01
2.460888365541096311e+06 9.999721050262451172e-01
2.460888365607227664e+06 1.001328587532043457e+00
2.460888365673359018e+06 1.001468062400817871e+00
2.460888365739489906e+06 1.000920176506042480e+00
2.460888365805621259e+06 1.000155806541442871e+00
2.460888365871752612e+06 9.999278187751770020e-01
2.460888365937883966e+06 9.999557137489318848e-01
2.460888366004014853e+06 9.999721050262451172e-01
2.460888366070146207e+06 1.000508427619934082e+00
2.460888366136277560e+06 1.000031113624572754e+00
2.460888366202408448e+06 1.000408411026000977e+00
2.460888366268539801e+06 9.994505047798156738e-01
2.460888366334671155e+06 1.001161336898803711e+00
2.460888366400802042e+06 9.993865489959716797e-01
2.460888366466933396e+06 1.000595450401306152e+00
2.460888366533064749e+06 9.993636012077331543e-01
2.460888366599195637e+06 1.000629901885986328e+00
2.460888366665326990e+06 1.000372290611267090e+00
2.460888366731458344e+06 1.001300692558288574e+00
2.460888366797589231e+06 1.000006556510925293e+00
2.460888366863720585e+06 1.000518321990966797e+00
2.460888366929851938e+06 1.000291943550109863e+00
2.460888366995982826e+06 1.001902699470520020e+00
2.460888367062114179e+06 1.000869274139404297e+00
2.460888367128245533e+06 1.000490427017211914e+00
2.460888367194376886e+06 9.995144605636596680e-01
2.460888367260507774e+06 1.000032782554626465e+00
2.460888367326639127e+06 9.990076422691345215e-01
2.460888367392770480e+06 1.000396966934204102e+00
2.460888367458901368e+06 1.000224709510803223e+00
2.460888367525032721e+06 9.999097585678100586e-01
2.460888367591164075e+06 1.000684022903442383e+00
2.460888367657294963e+06 1.000811934471130371e+00
2.460888367723426316e+06 1.000608563423156738e+00
2.460888367789557669e+06 1.000088572502136230e+00
2.460888367855688557e+06 9.990257024765014648e-01
2.460888367921819910e+06 9.999622702598571777e-01
2.460888367987951264e+06 1.000747919082641602e+00
2.460888368054082152e+06 9.999114274978637695e-01
2.460888368120213505e+06 1.001261353492736816e+00
2.460888368186344858e+06 1.000797152519226074e+00
2.460888368252476212e+06 1.000031113624572754e+00
2.460888368318607099e+06 1.001181006431579590e+00
2.460888368384738453e+06 1.000557661056518555e+00
2.460888368450869806e+06 1.000301837921142578e+00
2.460888368517000694e+06 1.000590443611145020e+00
2.460888368583132047e+06 9.987615942955017090e-01
2.460888368649263401e+06 1.000493764877319336e+00
2.460888368715394288e+06 9.996194839477539062e-01
2.460888368781525642e+06 1.000578999519348145e+00
2.460888368847656995e+06 1.000811934471130371e+00
2.460888368913787883e+06 1.001274466514587402e+00
2.460888368979919236e+06 9.997835159301757812e-01
2.460888369046050590e+06 1.000393629074096680e+00
2.460888369112181477e+06 1.000077128410339355e+00
2.460888369178312831e+06 9.994833469390869141e-01
2.460888369244444184e+06 1.000565886497497559e+00
2.460888369310575537e+06 1.000355958938598633e+00
2.460888369376706425e+06 1.000610113143920898e+00
2.460888369442837778e+06 9.999310970306396484e-01
2.460888369508969132e+06 1.000234603881835938e+00
2.460888369575100020e+06 1.000528216361999512e+00
2.460888369641231373e+06 1.000337839126586914e+00
2.460888369707362726e+06 1.000903725624084473e+00
2.460888369773493614e+06 1.000385403633117676e+00
2.460888369839624967e+06 1.000195145606994629e+00
2.460888369905756321e+06 1.000718474388122559e+00
2.460888369971887209e+06 9.999278187751770020e-01
2.460888370038018562e+06 1.000915288925170898e+00
2.460888370104149915e+06 1.000651121139526367e+00
2.460888370170280803e+06 1.000116467475891113e+00
2.460888370236412156e+06 9.993242025375366211e-01
2.460888370302543510e+06 1.000874280929565430e+00
2.460888370368674397e+06 9.998573064804077148e-01
2.460888370434805751e+06 9.995686411857604980e-01
2.460888370500937104e+06 9.985598921775817871e-01
2.460888370567068458e+06 1.000342845916748047e+00
2.460888370633199345e+06 1.000605225563049316e+00
2.460888370699330699e+06 1.000754475593566895e+00
2.460888370765462052e+06 1.000936627388000488e+00
2.460888370831592940e+06 1.000168919563293457e+00
2.460888370897724293e+06 9.999540448188781738e-01
2.460888370963855647e+06 1.000729918479919434e+00
2.460888371029986534e+06 9.992881417274475098e-01
2.460888371096117888e+06 1.000455975532531738e+00
2.460888371162249241e+06 1.000911951065063477e+00
2.460888371228380129e+06 1.000677466392517090e+00
2.460888371294511482e+06 1.001274466514587402e+00
2.460888371360642835e+06 1.000003337860107422e+00
2.460888371426773723e+06 9.992848634719848633e-01
2.460888371492905077e+06 1.000457644462585449e+00
2.460888371559036430e+06 1.000391960144042969e+00
2.460888371625167783e+06 9.993701577186584473e-01
2.460888371691298671e+06 1.000041007995605469e+00
2.460888371757430024e+06 9.996834397315979004e-01
2.460888371823561378e+06 9.998097419738769531e-01
2.460888371889692266e+06 1.001822352409362793e+00
2.460888371955823619e+06 1.000134468078613281e+00
2.460888372021954972e+06 1.001241683959960938e+00
2.460888372088085860e+06 1.000359177589416504e+00
2.460888372154217213e+06 9.990552067756652832e-01
2.460888372220348567e+06 1.000259160995483398e+00
2.460888372286479454e+06 1.000498652458190918e+00
2.460888372352610808e+06 9.993110895156860352e-01
2.460888372418742161e+06 9.999196529388427734e-01
2.460888372484873049e+06 9.997358918190002441e-01
2.460888372551004402e+06 1.000972628593444824e+00
2.460888372617135756e+06 1.000774145126342773e+00
2.460888372683267109e+06 9.993570446968078613e-01
2.460888372749397997e+06 9.999901652336120605e-01
2.460888372815529350e+06 1.000142693519592285e+00
2.460888372881660704e+06 1.001107215881347656e+00
2.460888372947791591e+06 1.000961184501647949e+00
2.460888373013922945e+06 1.000264048576354980e+00
2.460888373080054298e+06 9.999836087226867676e-01
2.460888373146185186e+06 1.000142693519592285e+00
2.460888373212316539e+06 1.000242710113525391e+00
2.460888373278447893e+06 9.997785687446594238e-01
2.460888373344578780e+06 9.995587468147277832e-01
2.460888373410710134e+06 9.994668960571289062e-01
2.460888373476841487e+06 1.000766038894653320e+00
2.460888373542972375e+06 9.994685649871826172e-01
2.460888373609103728e+06 9.998802542686462402e-01
2.460888373675235081e+06 1.001003861427307129e+00
2.460888373741365969e+06 9.998195767402648926e-01
2.460888373807497323e+06 1.000419855117797852e+00
2.460888373873628676e+06 9.996210932731628418e-01
2.460888373939760029e+06 1.000831604003906250e+00
2.460888374005890917e+06 1.000505208969116211e+00
2.460888374072022270e+06 9.985319972038269043e-01
2.460888374138153624e+06 1.000731587409973145e+00
2.460888374204284512e+06 1.000395298004150391e+00
2.460888374270415865e+06 9.999786615371704102e-01
2.460888374336547218e+06 1.002014279365539551e+00
2.460888374402678106e+06 9.986352920532226562e-01
2.460888374468809459e+06 1.000959515571594238e+00
2.460888374534940813e+06 1.000296831130981445e+00
2.460888374601071700e+06 9.994767904281616211e-01
2.460888374667203054e+06 9.992552995681762695e-01
2.460888374733334407e+06 1.000570774078369141e+00
2.460888374799465295e+06 1.000779151916503906e+00
2.460888374865596648e+06 9.999950528144836426e-01
2.460888374931728002e+06 9.995095729827880859e-01
2.460888374997859355e+06 9.993422627449035645e-01
2.460888375063990243e+06 9.988452792167663574e-01
2.460888375130121596e+06 1.000626564025878906e+00
2.460888375196252950e+06 1.000503540039062500e+00
2.460888375262383837e+06 1.000183701515197754e+00
2.460888375328515191e+06 9.999606609344482422e-01
2.460888375394646544e+06 1.000416636466979980e+00
2.460888375460777432e+06 9.997966289520263672e-01
2.460888375526908785e+06 9.999803304672241211e-01
2.460888375593040138e+06 1.000029563903808594e+00
2.460888375659171026e+06 1.000355958938598633e+00
2.460888375725302380e+06 1.000247716903686523e+00
2.460888375791433733e+06 1.000118136405944824e+00
2.460888375857564621e+06 1.000528216361999512e+00
2.460888375923695974e+06 1.000360846519470215e+00
2.460888375989827327e+06 9.998688101768493652e-01
2.460888376055958681e+06 1.000454306602478027e+00
2.460888376122089569e+06 1.000160694122314453e+00
2.460888376188220922e+06 9.998802542686462402e-01
2.460888376254352275e+06 9.997637867927551270e-01
2.460888376320483163e+06 9.997277259826660156e-01
2.460888376386614516e+06 1.000641345977783203e+00
2.460888376452745870e+06 1.000998854637145996e+00
2.460888376518876757e+06 1.000231266021728516e+00
2.460888376585008111e+06 9.999688267707824707e-01
2.460888376651139464e+06 9.989846944808959961e-01
2.460888376717270352e+06 1.000493764877319336e+00
2.460888376783401705e+06 9.988518357276916504e-01
2.460888376849533059e+06 9.993603229522705078e-01
2.460888376915663946e+06 1.000598669052124023e+00
2.460888376981795300e+06 1.001427054405212402e+00
2.460888377047926653e+06 1.000588893890380859e+00
2.460888377114058007e+06 9.987205862998962402e-01
2.460888377180188894e+06 9.999343752861022949e-01
2.460888377246320248e+06 1.001041531562805176e+00
2.460888377312451601e+06 9.997260570526123047e-01
2.460888377378582489e+06 1.000354290008544922e+00
2.460888377444713842e+06 9.998868107795715332e-01
2.460888377510845196e+06 9.999015927314758301e-01
2.460888377576976083e+06 1.000447750091552734e+00
2.460888377643107437e+06 1.000267386436462402e+00
2.460888377709238790e+06 9.997063875198364258e-01
2.460888377775369678e+06 1.000150918960571289e+00
2.460888377841501031e+06 1.001254796981811523e+00
2.460888377907632384e+06 1.000421524047851562e+00
2.460888377973763272e+06 9.987468719482421875e-01
2.460888378039894626e+06 1.000272274017333984e+00
2.460888378106025979e+06 1.001358151435852051e+00
2.460888378172157332e+06 1.000062346458435059e+00
2.460888378238288220e+06 9.990568757057189941e-01
2.460888378304419573e+06 9.996719360351562500e-01
2.460888378370550927e+06 1.000805377960205078e+00
2.460888378436681814e+06 1.000829935073852539e+00
2.460888378502813168e+06 9.997654557228088379e-01
2.460888378568944521e+06 9.995341897010803223e-01
2.460888378635075409e+06 1.000183701515197754e+00
2.460888378701206762e+06 9.997966289520263672e-01
2.460888378767338116e+06 9.990847706794738770e-01
2.460888378833469003e+06 1.000531435012817383e+00
2.460888378899600357e+06 1.000351071357727051e+00
2.460888378965731710e+06 9.997752904891967773e-01
2.460888379031862598e+06 1.001028418540954590e+00
2.460888379097993951e+06 9.996112585067749023e-01
2.460888379164125305e+06 9.992044568061828613e-01
2.460888379230256192e+06 9.998441934585571289e-01
2.460888379296387546e+06 1.000305056571960449e+00
2.460888379362518899e+06 9.993504881858825684e-01
2.460888379428650253e+06 1.000670909881591797e+00
2.460888379494781140e+06 9.996112585067749023e-01
2.460888379560912494e+06 9.998654723167419434e-01
2.460888379627043847e+06 9.993094801902770996e-01
2.460888379693174735e+06 9.998884797096252441e-01
2.460888379759306088e+06 9.998130202293395996e-01
2.460888379825437441e+06 9.999884963035583496e-01
2.460888379891568329e+06 1.000318169593811035e+00
2.460888379957699683e+06 9.995768070220947266e-01
2.460888380023831036e+06 1.000651121139526367e+00
2.460888380089961924e+06 1.000400185585021973e+00
2.460888380156093277e+06 1.001090764999389648e+00
2.460888380222224630e+06 9.996736049652099609e-01
2.460888380288355518e+06 1.000998854637145996e+00
2.460888380354486872e+06 1.000469088554382324e+00
2.460888380420618225e+06 1.000562548637390137e+00
2.460888380486749113e+06 1.000926733016967773e+00
2.460888380552880466e+06 1.000265717506408691e+00
2.460888380619011819e+06 9.994373917579650879e-01
2.460888380685143173e+06 9.992372989654541016e-01
2.460888380751274060e+06 1.000390410423278809e+00
2.460888380817405414e+06 1.000697135925292969e+00
2.460888380883536767e+06 1.000318169593811035e+00
2.460888380949667655e+06 1.000260829925537109e+00
2.460888381015799008e+06 9.999426007270812988e-01
2.460888381081930362e+06 1.000554442405700684e+00
2.460888381148061249e+06 1.001271247863769531e+00
2.460888381214192603e+06 1.000136137008666992e+00
2.460888381280323956e+06 9.996604919433593750e-01
2.460888381346454844e+06 1.000214815139770508e+00
2.460888381412586197e+06 1.000518321990966797e+00
2.460888381478717551e+06 1.001258015632629395e+00
2.460888381544848438e+06 1.000187039375305176e+00
2.460888381610979792e+06 1.000508427619934082e+00
2.460888381677111145e+06 9.999884963035583496e-01
2.460888381743242498e+06 1.000337839126586914e+00
2.460888381809373386e+06 1.000836491584777832e+00
2.460888381875504740e+06 1.000039339065551758e+00
2.460888381941636093e+06 1.000296831130981445e+00
2.460888382007766981e+06 1.000083684921264648e+00
2.460888382073898334e+06 9.989748597145080566e-01
2.460888382140029687e+06 9.998736977577209473e-01
2.460888382206160575e+06 9.999262094497680664e-01
2.460888382272291929e+06 9.990503191947937012e-01
2.460888382338423282e+06 1.000895619392395020e+00
2.460888382404554170e+06 1.000290274620056152e+00
2.460888382470685523e+06 1.000510096549987793e+00
2.460888382536816876e+06 1.001477837562561035e+00
2.460888382602947764e+06 1.001497507095336914e+00
2.460888382669079117e+06 9.989928603172302246e-01
2.460888382735210471e+06 1.000859498977661133e+00
2.460888382801341824e+06 9.983860254287719727e-01
2.460888382867472712e+06 1.000372290611267090e+00
2.460888382933604065e+06 1.000016450881958008e+00
2.460888382999735419e+06 9.997785687446594238e-01
2.460888383065866306e+06 1.001144886016845703e+00
2.460888383131997660e+06 1.000802040100097656e+00
2.460888383198129013e+06 9.995702505111694336e-01
2.460888383264259901e+06 1.000165700912475586e+00
2.460888383330391254e+06 9.990093111991882324e-01
2.460888383396522608e+06 1.001100659370422363e+00
2.460888383462653495e+06 9.998704195022583008e-01
2.460888383528784849e+06 9.999753832817077637e-01
2.460888383594916202e+06 9.997244477272033691e-01
2.460888383661047090e+06 9.997195005416870117e-01
2.460888383727178443e+06 9.996670484542846680e-01
2.460888383793309797e+06 1.000180482864379883e+00
2.460888383859440684e+06 1.000160694122314453e+00
2.460888383925572038e+06 1.001430273056030273e+00
2.460888383991703391e+06 1.000177145004272461e+00
2.460888384057834744e+06 9.997358918190002441e-01
2.460888384123965632e+06 9.996916055679321289e-01
2.460888384190096986e+06 9.998278021812438965e-01
2.460888384256228339e+06 1.000318169593811035e+00
2.460888384322359227e+06 9.986828565597534180e-01
2.460888384388490580e+06 9.990634322166442871e-01
2.460888384454621933e+06 1.000208258628845215e+00
2.460888384520752821e+06 1.000264048576354980e+00
2.460888384586884174e+06 9.999901652336120605e-01
2.460888384653015528e+06 9.999114274978637695e-01
2.460888384719146416e+06 9.992946982383728027e-01
2.460888384785277769e+06 9.998409152030944824e-01
2.460888384851409122e+06 9.998047947883605957e-01
2.460888384917540010e+06 1.000954627990722656e+00
2.460888384983671363e+06 9.998376369476318359e-01
2.460888385049802717e+06 9.996719360351562500e-01
2.460888385115934070e+06 9.997211694717407227e-01
2.460888385182064958e+06 9.995686411857604980e-01
2.460888385248196311e+06 9.990584850311279297e-01
2.460888385314327665e+06 9.997113347053527832e-01
2.460888385380458552e+06 9.995538592338562012e-01
2.460888385446589906e+06 9.999048709869384766e-01
2.460888385512721259e+06 1.000684022903442383e+00
2.460888385578852147e+06 9.990634322166442871e-01
2.460888385644983500e+06 9.992914199829101562e-01
2.460888385711114854e+06 9.989042878150939941e-01
2.460888385777245741e+06 9.999360442161560059e-01
2.460888385843377095e+06 1.000193595886230469e+00
2.460888385909508448e+06 1.000524878501892090e+00
2.460888385975639336e+06 1.000603556632995605e+00
2.460888386041770689e+06 9.987796545028686523e-01
2.460888386107902043e+06 1.001489400863647461e+00
2.460888386174033396e+06 9.999540448188781738e-01
2.460888386240164284e+06 1.000031113624572754e+00
2.460888386306295637e+06 9.994210004806518555e-01
2.460888386372426990e+06 9.994226098060607910e-01
2.460888386438557878e+06 9.989305734634399414e-01
2.460888386504689232e+06 1.000177145004272461e+00
2.460888386570820585e+06 9.999852180480957031e-01
2.460888386636951473e+06 9.997752904891967773e-01
2.460888386703082826e+06 1.000664353370666504e+00
2.460888386769214179e+06 1.000267386436462402e+00
2.460888386835345067e+06 1.000473976135253906e+00
2.460888386901476420e+06 9.996752142906188965e-01
2.460888386967607774e+06 9.996424317359924316e-01
2.460888387033738662e+06 9.993324279785156250e-01
2.460888387099870015e+06 9.998097419738769531e-01
2.460888387166001368e+06 1.000298500061035156e+00
2.460888387232132256e+06 1.000265717506408691e+00
2.460888387298263609e+06 1.001466393470764160e+00
2.460888387364394963e+06 1.001504063606262207e+00
2.460888387430526316e+06 9.985516667366027832e-01
2.460888387496657204e+06 1.000067234039306641e+00
2.460888387562788557e+06 1.000091910362243652e+00
2.460888387628919911e+06 9.998638629913330078e-01
2.460888387695050798e+06 1.000975966453552246e+00
2.460888387761182152e+06 1.001153111457824707e+00
2.460888387827313505e+06 9.989945292472839355e-01
2.460888387893444393e+06 9.998113512992858887e-01
2.460888387959575746e+06 1.000334620475769043e+00
2.460888388025707100e+06 9.999884963035583496e-01
2.460888388091837987e+06 9.996210932731628418e-01
2.460888388157969341e+06 1.000331282615661621e+00
2.460888388224100694e+06 9.990699887275695801e-01
2.460888388290231582e+06 1.000050902366638184e+00
2.460888388356362935e+06 1.000100016593933105e+00
2.460888388422494289e+06 1.000341176986694336e+00
2.460888388488625642e+06 1.000528216361999512e+00
2.460888388554756530e+06 9.996129274368286133e-01
2.460888388620887883e+06 9.997884035110473633e-01
2.460888388687019236e+06 1.000021338462829590e+00
2.460888388753150124e+06 1.001389265060424805e+00
2.460888388819281477e+06 1.000756144523620605e+00
2.460888388885412831e+06 9.992061257362365723e-01
2.460888388951543719e+06 1.000116467475891113e+00
2.460888389017675072e+06 9.999015927314758301e-01
2.460888389083806425e+06 1.000816822052001953e+00
2.460888389149937313e+06 9.999015927314758301e-01
2.460888389216068666e+06 9.992323517799377441e-01
2.460888389282200020e+06 9.998688101768493652e-01
2.460888389348330908e+06 9.990191459655761719e-01
2.460888389414462261e+06 1.000216484069824219e+00
2.460888389480593614e+06 1.000626564025878906e+00
2.460888389546724968e+06 9.990371465682983398e-01
2.460888389612855855e+06 1.000488758087158203e+00
2.460888389678987209e+06 9.999130964279174805e-01
2.460888389745118562e+06 1.000677466392517090e+00
2.460888389811249450e+06 1.000775814056396484e+00
2.460888389877380803e+06 9.989781379699707031e-01
2.460888389943512157e+06 9.996834397315979004e-01
2.460888390009643044e+06 1.000287055969238281e+00
2.460888390075774398e+06 9.993357062339782715e-01
2.460888390141905751e+06 1.001082539558410645e+00
2.460888390208036639e+06 1.001020193099975586e+00
2.460888390274167992e+06 1.000093460083007812e+00
2.460888390340299346e+06 9.999196529388427734e-01
2.460888390406430233e+06 1.000206708908081055e+00
2.460888390472561587e+06 9.993357062339782715e-01
2.460888390538692940e+06 1.000416636466979980e+00
2.460888390604823828e+06 9.992290735244750977e-01
2.460888390670955181e+06 1.000149250030517578e+00
2.460888390737086535e+06 1.000109910964965820e+00
2.460888390803217888e+06 9.990765452384948730e-01
2.460888390869348776e+06 9.999507665634155273e-01
2.460888390935480129e+06 1.000047564506530762e+00
2.460888391001611482e+06 1.000569224357604980e+00
2.460888391067742370e+06 1.000195145606994629e+00
2.460888391133873723e+06 9.999393224716186523e-01
2.460888391200005077e+06 1.000313282012939453e+00
2.460888391266135965e+06 1.000214815139770508e+00
2.460888391332267318e+06 1.000162363052368164e+00
2.460888391398398671e+06 9.992372989654541016e-01
2.460888391464529559e+06 1.000088572502136230e+00
2.460888391530660912e+06 9.993865489959716797e-01
2.460888391596792266e+06 9.987796545028686523e-01
2.460888391662923153e+06 9.987665414810180664e-01
2.460888391729054507e+06 1.000185370445251465e+00
2.460888391795185860e+06 1.001212120056152344e+00
2.460888391861317214e+06 1.000113129615783691e+00
2.460888391927448101e+06 9.999573826789855957e-01
2.460888391993579455e+06 1.000042676925659180e+00
2.460888392059710808e+06 1.000205039978027344e+00
2.460888392125841696e+06 1.001146554946899414e+00
2.460888392191973049e+06 1.000483870506286621e+00
2.460888392258104403e+06 1.000925064086914062e+00
2.460888392324235290e+06 1.001213788986206055e+00
2.460888392390366644e+06 1.001400828361511230e+00
2.460888392456497997e+06 1.000933289527893066e+00
2.460888392522628885e+06 1.001289248466491699e+00
2.460888392588760238e+06 1.000068902969360352e+00
2.460888392654891592e+06 9.994668960571289062e-01
2.460888392721022479e+06 9.995669722557067871e-01
2.460888392787153833e+06 9.997473955154418945e-01
2.460888392853285186e+06 1.000578999519348145e+00
2.460888392919416074e+06 9.996572136878967285e-01
2.460888392985547427e+06 1.000188589096069336e+00
2.460888393051678780e+06 9.999393224716186523e-01
2.460888393117810134e+06 1.000393629074096680e+00
2.460888393183941022e+06 1.001623868942260742e+00
2.460888393250072375e+06 1.000011444091796875e+00
2.460888393316203728e+06 9.995915889739990234e-01
2.460888393382334616e+06 9.998162984848022461e-01
2.460888393448465969e+06 9.994701743125915527e-01
2.460888393514597323e+06 9.984073042869567871e-01
2.460888393580728211e+06 1.001733779907226562e+00
2.460888393646859564e+06 1.000679016113281250e+00
2.460888393712990917e+06 1.000439643859863281e+00
2.460888393779121805e+06 9.999589920043945312e-01
2.460888393845253158e+06 1.001013636589050293e+00
2.460888393911384512e+06 9.998753666877746582e-01
2.460888393977515399e+06 9.996243715286254883e-01
2.460888394043646753e+06 1.000434637069702148e+00
2.460888394109778106e+06 1.000980854034423828e+00
2.460888394175909460e+06 1.001195788383483887e+00
2.460888394242040347e+06 9.999803304672241211e-01
2.460888394308171701e+06 9.994111657142639160e-01
2.460888394374303054e+06 1.000487208366394043e+00
2.460888394440433942e+06 9.996506571769714355e-01
2.460888394506565295e+06 9.994505047798156738e-01
2.460888394572696649e+06 9.999704957008361816e-01
2.460888394638827536e+06 1.000720024108886719e+00
2.460888394704958890e+06 9.994258880615234375e-01
2.460888394771090243e+06 9.990010857582092285e-01
2.460888394837221131e+06 1.001481175422668457e+00
2.460888394903352484e+06 9.995390772819519043e-01
2.460888394969483837e+06 9.995374679565429688e-01
2.460888395035614725e+06 1.000451087951660156e+00
2.460888395101746079e+06 9.997654557228088379e-01
2.460888395167877432e+06 1.000743031501770020e+00
2.460888395234008320e+06 9.993570446968078613e-01
2.460888395300139673e+06 9.998228549957275391e-01
2.460888395366271026e+06 1.000177145004272461e+00
2.460888395432402380e+06 1.000711917877197266e+00
2.460888395498533268e+06 1.000523209571838379e+00
2.460888395564664621e+06 9.978660345077514648e-01
2.460888395630795974e+06 9.991077184677124023e-01
2.460888395696926862e+06 1.000211596488952637e+00
2.460888395763058215e+06 1.000205039978027344e+00
2.460888395829189569e+06 1.000351071357727051e+00
2.460888395895320456e+06 9.993045330047607422e-01
2.460888395961451810e+06 1.000716805458068848e+00
2.460888396027583163e+06 1.001353144645690918e+00
2.460888396093714051e+06 9.994357824325561523e-01
2.460888396159845404e+06 9.994423389434814453e-01
2.460888396225976758e+06 1.001381039619445801e+00
2.460888396292107645e+06 1.000113129615783691e+00
2.460888396358238999e+06 9.995357990264892578e-01
2.460888396424370352e+06 9.991421699523925781e-01
2.460888396490501706e+06 9.984434247016906738e-01
2.460888396556632593e+06 9.989683032035827637e-01
2.460888396622763947e+06 9.990338683128356934e-01
2.460888396688895300e+06 9.990667104721069336e-01
2.460888396755026188e+06 1.000364184379577637e+00
2.460888396821157541e+06 1.000377297401428223e+00
2.460888396887288895e+06 1.000390410423278809e+00
2.460888396953419782e+06 9.997211694717407227e-01
2.460888397019551136e+06 9.996850490570068359e-01
2.460888397085682489e+06 9.996210932731628418e-01
2.460888397151813377e+06 9.993668794631958008e-01
2.460888397217944730e+06 1.000615119934082031e+00
2.460888397284076083e+06 1.000656127929687500e+00
2.460888397350206971e+06 9.996260404586791992e-01
2.460888397416338325e+06 1.000383853912353516e+00
2.460888397482469678e+06 9.995669722557067871e-01
2.460888397548601031e+06 9.986402392387390137e-01
2.460888397614731919e+06 9.993783235549926758e-01
2.460888397680863272e+06 9.991930127143859863e-01
2.460888397746994626e+06 9.993127584457397461e-01
2.460888397813125513e+06 1.000037670135498047e+00
2.460888397879256867e+06 9.999524354934692383e-01
2.460888397945388220e+06 1.000244379043579102e+00
2.460888398011519108e+06 9.997195005416870117e-01
2.460888398077650461e+06 9.993209242820739746e-01
2.460888398143781815e+06 9.995423555374145508e-01
2.460888398209912702e+06 9.992717504501342773e-01
2.460888398276044056e+06 1.000045895576477051e+00
2.460888398342175409e+06 9.989895820617675781e-01
2.460888398408306297e+06 9.990404844284057617e-01
2.460888398474437650e+06 9.994947910308837891e-01
2.460888398540569004e+06 9.999639391899108887e-01
2.460888398606699891e+06 9.996096491813659668e-01
2.460888398672831245e+06 1.000669240951538086e+00
2.460888398738962598e+06 1.000925064086914062e+00
2.460888398805093952e+06 1.000139474868774414e+00
2.460888398871224839e+06 9.998589158058166504e-01
2.460888398937356193e+06 1.001641869544982910e+00
2.460888399003487546e+06 9.996899962425231934e-01
2.460888399069618434e+06 9.999950528144836426e-01
2.460888399135749787e+06 1.000195145606994629e+00
2.460888399201881140e+06 1.000398635864257812e+00
2.460888399268012028e+06 1.000064015388488770e+00
2.460888399334143382e+06 9.994488954544067383e-01
2.460888399400274735e+06 9.999934434890747070e-01
2.460888399466405623e+06 1.000354290008544922e+00
2.460888399532536976e+06 9.997637867927551270e-01
2.460888399598668329e+06 1.000382184982299805e+00
2.460888399664799217e+06 9.998540282249450684e-01
2.460888399730930571e+06 9.993094801902770996e-01
2.460888399797061924e+06 1.000190258026123047e+00
2.460888399863193277e+06 9.997768998146057129e-01
2.460888399929324165e+06 1.000183701515197754e+00
2.460888399995455518e+06 9.993914961814880371e-01
2.460888400061586872e+06 1.000078678131103516e+00
2.460888400127717759e+06 9.998130202293395996e-01
2.460888400193849113e+06 1.000036120414733887e+00
2.460888400259980466e+06 9.999901652336120605e-01
2.460888400326111354e+06 9.993324279785156250e-01
2.460888400392242707e+06 9.990847706794738770e-01
2.460888400458374061e+06 9.995768070220947266e-01
2.460888400524504948e+06 9.996309280395507812e-01
2.460888400590636302e+06 1.000779151916503906e+00
2.460888400656767655e+06 9.992421865463256836e-01
2.460888400722898543e+06 1.000636458396911621e+00
2.460888400789029896e+06 1.000262379646301270e+00
2.460888400855161250e+06 1.000731587409973145e+00
2.460888400921292603e+06 9.999868869781494141e-01
2.460888400987423491e+06 1.001559853553771973e+00
2.460888401053554844e+06 9.999032020568847656e-01
2.460888401119686197e+06 1.000083684921264648e+00
2.460888401185817085e+06 9.993570446968078613e-01
2.460888401251948439e+06 9.999540448188781738e-01
2.460888401318079792e+06 9.992963075637817383e-01
2.460888401384210680e+06 9.999245405197143555e-01
2.460888401450342033e+06 1.000136137008666992e+00
2.460888401516473386e+06 1.000542879104614258e+00
2.460888401582604274e+06 9.991257786750793457e-01
2.460888401648735628e+06 9.997752904891967773e-01
2.460888401714866981e+06 1.000231266021728516e+00
2.460888401780997869e+06 9.998556375503540039e-01
2.460888401847129222e+06 1.000726580619812012e+00
2.460888401913260575e+06 1.000608563423156738e+00
2.460888401979391463e+06 1.000406742095947266e+00
2.460888402045522816e+06 1.001377820968627930e+00
2.460888402111654170e+06 9.993947744369506836e-01
2.460888402177785523e+06 1.000654458999633789e+00
2.460888402243916411e+06 1.001162886619567871e+00
2.460888402310047764e+06 1.000449419021606445e+00
2.460888402376179118e+06 1.000528216361999512e+00
2.460888402442310005e+06 9.996047019958496094e-01
2.460888402508441359e+06 1.000360846519470215e+00
2.460888402574572712e+06 1.001041531562805176e+00
2.460888402640703600e+06 1.000013113021850586e+00
2.460888402706834953e+06 1.000948071479797363e+00
2.460888402772966307e+06 1.000328063964843750e+00
2.460888402839097194e+06 9.996260404586791992e-01
2.460888402905228548e+06 1.000546216964721680e+00
2.460888402971359901e+06 1.000311613082885742e+00
2.460888403037490789e+06 1.000597000122070312e+00
2.460888403103622142e+06 9.992864727973937988e-01
2.460888403169753496e+06 9.999491572380065918e-01
2.460888403235884383e+06 9.994718432426452637e-01
2.460888403302015737e+06 1.000337839126586914e+00
2.460888403368147090e+06 1.000073790550231934e+00
2.460888403434278443e+06 9.997375607490539551e-01
2.460888403500409331e+06 9.995931982994079590e-01
2.460888403566540685e+06 9.987468719482421875e-01
2.460888403632672038e+06 1.000373959541320801e+00
2.460888403698802926e+06 9.997670650482177734e-01
2.460888403764934279e+06 1.000313282012939453e+00
2.460888403831065632e+06 1.000124692916870117e+00
2.460888403897196520e+06 1.000332951545715332e+00
2.460888403963327873e+06 1.000898838043212891e+00
2.460888404029459227e+06 9.997523427009582520e-01
2.460888404095590115e+06 9.991454482078552246e-01
2.460888404161721468e+06 1.000792264938354492e+00
2.460888404227852821e+06 9.991224408149719238e-01
2.460888404293983709e+06 1.000295281410217285e+00
2.460888404360115062e+06 9.991290569305419922e-01
2.460888404426246416e+06 9.993422627449035645e-01
2.460888404492377769e+06 9.999458789825439453e-01
2.460888404558508657e+06 1.000380516052246094e+00
2.460888404624640010e+06 9.995768070220947266e-01
2.460888404690771364e+06 9.998162984848022461e-01
2.460888404756902251e+06 1.001484394073486328e+00
2.460888404823033605e+06 1.000610113143920898e+00
2.460888404889164958e+06 1.000431418418884277e+00
2.460888404955295846e+06 1.000009894371032715e+00
2.460888405021427199e+06 9.995636940002441406e-01
2.460888405087558553e+06 9.997900724411010742e-01
2.460888405153689440e+06 1.000408411026000977e+00
2.460888405219820794e+06 1.001271247863769531e+00
2.460888405285952147e+06 1.000984191894531250e+00
2.460888405352083035e+06 9.993062019348144531e-01
2.460888405418214388e+06 9.996194839477539062e-01
2.460888405484345742e+06 9.994258880615234375e-01
2.460888405550477095e+06 9.998753666877746582e-01
2.460888405616607983e+06 9.993701577186584473e-01
2.460888405682739336e+06 1.000206708908081055e+00
2.460888405748870689e+06 9.993488192558288574e-01
2.460888405815001577e+06 1.000191926956176758e+00
2.460888405881132931e+06 9.996867179870605469e-01
2.460888405947264284e+06 1.000870943069458008e+00
2.460888406013395172e+06 1.000785708427429199e+00
2.460888406079526525e+06 9.997687339782714844e-01
2.460888406145657878e+06 9.995784759521484375e-01
2.460888406211788766e+06 9.997933506965637207e-01
2.460888406277920119e+06 9.997408390045166016e-01
2.460888406344051473e+06 9.996670484542846680e-01
2.460888406410182361e+06 9.999983310699462891e-01
2.460888406476313714e+06 9.999442100524902344e-01
2.460888406542445067e+06 1.000075459480285645e+00
2.460888406608575955e+06 1.000756144523620605e+00
2.460888406674707308e+06 1.000610113143920898e+00
2.460888406740838662e+06 9.994242787361145020e-01
2.460888406806970015e+06 1.001002192497253418e+00
2.460888406873100903e+06 1.000205039978027344e+00
2.460888406939232256e+06 9.995177388191223145e-01
2.460888407005363610e+06 1.002140522003173828e+00
2.460888407071494497e+06 1.000905394554138184e+00
2.460888407137625851e+06 9.998884797096252441e-01
2.460888407203757204e+06 1.000055789947509766e+00
2.460888407269888092e+06 9.998950362205505371e-01
2.460888407336019445e+06 1.000975966453552246e+00
2.460888407402150799e+06 9.993734359741210938e-01
2.460888407468281686e+06 9.988715052604675293e-01
2.460888407534413040e+06 9.997949600219726562e-01
2.460888407600544393e+06 9.995521903038024902e-01
2.460888407666675281e+06 1.000042676925659180e+00
2.460888407732806634e+06 1.000314950942993164e+00
2.460888407798937988e+06 1.000126242637634277e+00
2.460888407865068875e+06 9.987846016883850098e-01
2.460888407931200229e+06 9.991339445114135742e-01
2.460888407997331582e+06 1.000564217567443848e+00
2.460888408063462935e+06 1.000106573104858398e+00
2.460888408129593823e+06 1.000147581100463867e+00
2.460888408195725176e+06 9.995702505111694336e-01
2.460888408261856530e+06 1.000434637069702148e+00
2.460888408327987418e+06 1.000037670135498047e+00
2.460888408394118771e+06 9.998278021812438965e-01
2.460888408460250124e+06 9.997720122337341309e-01
2.460888408526381012e+06 1.000731587409973145e+00
2.460888408592512365e+06 9.997621774673461914e-01
2.460888408658643719e+06 9.988616704940795898e-01
2.460888408724774607e+06 1.000592112541198730e+00
2.460888408790905960e+06 9.996736049652099609e-01
2.460888408857037313e+06 1.000224709510803223e+00
2.460888408923168201e+06 1.000493764877319336e+00
2.460888408989299554e+06 9.996489882469177246e-01
2.460888409055430908e+06 1.000147581100463867e+00
2.460888409121562261e+06 1.000124692916870117e+00
2.460888409187693149e+06 1.000831604003906250e+00
2.460888409253824502e+06 9.997588992118835449e-01
2.460888409319955856e+06 9.999310970306396484e-01
2.460888409386086743e+06 1.000541329383850098e+00
2.460888409452218097e+06 1.000439643859863281e+00
2.460888409518349450e+06 1.000064015388488770e+00
2.460888409584480338e+06 9.996030330657958984e-01
2.460888409650611691e+06 1.000103354454040527e+00
2.460888409716743045e+06 9.999081492424011230e-01
2.460888409782873932e+06 1.000487208366394043e+00
2.460888409849005286e+06 9.997146129608154297e-01
2.460888409915136639e+06 9.999868869781494141e-01
2.460888409981267527e+06 1.000733137130737305e+00
2.460888410047398880e+06 9.997031092643737793e-01
2.460888410113530234e+06 9.987288117408752441e-01
2.460888410179661121e+06 1.000644564628601074e+00
2.460888410245792475e+06 9.988026022911071777e-01
2.460888410311923828e+06 1.000045895576477051e+00
2.460888410378055181e+06 9.996374845504760742e-01
2.460888410444186069e+06 1.001005411148071289e+00
2.460888410510317422e+06 9.988288879394531250e-01
2.460888410576448776e+06 9.989928603172302246e-01
2.460888410642579664e+06 1.000472426414489746e+00
2.460888410708711017e+06 1.000444531440734863e+00
2.460888410774842370e+06 1.000078678131103516e+00
2.460888410840973258e+06 1.000636458396911621e+00
2.460888410907104611e+06 9.993799924850463867e-01
2.460888410973235965e+06 9.997900724411010742e-01
2.460888411039366852e+06 1.000793933868408203e+00
2.460888411105498206e+06 1.000682353973388672e+00
2.460888411171629559e+06 9.994144439697265625e-01
2.460888411237760447e+06 1.000375628471374512e+00
2.460888411303891800e+06 1.000346064567565918e+00
2.460888411370023154e+06 1.000370740890502930e+00
2.460888411436154507e+06 1.000328063964843750e+00
2.460888411502285395e+06 1.000925064086914062e+00
2.460888411568416748e+06 1.000836491584777832e+00
2.460888411634548102e+06 1.000708580017089844e+00
2.460888411700678989e+06 9.997703433036804199e-01
2.460888411766810343e+06 9.995177388191223145e-01
2.460888411832941696e+06 9.998409152030944824e-01
2.460888411899072584e+06 1.000656127929687500e+00
2.460888411965203937e+06 1.000951290130615234e+00
2.460888412031335291e+06 1.000411748886108398e+00
2.460888412097466178e+06 9.998310804367065430e-01
2.460888412163597532e+06 9.993652105331420898e-01
2.460888412229728885e+06 1.001810789108276367e+00
2.460888412295859773e+06 9.996342062950134277e-01
2.460888412361991126e+06 1.001026749610900879e+00
2.460888412428122479e+06 1.000285387039184570e+00
2.460888412494253367e+06 1.000570774078369141e+00
2.460888412560384721e+06 1.000029563903808594e+00
2.460888412626516074e+06 1.000277161598205566e+00
2.460888412692647427e+06 9.997605085372924805e-01
2.460888412758778315e+06 1.001960039138793945e+00
2.460888412824909668e+06 1.000616788864135742e+00
2.460888412891041022e+06 1.000228047370910645e+00
2.460888412957171910e+06 9.998179078102111816e-01
2.460888413023303263e+06 9.999589920043945312e-01
2.460888413089434616e+06 9.993636012077331543e-01
2.460888413155565504e+06 9.996112585067749023e-01
2.460888413221696857e+06 1.000000000000000000e+00
2.460888413287828211e+06 9.998917579650878906e-01
2.460888413353959098e+06 1.000318169593811035e+00
2.460888413420090452e+06 1.000114798545837402e+00
2.460888413486221805e+06 1.001338481903076172e+00
2.460888413552352693e+06 1.000870943069458008e+00
2.460888413618484046e+06 9.998031854629516602e-01
2.460888413684615400e+06 1.000011444091796875e+00
2.460888413750746753e+06 1.000629901885986328e+00
2.460888413816877641e+06 9.996293187141418457e-01
2.460888413883008994e+06 1.000396966934204102e+00
2.460888413949140348e+06 1.000177145004272461e+00
2.460888414015271235e+06 9.985073804855346680e-01
2.460888414081402589e+06 9.991880655288696289e-01
2.460888414147533942e+06 9.993848800659179688e-01
2.460888414213664830e+06 9.993603229522705078e-01
2.460888414279796183e+06 1.000544548034667969e+00
2.460888414345927536e+06 9.988436102867126465e-01
2.460888414412058424e+06 1.000283718109130859e+00
2.460888414478189778e+06 9.994177222251892090e-01
2.460888414544321131e+06 1.000360846519470215e+00
2.460888414610452019e+06 9.999442100524902344e-01
2.460888414676583372e+06 9.996489882469177246e-01
2.460888414742714725e+06 1.001121878623962402e+00
2.460888414808845613e+06 1.000219821929931641e+00
2.460888414874976967e+06 9.998983144760131836e-01
2.460888414941108320e+06 9.992783069610595703e-01
2.460888415007239673e+06 9.993242025375366211e-01
2.460888415073370561e+06 1.001351594924926758e+00
2.460888415139501914e+06 1.000134468078613281e+00
2.460888415205633268e+06 9.993504881858825684e-01
2.460888415271764155e+06 1.000380516052246094e+00
2.460888415337895509e+06 9.998688101768493652e-01
2.460888415404026862e+06 1.000687241554260254e+00
2.460888415470157750e+06 9.991405010223388672e-01
2.460888415536289103e+06 1.000405192375183105e+00
2.460888415602420457e+06 1.000006556510925293e+00
2.460888415668551344e+06 1.000460863113403320e+00
2.460888415734682698e+06 9.991995692253112793e-01
2.460888415800814051e+06 9.996342062950134277e-01
2.460888415866944939e+06 9.994636178016662598e-01
2.460888415933076292e+06 1.000275611877441406e+00
2.460888415999207646e+06 9.997736215591430664e-01
2.460888416065338999e+06 1.000547885894775391e+00
2.460888416131469887e+06 1.000062346458435059e+00
2.460888416197601240e+06 1.000662684440612793e+00
2.460888416263732594e+06 1.000869274139404297e+00
2.460888416329863481e+06 9.987484812736511230e-01
2.460888416395994835e+06 9.999688267707824707e-01
2.460888416462126188e+06 9.996572136878967285e-01
2.460888416528257076e+06 1.001185894012451172e+00
2.460888416594388429e+06 9.996243715286254883e-01
2.460888416660519782e+06 9.998146295547485352e-01
2.460888416726650670e+06 9.999704957008361816e-01
2.460888416792782024e+06 1.000105023384094238e+00
2.460888416858913377e+06 1.000752925872802734e+00
2.460888416925044265e+06 9.999917745590209961e-01
2.460888416991175618e+06 9.995013475418090820e-01
2.460888417057306971e+06 9.994882345199584961e-01
2.460888417123437859e+06 1.000351071357727051e+00
2.460888417189569212e+06 9.997605085372924805e-01
2.460888417255700566e+06 9.986861348152160645e-01
2.460888417321831919e+06 1.000283718109130859e+00
2.460888417387962807e+06 9.999934434890747070e-01
2.460888417454094160e+06 9.995571374893188477e-01
2.460888417520225514e+06 9.998130202293395996e-01
2.460888417586356401e+06 9.998540282249450684e-01
2.460888417652487755e+06 1.000952959060668945e+00
2.460888417718619108e+06 1.000047564506530762e+00
2.460888417784749996e+06 9.984401464462280273e-01
2.460888417850881349e+06 9.994275569915771484e-01
2.460888417917012703e+06 1.000378847122192383e+00
2.460888417983143590e+06 9.993537664413452148e-01
2.460888418049274944e+06 1.000638008117675781e+00
2.460888418115406297e+06 1.000518321990966797e+00
2.460888418181537185e+06 1.000749588012695312e+00
2.460888418247668538e+06 1.000469088554382324e+00
2.460888418313799892e+06 9.996883273124694824e-01
2.460888418379930779e+06 1.001041531562805176e+00
2.460888418446062133e+06 1.000032782554626465e+00
2.460888418512193486e+06 9.996325969696044922e-01
2.460888418578324839e+06 9.998080730438232422e-01
2.460888418644455727e+06 1.000232934951782227e+00
2.460888418710587081e+06 9.995554685592651367e-01
2.460888418776718434e+06 1.000200152397155762e+00
2.460888418842849322e+06 9.991815090179443359e-01
2.460888418908980675e+06 1.000472426414489746e+00
2.460888418975112028e+06 1.000508427619934082e+00
2.460888419041242916e+06 1.000290274620056152e+00
2.460888419107374270e+06 9.992340207099914551e-01
2.460888419173505623e+06 9.999048709869384766e-01
2.460888419239636511e+06 9.997588992118835449e-01
2.460888419305767864e+06 9.993636012077331543e-01
2.460888419371899217e+06 9.997342824935913086e-01
2.460888419438030105e+06 1.000549435615539551e+00
2.460888419504161458e+06 1.000044345855712891e+00
2.460888419570292812e+06 9.995850324630737305e-01
2.460888419636424165e+06 9.998015165328979492e-01
2.460888419702555053e+06 9.989797472953796387e-01
2.460888419768686406e+06 9.997835159301757812e-01
2.460888419834817760e+06 9.984598159790039062e-01
2.460888419900948647e+06 9.996752142906188965e-01
2.460888419967080001e+06 9.997785687446594238e-01
2.460888420033211354e+06 1.000644564628601074e+00
2.460888420099342242e+06 1.000513434410095215e+00
2.460888420165473595e+06 1.000652790069580078e+00
2.460888420231604949e+06 9.998326897621154785e-01
2.460888420297735836e+06 1.000460863113403320e+00
2.460888420363867190e+06 9.998621940612792969e-01
2.460888420429998543e+06 1.000129580497741699e+00
2.460888420496129431e+06 9.996309280395507812e-01
2.460888420562260784e+06 9.998490810394287109e-01
2.460888420628392138e+06 9.982875585556030273e-01
2.460888420694523491e+06 9.990437626838684082e-01
2.460888420760654379e+06 1.000167250633239746e+00
2.460888420826785732e+06 9.991405010223388672e-01
2.460888420892917085e+06 1.000319838523864746e+00
2.460888420959047973e+06 1.000388741493225098e+00
2.460888421025179327e+06 9.998261332511901855e-01
2.460888421091310680e+06 9.996932744979858398e-01
2.460888421157441568e+06 9.995521903038024902e-01
2.460888421223572921e+06 9.988698959350585938e-01
2.460888421289704274e+06 1.000564217567443848e+00
2.460888421355835162e+06 9.990732669830322266e-01
2.460888421421966515e+06 1.001445055007934570e+00
2.460888421488097869e+06 9.996358752250671387e-01
2.460888421554228757e+06 1.000127911567687988e+00
2.460888421620360110e+06 9.998425245285034180e-01
2.460888421686491463e+06 9.999130964279174805e-01
2.460888421752622351e+06 9.997096657752990723e-01
2.460888421818753704e+06 1.000090241432189941e+00
2.460888421884885058e+06 1.000779151916503906e+00
2.460888421951016411e+06 1.001082539558410645e+00
2.460888422017147299e+06 9.994521737098693848e-01
2.460888422083278652e+06 1.001420497894287109e+00
2.460888422149410006e+06 9.996555447578430176e-01
2.460888422215540893e+06 1.000360846519470215e+00
2.460888422281672247e+06 1.000989079475402832e+00
2.460888422347803600e+06 9.993684887886047363e-01
2.460888422413934488e+06 9.997195005416870117e-01
2.460888422480065841e+06 9.999327659606933594e-01
2.460888422546197195e+06 1.000626564025878906e+00
2.460888422612328082e+06 1.001850247383117676e+00
2.460888422678459436e+06 9.990831017494201660e-01
2.460888422744590789e+06 9.999179840087890625e-01
2.460888422810721677e+06 1.001587748527526855e+00
2.460888422876853030e+06 1.000506877899169922e+00
2.460888422942984384e+06 1.000168919563293457e+00
2.460888423009115271e+06 9.994668960571289062e-01
2.460888423075246625e+06 1.000621676445007324e+00
2.460888423141377978e+06 1.001431941986083984e+00
2.460888423207509331e+06 1.000470757484436035e+00
2.460888423273640219e+06 1.000023007392883301e+00
2.460888423339771573e+06 1.000703692436218262e+00
2.460888423405902926e+06 1.001108765602111816e+00
2.460888423472033814e+06 9.996145367622375488e-01
2.460888423538165167e+06 1.000187039375305176e+00
2.460888423604296520e+06 9.985499978065490723e-01
2.460888423670427408e+06 9.998852014541625977e-01
2.460888423736558761e+06 9.997949600219726562e-01
2.460888423802690115e+06 9.996539354324340820e-01
2.460888423868821003e+06 1.000875949859619141e+00
2.460888423934952356e+06 1.000428080558776855e+00
2.460888424001083709e+06 9.997195005416870117e-01
2.460888424067214597e+06 1.000816822052001953e+00
2.460888424133345950e+06 9.991191625595092773e-01
2.460888424199477304e+06 9.998047947883605957e-01
2.460888424265608657e+06 1.000424861907958984e+00
2.460888424331739545e+06 9.998523592948913574e-01
2.460888424397870898e+06 9.999343752861022949e-01
2.460888424464002252e+06 9.992717504501342773e-01
2.460888424530133139e+06 9.995505809783935547e-01
2.460888424596264493e+06 9.988452792167663574e-01
2.460888424662395846e+06 9.996325969696044922e-01
2.460888424728526734e+06 1.000432968139648438e+00
2.460888424794658087e+06 9.993636012077331543e-01
2.460888424860789441e+06 1.000073790550231934e+00
2.460888424926920328e+06 9.992471337318420410e-01
2.460888424993051682e+06 1.000372290611267090e+00
2.460888425059183035e+06 1.000150918960571289e+00
2.460888425125313923e+06 9.994620084762573242e-01
2.460888425191445276e+06 1.000577330589294434e+00
2.460888425257576630e+06 1.000638008117675781e+00
2.460888425323707517e+06 1.000811934471130371e+00
2.460888425389838871e+06 1.000023007392883301e+00
2.460888425455970224e+06 9.995817542076110840e-01
2.460888425522101577e+06 9.994800686836242676e-01
2.460888425588232465e+06 9.989387392997741699e-01
2.460888425654363818e+06 9.996555447578430176e-01
2.460888425720495172e+06 1.000006556510925293e+00
2.460888425786626060e+06 1.001041531562805176e+00
2.460888425852757413e+06 9.996752142906188965e-01
2.460888425918888766e+06 9.998540282249450684e-01
2.460888425985019654e+06 9.993947744369506836e-01
2.460888426051151007e+06 9.988190531730651855e-01
2.460888426117282361e+06 9.993472099304199219e-01
2.460888426183413249e+06 9.994046092033386230e-01
2.460888426249544602e+06 1.000424861907958984e+00
2.460888426315675955e+06 9.997916817665100098e-01
2.460888426381806843e+06 9.993160367012023926e-01
2.460888426447938196e+06 9.990355372428894043e-01
2.460888426514069550e+06 9.997195005416870117e-01
2.460888426580200903e+06 1.000086903572082520e+00
2.460888426646331791e+06 9.998015165328979492e-01
2.460888426712463144e+06 9.998392462730407715e-01
2.460888426778594498e+06 9.996210932731628418e-01
2.460888426844725385e+06 9.994620084762573242e-01
2.460888426910856739e+06 9.994127750396728516e-01
2.460888426976988092e+06 1.000574111938476562e+00
2.460888427043118980e+06 9.999426007270812988e-01
2.460888427109250333e+06 1.000221490859985352e+00
2.460888427175381687e+06 1.000651121139526367e+00
2.460888427241512574e+06 9.994849562644958496e-01
2.460888427307643928e+06 1.000026226043701172e+00
2.460888427373775281e+06 9.998605847358703613e-01
2.460888427439906169e+06 1.000478982925415039e+00
2.460888427506037522e+06 1.000042676925659180e+00
2.460888427572168875e+06 1.000236153602600098e+00
2.460888427638299763e+06 1.000155806541442871e+00
2.460888427704431117e+06 1.001751780509948730e+00
2.460888427770562470e+06 1.000318169593811035e+00
2.460888427836693823e+06 1.000039339065551758e+00
2.460888427902824711e+06 1.000493764877319336e+00
2.460888427968956064e+06 1.000121355056762695e+00
2.460888428035087418e+06 1.000439643859863281e+00
2.460888428101218306e+06 1.000779151916503906e+00
2.460888428167349659e+06 1.000501871109008789e+00
2.460888428233481012e+06 1.000813603401184082e+00
2.460888428299611900e+06 1.000984191894531250e+00
2.460888428365743253e+06 1.001225233078002930e+00
2.460888428431874607e+06 9.997900724411010742e-01
2.460888428498005494e+06 9.996047019958496094e-01
2.460888428564136848e+06 9.997851252555847168e-01
2.460888428630268201e+06 1.000008225440979004e+00
2.460888428696399089e+06 1.000480532646179199e+00
2.460888428762530442e+06 9.998490810394287109e-01
2.460888428828661796e+06 1.000041007995605469e+00
2.460888428894792683e+06 1.000236153602600098e+00
2.460888428960924037e+06 1.000377297401428223e+00
2.460888429027055390e+06 1.000354290008544922e+00
2.460888429093186744e+06 9.987501502037048340e-01
2.460888429159317631e+06 9.989683032035827637e-01
2.460888429225448985e+06 9.986205697059631348e-01
2.460888429291580338e+06 1.000482201576232910e+00
2.460888429357711226e+06 9.995341897010803223e-01
2.460888429423842579e+06 9.994587302207946777e-01
2.460888429489973933e+06 9.999672174453735352e-01
2.460888429556104820e+06 9.998556375503540039e-01
2.460888429622236174e+06 1.000141024589538574e+00
2.460888429688367527e+06 9.999393224716186523e-01
2.460888429754498415e+06 9.981596469879150391e-01
2.460888429820629768e+06 9.994521737098693848e-01
2.460888429886761121e+06 1.000298500061035156e+00
2.460888429952892009e+06 1.000203371047973633e+00
2.460888430019023363e+06 1.001105546951293945e+00
2.460888430085154716e+06 1.000613451004028320e+00
2.460888430151285604e+06 9.988304972648620605e-01
2.460888430217416957e+06 1.001284360885620117e+00
2.460888430283548310e+06 9.989404082298278809e-01
2.460888430349679664e+06 9.989928603172302246e-01
2.460888430415810551e+06 9.989436864852905273e-01
2.460888430481941905e+06 9.999688267707824707e-01
2.460888430548073258e+06 1.000086903572082520e+00
2.460888430614204146e+06 1.001108765602111816e+00
2.460888430680335499e+06 9.994472265243530273e-01
2.460888430746466853e+06 9.991847872734069824e-01
2.460888430812597740e+06 1.000546216964721680e+00
2.460888430878729094e+06 1.000621676445007324e+00
2.460888430944860447e+06 1.000662684440612793e+00
2.460888431010991335e+06 9.995194077491760254e-01
2.460888431077122688e+06 9.997785687446594238e-01
2.460888431143254042e+06 1.000344395637512207e+00
2.460888431209384929e+06 1.000643014907836914e+00
2.460888431275516283e+06 9.991716742515563965e-01
2.460888431341647636e+06 9.996965527534484863e-01
2.460888431407778990e+06 9.998441934585571289e-01
2.460888431473909877e+06 1.000825047492980957e+00
2.460888431540041231e+06 1.000862717628479004e+00
2.460888431606172584e+06 1.000354290008544922e+00
2.460888431672303472e+06 1.000428080558776855e+00
2.460888431738434825e+06 1.000029563903808594e+00
2.460888431804566178e+06 1.000672459602355957e+00
2.460888431870697066e+06 1.000062346458435059e+00
2.460888431936828420e+06 9.994931817054748535e-01
2.460888432002959773e+06 9.992307424545288086e-01
2.460888432069090661e+06 1.000134468078613281e+00
2.460888432135222014e+06 9.996916055679321289e-01
2.460888432201353367e+06 9.983220100402832031e-01
2.460888432267484255e+06 9.992405772209167480e-01
2.460888432333615609e+06 9.996506571769714355e-01
2.460888432399746962e+06 1.000429749488830566e+00
2.460888432465878315e+06 1.000062346458435059e+00
2.460888432532009203e+06 9.995931982994079590e-01
2.460888432598140556e+06 9.997277259826660156e-01
2.460888432664271910e+06 9.996899962425231934e-01
2.460888432730402797e+06 9.999950528144836426e-01
2.460888432796534151e+06 1.000150918960571289e+00
2.460888432862665504e+06 1.000720024108886719e+00
2.460888432928796392e+06 1.000615119934082031e+00
2.460888432994927745e+06 1.001071095466613770e+00
2.460888433061059099e+06 1.000365734100341797e+00
2.460888433127189986e+06 1.000657796859741211e+00
2.460888433193321340e+06 9.990994930267333984e-01
2.460888433259452693e+06 1.000941514968872070e+00
2.460888433325583581e+06 1.000277161598205566e+00
2.460888433391714934e+06 9.994094967842102051e-01
2.460888433457846288e+06 9.998671412467956543e-01
2.460888433523977175e+06 1.000228047370910645e+00
2.460888433590108529e+06 9.989371299743652344e-01
2.460888433656239882e+06 9.987698197364807129e-01
2.460888433722371235e+06 9.996096491813659668e-01
2.460888433788502123e+06 9.987960457801818848e-01
2.460888433854633477e+06 1.000137805938720703e+00
2.460888433920764830e+06 9.988534450531005859e-01
2.460888433986895718e+06 9.996555447578430176e-01
2.460888434053027071e+06 9.986960291862487793e-01
2.460888434119158424e+06 1.000057458877563477e+00
2.460888434185289312e+06 1.000611782073974609e+00
2.460888434251420666e+06 1.000949740409851074e+00
2.460888434317552019e+06 1.000188589096069336e+00
2.460888434383682907e+06 1.001822352409362793e+00
2.460888434449814260e+06 1.000690579414367676e+00
2.460888434515945613e+06 1.000588893890380859e+00
2.460888434582076501e+06 1.000480532646179199e+00
2.460888434648207854e+06 1.000956296920776367e+00
2.460888434714339208e+06 1.000418305397033691e+00
2.460888434780470096e+06 9.987304210662841797e-01
2.460888434846601449e+06 9.992520213127136230e-01
2.460888434912732802e+06 1.000705361366271973e+00
2.460888434978864156e+06 1.000144362449645996e+00
2.460888435044995043e+06 1.000121355056762695e+00
2.460888435111126397e+06 9.990257024765014648e-01
2.460888435177257750e+06 9.996784925460815430e-01
2.460888435243388638e+06 9.994751214981079102e-01
2.460888435309519991e+06 1.000862717628479004e+00
2.460888435375651345e+06 1.000364184379577637e+00
2.460888435441782232e+06 1.001131772994995117e+00
2.460888435507913586e+06 1.001244902610778809e+00
2.460888435574044939e+06 9.995243549346923828e-01
2.460888435640175827e+06 9.995702505111694336e-01
2.460888435706307180e+06 1.000866055488586426e+00
2.460888435772438534e+06 1.000150918960571289e+00
2.460888435838569421e+06 9.977183938026428223e-01
2.460888435904700775e+06 9.997572302818298340e-01
2.460888435970832128e+06 9.997588992118835449e-01
2.460888436036963016e+06 1.000598669052124023e+00
2.460888436103094369e+06 1.000700354576110840e+00
2.460888436169225723e+06 9.992684721946716309e-01
2.460888436235357076e+06 1.000183701515197754e+00
2.460888436301487964e+06 1.000469088554382324e+00
2.460888436367619317e+06 1.000582337379455566e+00
2.460888436433750670e+06 1.000662684440612793e+00
2.460888436499881558e+06 1.000954627990722656e+00
2.460888436566012911e+06 1.000490427017211914e+00
2.460888436632144265e+06 1.000224709510803223e+00
2.460888436698275153e+06 1.000206708908081055e+00
2.460888436764406506e+06 1.000334620475769043e+00
2.460888436830537859e+06 9.999327659606933594e-01
2.460888436896668747e+06 9.998654723167419434e-01
2.460888436962800100e+06 9.996539354324340820e-01
2.460888437028931454e+06 9.996489882469177246e-01
2.460888437095062342e+06 9.992552995681762695e-01
2.460888437161193695e+06 1.000329732894897461e+00
2.460888437227325048e+06 9.994554519653320312e-01
2.460888437293455936e+06 9.994406700134277344e-01
2.460888437359587289e+06 9.999557137489318848e-01
2.460888437425718643e+06 9.997539520263671875e-01
2.460888437491849996e+06 9.999179840087890625e-01
2.460888437557980884e+06 9.999721050262451172e-01
2.460888437624112237e+06 9.995095729827880859e-01
2.460888437690243591e+06 1.000308394432067871e+00
2.460888437756374478e+06 9.992914199829101562e-01
2.460888437822505832e+06 9.993865489959716797e-01
2.460888437888637185e+06 9.994406700134277344e-01
2.460888437954768073e+06 9.980579614639282227e-01
2.460888438020899426e+06 9.995325207710266113e-01
2.460888438087030780e+06 9.994947910308837891e-01
2.460888438153161667e+06 9.990568757057189941e-01
2.460888438219293021e+06 9.992783069610595703e-01
2.460888438285424374e+06 9.986238479614257812e-01
2.460888438351555262e+06 1.000016450881958008e+00
2.460888438417686615e+06 9.996391534805297852e-01
2.460888438483817969e+06 9.988567233085632324e-01
2.460888438549949322e+06 9.989895820617675781e-01
2.460888438616080210e+06 1.000211596488952637e+00
2.460888438682211563e+06 1.000369071960449219e+00
2.460888438748342916e+06 9.991667270660400391e-01
2.460888438814473804e+06 1.002145409584045410e+00
2.460888438880605157e+06 1.000282168388366699e+00
2.460888438946736511e+06 9.998868107795715332e-01
2.460888439012867399e+06 9.991667270660400391e-01
2.460888439078998752e+06 1.001363039016723633e+00
2.460888439145130105e+06 9.998605847358703613e-01
2.460888439211260993e+06 9.991979002952575684e-01
2.460888439277392346e+06 1.000544548034667969e+00
2.460888439343523700e+06 9.993914961814880371e-01
2.460888439409654588e+06 1.000782370567321777e+00
2.460888439475785941e+06 1.000096797943115234e+00
2.460888439541917294e+06 1.001384377479553223e+00
2.460888439608048648e+06 1.000077128410339355e+00
2.460888439674179535e+06 1.000705361366271973e+00
2.460888439740310889e+06 1.000982522964477539e+00
2.460888439806442242e+06 9.996850490570068359e-01
2.460888439872573130e+06 1.000446200370788574e+00
2.460888439938704483e+06 1.000218152999877930e+00
2.460888440004835837e+06 1.000651121139526367e+00
2.460888440070966724e+06 1.000218152999877930e+00
2.460888440137098078e+06 9.998523592948913574e-01
2.460888440203229431e+06 1.001103878021240234e+00
2.460888440269360319e+06 1.000588893890380859e+00
2.460888440335491672e+06 9.988518357276916504e-01
2.460888440401623026e+06 1.000264048576354980e+00
2.460888440467753913e+06 1.000529766082763672e+00
2.460888440533885267e+06 9.996489882469177246e-01
2.460888440600016620e+06 9.989551901817321777e-01
2.460888440666147508e+06 1.000570774078369141e+00
2.460888440732278861e+06 9.994718432426452637e-01
2.460888440798410214e+06 9.995030164718627930e-01
2.460888440864541568e+06 1.000690579414367676e+00
2.460888440930672456e+06 1.001794457435607910e+00
2.460888440996803809e+06 9.995456337928771973e-01
2.460888441062935162e+06 1.000173807144165039e+00
2.460888441129066050e+06 1.000270605087280273e+00
2.460888441195197403e+06 9.994308352470397949e-01
2.460888441261328757e+06 1.000636458396911621e+00
2.460888441327459645e+06 1.000434637069702148e+00
2.460888441393590998e+06 9.996391534805297852e-01
2.460888441459722351e+06 1.000236153602600098e+00
2.460888441525853239e+06 1.000720024108886719e+00
2.460888441591984592e+06 1.000254273414611816e+00
2.460888441658115946e+06 1.000127911567687988e+00
2.460888441724246833e+06 1.000603556632995605e+00
2.460888441790378187e+06 9.996489882469177246e-01
2.460888441856509540e+06 9.992831945419311523e-01
2.460888441922640428e+06 9.998474717140197754e-01
2.460888441988771781e+06 1.000774145126342773e+00
2.460888442054903135e+06 1.000091910362243652e+00
2.460888442121034488e+06 9.991323351860046387e-01
2.460888442187165376e+06 9.999884963035583496e-01
2.460888442253296729e+06 9.991995692253112793e-01
2.460888442319428083e+06 1.000715136528015137e+00
2.460888442385558970e+06 1.000521540641784668e+00
2.460888442451690324e+06 1.000047564506530762e+00
2.460888442517821677e+06 1.000990748405456543e+00
2.460888442583952565e+06 9.994899034500122070e-01
2.460888442650083918e+06 9.998507499694824219e-01
2.460888442716215272e+06 1.000229597091674805e+00
2.460888442782346159e+06 1.000196814537048340e+00
2.460888442848477513e+06 9.998130202293395996e-01
2.460888442914608866e+06 1.000992298126220703e+00
2.460888442980739754e+06 9.994734525680541992e-01
2.460888443046871107e+06 1.000344395637512207e+00
2.460888443113002460e+06 9.993012547492980957e-01
2.460888443179133348e+06 1.000228047370910645e+00
2.460888443245264702e+06 1.000674128532409668e+00
2.460888443311396055e+06 1.001051425933837891e+00
2.460888443377527408e+06 1.000564217567443848e+00
2.460888443443658296e+06 1.000725030899047852e+00
2.460888443509789649e+06 1.000190258026123047e+00
2.460888443575921003e+06 9.998310804367065430e-01
2.460888443642051890e+06 1.000216484069824219e+00
2.460888443708183244e+06 1.000913619995117188e+00
2.460888443774314597e+06 9.991979002952575684e-01
2.460888443840445485e+06 1.000933289527893066e+00
2.460888443906576838e+06 9.994980692863464355e-01
2.460888443972708192e+06 9.993586540222167969e-01
2.460888444038839079e+06 1.000562548637390137e+00
2.460888444104970433e+06 1.000188589096069336e+00
2.460888444171101786e+06 1.000418305397033691e+00
2.460888444237232674e+06 9.996440410614013672e-01
2.460888444303364027e+06 9.995850324630737305e-01
2.460888444369495381e+06 9.988009929656982422e-01
2.460888444435626734e+06 9.989026784896850586e-01
2.460888444501757622e+06 9.997342824935913086e-01
2.460888444567888975e+06 1.000303387641906738e+00
2.460888444634020329e+06 9.997999072074890137e-01
2.460888444700151216e+06 9.995013475418090820e-01
2.460888444766282570e+06 1.000410079956054688e+00
2.460888444832413923e+06 1.000075459480285645e+00
2.460888444898544811e+06 9.998490810394287109e-01
2.460888444964676164e+06 9.997818470001220703e-01
2.460888445030807517e+06 9.992192387580871582e-01
2.460888445096938405e+06 1.000526547431945801e+00
2.460888445163069759e+06 9.995620250701904297e-01
2.460888445229201112e+06 1.000585556030273438e+00
2.460888445295332000e+06 9.997556209564208984e-01
2.460888445361463353e+06 9.990699887275695801e-01
2.460888445427594706e+06 1.000275611877441406e+00
2.460888445493725594e+06 1.000344395637512207e+00
2.460888445559856948e+06 9.993717670440673828e-01
2.460888445625988301e+06 9.992274641990661621e-01
2.460888445692119654e+06 1.000439643859863281e+00
2.460888445758250542e+06 1.000762701034545898e+00
2.460888445824381895e+06 9.998278021812438965e-01
2.460888445890513249e+06 9.991437792778015137e-01
2.460888445956644136e+06 9.991175532341003418e-01
2.460888446022775490e+06 9.992766380310058594e-01
2.460888446088906843e+06 9.996965527534484863e-01
2.460888446155037731e+06 9.997375607490539551e-01
2.460888446221169084e+06 1.000408411026000977e+00
2.460888446287300438e+06 1.000298500061035156e+00
2.460888446353431325e+06 9.984877109527587891e-01
2.460888446419562679e+06 9.992963075637817383e-01
2.460888446485694032e+06 9.985811710357666016e-01
2.460888446551824920e+06 9.987583160400390625e-01
2.460888446617956273e+06 9.984368681907653809e-01
2.460888446684087627e+06 9.989141821861267090e-01
2.460888446750218514e+06 9.991946220397949219e-01
2.460888446816349868e+06 1.001077651977539062e+00
2.460888446882481221e+06 9.983072876930236816e-01
2.460888446948612574e+06 9.978561997413635254e-01
2.460888447014743462e+06 9.994718432426452637e-01
2.460888447080874816e+06 9.998900890350341797e-01
2.460888447147006169e+06 9.982416629791259766e-01
2.460888447213137057e+06 1.000541329383850098e+00
2.460888447279268410e+06 9.985237717628479004e-01
2.460888447345399763e+06 9.994258880615234375e-01
2.460888447411530651e+06 1.000985741615295410e+00
2.460888447477662005e+06 9.987468719482421875e-01
2.460888447543793358e+06 9.998326897621154785e-01
2.460888447609924246e+06 9.989420175552368164e-01
2.460888447676055599e+06 9.999721050262451172e-01
2.460888447742186952e+06 9.993603229522705078e-01
2.460888447808317840e+06 9.980760216712951660e-01
2.460888447874449193e+06 1.000624895095825195e+00
2.460888447940580547e+06 9.989879727363586426e-01
2.460888448006711900e+06 1.000147581100463867e+00
2.460888448072842788e+06 1.000552773475646973e+00
2.460888448138974141e+06 1.001082539558410645e+00
2.460888448205105495e+06 1.000054121017456055e+00
2.460888448271236382e+06 1.000241160392761230e+00
2.460888448337367736e+06 9.995079040527343750e-01
2.460888448403499089e+06 9.999967217445373535e-01
2.460888448469629977e+06 1.000715136528015137e+00
2.460888448535761330e+06 1.001641869544982910e+00
2.460888448601892684e+06 1.000880837440490723e+00
2.460888448668023571e+06 9.997654557228088379e-01
2.460888448734154925e+06 1.000516653060913086e+00
2.460888448800286278e+06 1.000175476074218750e+00
2.460888448866417166e+06 1.000044345855712891e+00
2.460888448932548519e+06 1.000252604484558105e+00
2.460888448998679873e+06 9.988223314285278320e-01
2.460888449064810760e+06 9.988846182823181152e-01
2.460888449130942114e+06 9.995850324630737305e-01
2.460888449197073467e+06 9.993078112602233887e-01
2.460888449263204820e+06 9.994570612907409668e-01
2.460888449329335708e+06 1.000277161598205566e+00
2.460888449395467062e+06 9.996129274368286133e-01
2.460888449461598415e+06 1.000547885894775391e+00
2.460888449527729303e+06 1.000966072082519531e+00
2.460888449593860656e+06 9.988862872123718262e-01
2.460888449659992009e+06 1.000111579895019531e+00
2.460888449726122897e+06 9.997392296791076660e-01
2.460888449792254250e+06 1.000014781951904297e+00
2.460888449858385604e+06 1.000977635383605957e+00
2.460888449924516492e+06 1.001031756401062012e+00
2.460888449990647845e+06 1.000867724418640137e+00
2.460888450056779198e+06 1.000585556030273438e+00
2.460888450122910086e+06 9.996210932731628418e-01
2.460888450189041439e+06 9.994997382164001465e-01
2.460888450255172793e+06 1.000247716903686523e+00
2.460888450321303681e+06 1.000277161598205566e+00
2.460888450387435034e+06 9.996309280395507812e-01
2.460888450453566387e+06 1.000114798545837402e+00
2.460888450519697741e+06 9.999983310699462891e-01
2.460888450585828628e+06 1.000398635864257812e+00
2.460888450651959982e+06 1.000057458877563477e+00
2.460888450718091335e+06 1.000119686126708984e+00
2.460888450784222223e+06 9.997785687446594238e-01
2.460888450850353576e+06 1.000646233558654785e+00
2.460888450916484930e+06 9.990699887275695801e-01
2.460888450982615817e+06 9.997244477272033691e-01
2.460888451048747171e+06 9.995768070220947266e-01
2.460888451114878524e+06 9.989436864852905273e-01
2.460888451181009412e+06 1.000170588493347168e+00
2.460888451247140765e+06 1.000416636466979980e+00
2.460888451313272119e+06 1.001423716545104980e+00
2.460888451379403006e+06 1.000221490859985352e+00
2.460888451445534360e+06 1.000762701034545898e+00
2.460888451511665713e+06 9.997047781944274902e-01
2.460888451577797066e+06 9.994947910308837891e-01
2.460888451643927954e+06 9.996539354324340820e-01
2.460888451710059308e+06 9.985418319702148438e-01
2.460888451776190661e+06 9.996473193168640137e-01
2.460888451842321549e+06 9.996457099914550781e-01
2.460888451908452902e+06 1.000575780868530273e+00
2.460888451974584255e+06 1.000429749488830566e+00
2.460888452040715143e+06 9.998540282249450684e-01
2.460888452106846496e+06 9.992783069610595703e-01
2.460888452172977850e+06 9.997539520263671875e-01
2.460888452239108738e+06 9.999278187751770020e-01
2.460888452305240091e+06 1.000234603881835938e+00
2.460888452371371444e+06 9.992126822471618652e-01
2.460888452437502332e+06 9.986763000488281250e-01
2.460888452503633685e+06 9.998540282249450684e-01
2.460888452569765039e+06 9.993931055068969727e-01
2.460888452635895927e+06 1.000105023384094238e+00
2.460888452702027280e+06 9.994193315505981445e-01
2.460888452768158633e+06 1.000211596488952637e+00
2.460888452834289987e+06 1.000068902969360352e+00
2.460888452900420874e+06 9.986402392387390137e-01
2.460888452966552228e+06 9.996079802513122559e-01
2.460888453032683581e+06 9.997408390045166016e-01
2.460888453098814469e+06 9.994587302207946777e-01
2.460888453164945822e+06 9.990667104721069336e-01
2.460888453231077176e+06 1.000588893890380859e+00
2.460888453297208063e+06 9.992307424545288086e-01
2.460888453363339417e+06 9.998769760131835938e-01
2.460888453429470770e+06 9.998966455459594727e-01
2.460888453495601658e+06 1.000287055969238281e+00
2.460888453561733011e+06 9.993553757667541504e-01
2.460888453627864365e+06 9.983958601951599121e-01
2.460888453693995252e+06 1.000766038894653320e+00
2.460888453760126606e+06 9.999310970306396484e-01
2.460888453826257959e+06 1.000059008598327637e+00
2.460888453892388847e+06 9.994767904281616211e-01
2.460888453958520200e+06 9.998047947883605957e-01
2.460888454024651553e+06 9.993914961814880371e-01
2.460888454090782907e+06 9.999884963035583496e-01
2.460888454156913795e+06 9.995111823081970215e-01
2.460888454223045148e+06 9.989289045333862305e-01
2.460888454289176501e+06 9.995817542076110840e-01
2.460888454355307389e+06 9.995177388191223145e-01
2.460888454421438742e+06 1.000610113143920898e+00
2.460888454487570096e+06 9.997966289520263672e-01
2.460888454553700984e+06 9.995062947273254395e-01
2.460888454619832337e+06 1.000775814056396484e+00
2.460888454685963690e+06 9.987484812736511230e-01
2.460888454752094578e+06 1.000615119934082031e+00
2.460888454818225931e+06 1.000572443008422852e+00
2.460888454884357285e+06 9.995440244674682617e-01
2.460888454950488172e+06 1.000168919563293457e+00
2.460888455016619526e+06 1.000211596488952637e+00
2.460888455082750879e+06 1.000365734100341797e+00
2.460888455148882233e+06 9.997408390045166016e-01
2.460888455215013120e+06 9.994373917579650879e-01
2.460888455281144474e+06 9.990305900573730469e-01
2.460888455347275827e+06 9.996506571769714355e-01
2.460888455413406715e+06 9.996374845504760742e-01
2.460888455479538068e+06 1.000346064567565918e+00
2.460888455545669422e+06 1.000684022903442383e+00
2.460888455611800309e+06 9.993307590484619141e-01
2.460888455677931663e+06 1.000000000000000000e+00
2.460888455744063016e+06 1.000277161598205566e+00
2.460888455810193904e+06 1.000175476074218750e+00
2.460888455876325257e+06 9.997408390045166016e-01
2.460888455942456611e+06 9.987288117408752441e-01
2.460888456008587498e+06 9.982957839965820312e-01
2.460888456074718852e+06 9.994652867317199707e-01
2.460888456140850205e+06 1.000049233436584473e+00
2.460888456206981093e+06 1.000756144523620605e+00
2.460888456273112446e+06 1.000004887580871582e+00
2.460888456339243799e+06 1.000457644462585449e+00
2.460888456405375153e+06 9.996719360351562500e-01
2.460888456471506041e+06 1.001136660575866699e+00
2.460888456537637394e+06 9.993422627449035645e-01
2.460888456603768747e+06 9.998113512992858887e-01
2.460888456669899635e+06 1.000237822532653809e+00
2.460888456736030988e+06 1.001304030418395996e+00
2.460888456802162342e+06 9.997227787971496582e-01
2.460888456868293229e+06 9.990929365158081055e-01
2.460888456934424583e+06 9.990814924240112305e-01
2.460888457000555936e+06 1.000818490982055664e+00
2.460888457066686824e+06 9.991077184677124023e-01
2.460888457132818177e+06 1.000354290008544922e+00
2.460888457198949531e+06 9.999868869781494141e-01
2.460888457265080418e+06 1.000234603881835938e+00
2.460888457331211772e+06 9.995604157447814941e-01
2.460888457397343125e+06 1.000455975532531738e+00
2.460888457463474013e+06 9.999491572380065918e-01
2.460888457529605366e+06 9.994849562644958496e-01
2.460888457595736720e+06 1.000008225440979004e+00
2.460888457661868073e+06 9.999262094497680664e-01
2.460888457727998961e+06 1.000738143920898438e+00
2.460888457794130314e+06 9.991716742515563965e-01
2.460888457860261668e+06 9.998966455459594727e-01
2.460888457926392555e+06 1.000516653060913086e+00
2.460888457992523909e+06 1.000367403030395508e+00
2.460888458058655262e+06 1.000129580497741699e+00
2.460888458124786150e+06 9.989666342735290527e-01
2.460888458190917503e+06 9.999753832817077637e-01
2.460888458257048856e+06 9.993078112602233887e-01
2.460888458323179744e+06 9.997326135635375977e-01
2.460888458389311098e+06 9.991224408149719238e-01
2.460888458455442451e+06 1.000147581100463867e+00
2.460888458521573339e+06 9.993258714675903320e-01
2.460888458587704692e+06 9.986435174942016602e-01
2.460888458653836045e+06 9.994505047798156738e-01
2.460888458719966933e+06 1.001154780387878418e+00
2.460888458786098287e+06 9.999688267707824707e-01
2.460888458852229640e+06 9.997801780700683594e-01
2.460888458918360993e+06 1.000052452087402344e+00
2.460888458984491881e+06 9.988600015640258789e-01
2.460888459050623234e+06 9.986878037452697754e-01
2.460888459116754588e+06 1.001266241073608398e+00
2.460888459182885475e+06 9.991388916969299316e-01
2.460888459249016829e+06 9.987894892692565918e-01
2.460888459315148182e+06 9.997260570526123047e-01
2.460888459381279070e+06 9.998015165328979492e-01
2.460888459447410423e+06 9.987567067146301270e-01
2.460888459513541777e+06 9.998097419738769531e-01
2.460888459579672664e+06 1.000849604606628418e+00
2.460888459645804018e+06 9.990913271903991699e-01
2.460888459711935371e+06 1.000303387641906738e+00
2.460888459778066259e+06 9.992487430572509766e-01
2.460888459844197612e+06 9.989387392997741699e-01
2.460888459910328966e+06 9.993078112602233887e-01
2.460888459976459853e+06 9.995111823081970215e-01
2.460888460042591207e+06 9.996572136878967285e-01
2.460888460108722560e+06 1.001153111457824707e+00
2.460888460174853913e+06 9.997457861900329590e-01
2.460888460240984801e+06 1.000382184982299805e+00
2.460888460307116155e+06 1.000769257545471191e+00
2.460888460373247508e+06 9.995095729827880859e-01
2.460888460439378396e+06 1.001182675361633301e+00
2.460888460505509749e+06 1.000116467475891113e+00
2.460888460571641102e+06 9.993832707405090332e-01
2.460888460637771990e+06 9.989945292472839355e-01
2.460888460703903344e+06 1.000578999519348145e+00
2.460888460770034697e+06 1.000144362449645996e+00
2.460888460836165585e+06 1.000100016593933105e+00
2.460888460902296938e+06 9.994127750396728516e-01
2.460888460968428291e+06 1.000518321990966797e+00
2.460888461034559179e+06 9.990634322166442871e-01
2.460888461100690532e+06 9.983302354812622070e-01
2.460888461166821886e+06 1.000859498977661133e+00
2.460888461232952774e+06 9.998097419738769531e-01
2.460888461299084127e+06 9.996079802513122559e-01
2.460888461365215480e+06 1.000301837921142578e+00
2.460888461431346834e+06 9.996440410614013672e-01
2.460888461497477721e+06 1.001236796379089355e+00
2.460888461563609075e+06 1.000201702117919922e+00
2.460888461629740428e+06 9.998211860656738281e-01
2.460888461695871316e+06 1.000452756881713867e+00
2.460888461762002669e+06 9.994111657142639160e-01
2.460888461828134023e+06 1.000674128532409668e+00
2.460888461894264910e+06 9.989830255508422852e-01
2.460888461960396264e+06 9.996473193168640137e-01
2.460888462026527617e+06 1.000226378440856934e+00
2.460888462092658505e+06 1.001395821571350098e+00
2.460888462158789858e+06 1.000410079956054688e+00
2.460888462224921212e+06 9.996604919433593750e-01
2.460888462291052099e+06 9.996440410614013672e-01
2.460888462357183453e+06 9.998917579650878906e-01
2.460888462423314806e+06 9.997556209564208984e-01
2.460888462489445694e+06 1.001787900924682617e+00
2.460888462555577047e+06 1.000205039978027344e+00
2.460888462621708401e+06 1.000065565109252930e+00
2.460888462687839754e+06 9.990798234939575195e-01
2.460888462753970642e+06 9.996703267097473145e-01
2.460888462820101995e+06 1.000068902969360352e+00
2.460888462886233348e+06 1.000711917877197266e+00
2.460888462952364236e+06 9.989272952079772949e-01
2.460888463018495589e+06 1.000716805458068848e+00
2.460888463084626943e+06 9.996719360351562500e-01
2.460888463150757831e+06 9.997949600219726562e-01
2.460888463216889184e+06 1.000198483467102051e+00
2.460888463283020537e+06 9.991634488105773926e-01
2.460888463349151425e+06 9.993110895156860352e-01
2.460888463415282778e+06 9.988878965377807617e-01
2.460888463481414132e+06 9.991585612297058105e-01
2.460888463547545020e+06 9.981694817543029785e-01
2.460888463613676373e+06 1.000631451606750488e+00
2.460888463679807726e+06 9.998047947883605957e-01
2.460888463745939080e+06 1.000385403633117676e+00
2.460888463812069967e+06 9.992717504501342773e-01
2.460888463878201321e+06 9.996030330657958984e-01
2.460888463944332674e+06 1.000948071479797363e+00
2.460888464010463562e+06 9.993045330047607422e-01
2.460888464076594915e+06 1.001171112060546875e+00
2.460888464142726269e+06 9.991995692253112793e-01
2.460888464208857156e+06 1.000496983528137207e+00
2.460888464274988510e+06 9.995948672294616699e-01
2.460888464341119863e+06 9.995981454849243164e-01
2.460888464407250751e+06 1.000219821929931641e+00
2.460888464473382104e+06 9.995276331901550293e-01
2.460888464539513458e+06 9.991323351860046387e-01
2.460888464605644345e+06 9.994291663169860840e-01
2.460888464671775699e+06 1.000011444091796875e+00
2.460888464737907052e+06 9.991011619567871094e-01
2.460888464804037940e+06 1.000451087951660156e+00
2.460888464870169293e+06 9.994537830352783203e-01
2.460888464936300647e+06 9.998720884323120117e-01
2.460888465002432000e+06 9.995357990264892578e-01
2.460888465068562888e+06 9.992340207099914551e-01
2.460888465134694241e+06 1.000821709632873535e+00
2.460888465200825594e+06 1.000867724418640137e+00
2.460888465266956482e+06 1.000774145126342773e+00
2.460888465333087835e+06 9.998638629913330078e-01
2.460888465399219189e+06 9.998409152030944824e-01
2.460888465465350077e+06 9.983662962913513184e-01
2.460888465531481430e+06 9.997687339782714844e-01
2.460888465597612783e+06 9.995079040527343750e-01
2.460888465663743671e+06 9.999672174453735352e-01
2.460888465729875024e+06 9.998917579650878906e-01
2.460888465796006378e+06 9.995357990264892578e-01
2.460888465862137266e+06 9.999015927314758301e-01
2.460888465928268619e+06 1.000180482864379883e+00
2.460888465994399972e+06 1.000459313392639160e+00
2.460888466060530860e+06 1.000172257423400879e+00
2.460888466126662213e+06 9.992077350616455078e-01
2.460888466192793567e+06 9.989010095596313477e-01
2.460888466258924920e+06 9.998540282249450684e-01
2.460888466325055808e+06 9.994029402732849121e-01
2.460888466391187161e+06 9.989174604415893555e-01
2.460888466457318515e+06 9.993127584457397461e-01
2.460888466523449402e+06 9.996391534805297852e-01
2.460888466589580756e+06 1.000629901885986328e+00
2.460888466655712109e+06 9.981514215469360352e-01
2.460888466721842997e+06 1.000329732894897461e+00
2.460888466787974350e+06 9.997900724411010742e-01
2.460888466854105704e+06 1.000592112541198730e+00
2.460888466920236591e+06 9.997801780700683594e-01
2.460888466986367945e+06 1.001115322113037109e+00
2.460888467052499298e+06 9.992684721946716309e-01
2.460888467118630186e+06 1.001102209091186523e+00
2.460888467184761539e+06 9.993980526924133301e-01
2.460888467250892892e+06 1.000698685646057129e+00
2.460888467317024246e+06 1.000480532646179199e+00
2.460888467383155134e+06 9.998146295547485352e-01
2.460888467449286487e+06 9.997178912162780762e-01
2.460888467515417840e+06 9.998097419738769531e-01
2.460888467581548728e+06 9.998540282249450684e-01
2.460888467647680081e+06 9.997408390045166016e-01
2.460888467713811435e+06 1.000687241554260254e+00
2.460888467779942323e+06 9.993914961814880371e-01
2.460888467846073676e+06 9.990847706794738770e-01
2.460888467912205029e+06 9.989436864852905273e-01
2.460888467978335917e+06 9.989764690399169922e-01
2.460888468044467270e+06 1.000452756881713867e+00
2.460888468110598624e+06 1.000149250030517578e+00
2.460888468176729511e+06 9.993783235549926758e-01
2.460888468242860865e+06 1.000349402427673340e+00
2.460888468308992218e+06 1.000067234039306641e+00
2.460888468375123106e+06 9.997080564498901367e-01
2.460888468441254459e+06 1.000101685523986816e+00
2.460888468507385813e+06 1.000001668930053711e+00
2.460888468573516700e+06 9.991536140441894531e-01
2.460888468639648054e+06 1.001942038536071777e+00
2.460888468705779407e+06 9.998688101768493652e-01
2.460888468771910761e+06 9.994915127754211426e-01
2.460888468838041648e+06 1.000351071357727051e+00
2.460888468904173002e+06 1.000023007392883301e+00
2.460888468970304355e+06 9.986435174942016602e-01
2.460888469036435243e+06 9.986189007759094238e-01
2.460888469102566596e+06 9.998409152030944824e-01
2.460888469168697949e+06 1.001374483108520508e+00
2.460888469234828837e+06 1.000109910964965820e+00
2.460888469300960191e+06 9.990453720092773438e-01
2.460888469367091544e+06 1.000898838043212891e+00
2.460888469433222432e+06 1.000026226043701172e+00
2.460888469499353785e+06 1.000310063362121582e+00
2.460888469565485138e+06 1.000016450881958008e+00
2.460888469631616026e+06 1.000068902969360352e+00
2.460888469697747380e+06 9.997129440307617188e-01
2.460888469763878733e+06 9.995981454849243164e-01
2.460888469830010086e+06 1.000319838523864746e+00
2.460888469896140974e+06 9.989863038063049316e-01
2.460888469962272327e+06 9.997720122337341309e-01
2.460888470028403681e+06 1.000146031379699707e+00
2.460888470094534568e+06 1.000246047973632812e+00
2.460888470160665922e+06 1.000557661056518555e+00
2.460888470226797275e+06 9.999196529388427734e-01
2.460888470292928163e+06 1.001174449920654297e+00
2.460888470359059516e+06 1.000746369361877441e+00
2.460888470425190870e+06 9.986254572868347168e-01
2.460888470491321757e+06 9.998654723167419434e-01
2.460888470557453111e+06 9.993405938148498535e-01
2.460888470623584464e+06 9.999442100524902344e-01
2.460888470689715352e+06 1.000879168510437012e+00
2.460888470755846705e+06 9.985352754592895508e-01
2.460888470821978059e+06 1.000577330589294434e+00
2.460888470888108946e+06 9.993848800659179688e-01
2.460888470954240300e+06 1.000513434410095215e+00
2.460888471020371653e+06 1.000054121017456055e+00
2.460888471086503007e+06 9.988715052604675293e-01
2.460888471152633894e+06 1.000298500061035156e+00
2.460888471218765248e+06 9.992241859436035156e-01
2.460888471284896601e+06 9.993882179260253906e-01
2.460888471351027489e+06 1.000285387039184570e+00
2.460888471417158842e+06 9.994849562644958496e-01
2.460888471483290195e+06 1.000690579414367676e+00
2.460888471549421083e+06 9.994521737098693848e-01
2.460888471615552437e+06 9.993274807929992676e-01
2.460888471681683790e+06 1.000495314598083496e+00
2.460888471747814678e+06 9.998950362205505371e-01
2.460888471813946031e+06 9.989026784896850586e-01
2.460888471880077384e+06 9.992274641990661621e-01
2.460888471946208272e+06 9.998211860656738281e-01
2.460888472012339626e+06 9.993636012077331543e-01
2.460888472078470979e+06 1.000357627868652344e+00
2.460888472144601867e+06 1.000308394432067871e+00
2.460888472210733220e+06 9.986960291862487793e-01
2.460888472276864573e+06 9.991027712821960449e-01
2.460888472342995927e+06 1.000216484069824219e+00
2.460888472409126814e+06 9.994373917579650879e-01
2.460888472475258168e+06 9.999196529388427734e-01
2.460888472541389521e+06 9.998688101768493652e-01
2.460888472607520409e+06 9.989863038063049316e-01
2.460888472673651762e+06 9.995194077491760254e-01
2.460888472739783116e+06 1.000593781471252441e+00
2.460888472805914003e+06 9.995259642601013184e-01
2.460888472872045357e+06 1.000562548637390137e+00
2.460888472938176710e+06 1.000132918357849121e+00
2.460888473004307598e+06 1.000168919563293457e+00
2.460888473070438951e+06 9.990305900573730469e-01
2.460888473136570305e+06 9.995505809783935547e-01
2.460888473202701192e+06 9.985270500183105469e-01
2.460888473268832546e+06 9.998261332511901855e-01
2.460888473334963899e+06 9.992815852165222168e-01
2.460888473401094787e+06 9.991356134414672852e-01
2.460888473467226140e+06 1.000052452087402344e+00
2.460888473533357494e+06 9.999032020568847656e-01
2.460888473599488847e+06 9.998031854629516602e-01
2.460888473665619735e+06 1.000060677528381348e+00
2.460888473731751088e+06 1.000337839126586914e+00
2.460888473797882441e+06 9.999097585678100586e-01
2.460888473864013329e+06 9.999770522117614746e-01
2.460888473930144683e+06 1.000547885894775391e+00
2.460888473996276036e+06 1.000164031982421875e+00
2.460888474062406924e+06 1.000854611396789551e+00
2.460888474128538277e+06 1.001120328903198242e+00
2.460888474194669630e+06 9.996243715286254883e-01
2.460888474260800518e+06 1.000984191894531250e+00
2.460888474326931871e+06 1.000711917877197266e+00
2.460888474393063225e+06 9.988501667976379395e-01
2.460888474459194113e+06 1.000009894371032715e+00
2.460888474525325466e+06 1.000521540641784668e+00
2.460888474591456819e+06 9.994423389434814453e-01
2.460888474657587707e+06 1.000214815139770508e+00
2.460888474723719060e+06 1.000490427017211914e+00
2.460888474789850414e+06 9.981546998023986816e-01
2.460888474855981767e+06 1.001741886138916016e+00
2.460888474922112655e+06 9.994439482688903809e-01
2.460888474988244008e+06 1.000346064567565918e+00
2.460888475054375362e+06 9.991930127143859863e-01
2.460888475120506249e+06 9.993586540222167969e-01
2.460888475186637603e+06 9.998966455459594727e-01
2.460888475252768956e+06 1.000762701034545898e+00
2.460888475318899844e+06 1.000124692916870117e+00
2.460888475385031197e+06 1.000316619873046875e+00
2.460888475451162551e+06 9.998540282249450684e-01
2.460888475517293438e+06 9.987452030181884766e-01
2.460888475583424792e+06 9.991536140441894531e-01
2.460888475649556145e+06 9.993717670440673828e-01
2.460888475715687033e+06 9.999983310699462891e-01
2.460888475781818386e+06 9.999343752861022949e-01
2.460888475847949740e+06 1.000159144401550293e+00
2.460888475914080627e+06 1.000329732894897461e+00
2.460888475980211981e+06 9.994866251945495605e-01
2.460888476046343334e+06 1.000882506370544434e+00
2.460888476112474687e+06 1.001013636589050293e+00
2.460888476178605575e+06 9.993439316749572754e-01
2.460888476244736928e+06 9.989683032035827637e-01
2.460888476310868282e+06 9.986582994461059570e-01
2.460888476376999170e+06 9.994816780090332031e-01
2.460888476443130523e+06 9.991421699523925781e-01
2.460888476509261876e+06 9.999474883079528809e-01
2.460888476575392764e+06 1.000903725624084473e+00
2.460888476641524117e+06 1.000190258026123047e+00
2.460888476707655471e+06 9.999507665634155273e-01
2.460888476773786359e+06 1.000068902969360352e+00
2.460888476839917712e+06 9.985582232475280762e-01
2.460888476906049065e+06 9.997031092643737793e-01
2.460888476972179953e+06 9.981612563133239746e-01
2.460888477038311306e+06 9.997933506965637207e-01
2.460888477104442660e+06 9.997227787971496582e-01
2.460888477170573547e+06 9.991667270660400391e-01
2.460888477236704901e+06 1.000124692916870117e+00
2.460888477302836254e+06 1.000510096549987793e+00
2.460888477368967608e+06 1.001507401466369629e+00
2.460888477435098495e+06 9.998720884323120117e-01
2.460888477501229849e+06 1.001071095466613770e+00
2.460888477567361202e+06 9.994373917579650879e-01
2.460888477633492090e+06 9.988600015640258789e-01
2.460888477699623443e+06 9.990322589874267578e-01
2.460888477765754797e+06 9.986221790313720703e-01
2.460888477831885684e+06 9.981760382652282715e-01
2.460888477898017038e+06 9.990093111991882324e-01
2.460888477964148391e+06 1.000070571899414062e+00
2.460888478030279279e+06 9.980267882347106934e-01
2.460888478096410632e+06 9.992766380310058594e-01
2.460888478162541986e+06 1.000685572624206543e+00
2.460888478228672873e+06 9.998868107795715332e-01
2.460888478294804227e+06 1.001919031143188477e+00
2.460888478360935580e+06 1.001031756401062012e+00
2.460888478427066933e+06 9.979152679443359375e-01
2.460888478493197821e+06 9.994456171989440918e-01
2.460888478559329174e+06 9.999934434890747070e-01
2.460888478625460528e+06 9.997916817665100098e-01
2.460888478691591416e+06 1.000014781951904297e+00
2.460888478757722769e+06 9.998179078102111816e-01
2.460888478823854122e+06 9.998294115066528320e-01
2.460888478889985010e+06 1.000027894973754883e+00
2.460888478956116363e+06 9.997014999389648438e-01
2.460888479022247717e+06 9.998688101768493652e-01
2.460888479088378605e+06 1.000633120536804199e+00
2.460888479154509958e+06 1.000254273414611816e+00
2.460888479220641311e+06 9.991536140441894531e-01
2.460888479286772199e+06 9.992110133171081543e-01
2.460888479352903552e+06 9.992094039916992188e-01
2.460888479419034906e+06 1.000798821449279785e+00
2.460888479485165793e+06 9.994915127754211426e-01
2.460888479551297147e+06 9.992520213127136230e-01
2.460888479617428500e+06 9.994537830352783203e-01
2.460888479683559388e+06 1.000262379646301270e+00
2.460888479749690741e+06 1.000067234039306641e+00
2.460888479815822095e+06 9.992717504501342773e-01
2.460888479881953448e+06 1.000004887580871582e+00
2.460888479948084336e+06 1.000141024589538574e+00
2.460888480014215689e+06 9.999081492424011230e-01
2.460888480080347043e+06 9.997162222862243652e-01
2.460888480146477930e+06 1.000306725502014160e+00
2.460888480212609284e+06 1.000378847122192383e+00
2.460888480278740637e+06 1.000182032585144043e+00
2.460888480344871525e+06 9.990191459655761719e-01
2.460888480411002878e+06 9.990831017494201660e-01
2.460888480477134231e+06 9.991437792778015137e-01
2.460888480543265119e+06 9.998294115066528320e-01
2.460888480609396473e+06 9.978561997413635254e-01
2.460888480675527826e+06 9.990683197975158691e-01
2.460888480741658714e+06 1.000116467475891113e+00
2.460888480807790067e+06 9.987288117408752441e-01
2.460888480873921420e+06 1.000059008598327637e+00
2.460888480940052774e+06 1.000105023384094238e+00
2.460888481006183662e+06 1.000788927078247070e+00
2.460888481072315015e+06 1.000021338462829590e+00
2.460888481138446368e+06 9.997916817665100098e-01
2.460888481204577256e+06 1.000387072563171387e+00
2.460888481270708609e+06 9.992110133171081543e-01
2.460888481336839963e+06 9.990010857582092285e-01
2.460888481402970850e+06 1.001199007034301758e+00
2.460888481469102204e+06 9.999196529388427734e-01
2.460888481535233557e+06 1.000119686126708984e+00
2.460888481601364445e+06 1.000329732894897461e+00
2.460888481667495798e+06 9.990814924240112305e-01
2.460888481733627152e+06 9.997342824935913086e-01
2.460888481799758039e+06 1.000013113021850586e+00
2.460888481865889393e+06 1.001215457916259766e+00
2.460888481932020746e+06 1.001530289649963379e+00
2.460888481998151634e+06 1.000162363052368164e+00
2.460888482064282987e+06 1.000272274017333984e+00
2.460888482130414341e+06 1.000146031379699707e+00
2.460888482196545694e+06 9.992356300354003906e-01
2.460888482262676582e+06 9.995309114456176758e-01
2.460888482328807935e+06 1.000167250633239746e+00
2.460888482394939288e+06 9.979972839355468750e-01
2.460888482461070176e+06 9.997670650482177734e-01
2.460888482527201530e+06 9.998638629913330078e-01
2.460888482593332883e+06 9.995964765548706055e-01
2.460888482659463771e+06 9.994734525680541992e-01
2.460888482725595124e+06 9.997835159301757812e-01
2.460888482791726477e+06 1.000811934471130371e+00
2.460888482857857365e+06 9.992257952690124512e-01
2.460888482923988719e+06 9.990552067756652832e-01
2.460888482990120072e+06 9.990388154983520508e-01
2.460888483056250960e+06 1.000664353370666504e+00
2.460888483122382313e+06 9.996817708015441895e-01
2.460888483188513666e+06 9.994258880615234375e-01
2.460888483254644554e+06 9.985762834548950195e-01
2.460888483320775907e+06 9.998900890350341797e-01
2.460888483386907261e+06 9.997605085372924805e-01
2.460888483453038614e+06 1.000457644462585449e+00
2.460888483519169502e+06 9.994046092033386230e-01
2.460888483585300855e+06 9.997687339782714844e-01
2.460888483651432209e+06 1.000455975532531738e+00
2.460888483717563096e+06 1.000160694122314453e+00
2.460888483783694450e+06 1.000769257545471191e+00
2.460888483849825803e+06 9.995357990264892578e-01
2.460888483915956691e+06 9.994488954544067383e-01
2.460888483982088044e+06 1.000465869903564453e+00
2.460888484048219398e+06 1.000577330589294434e+00
2.460888484114350285e+06 9.995981454849243164e-01
2.460888484180481639e+06 1.001244902610778809e+00
2.460888484246612992e+06 9.999032020568847656e-01
2.460888484312743880e+06 1.000341176986694336e+00
2.460888484378875233e+06 1.000306725502014160e+00
2.460888484445006587e+06 1.000334620475769043e+00
2.460888484511137474e+06 1.000880837440490723e+00
2.460888484577268828e+06 1.000580668449401855e+00
2.460888484643400181e+06 1.000024557113647461e+00
2.460888484709531534e+06 9.997277259826660156e-01
2.460888484775662422e+06 9.992536902427673340e-01
2.460888484841793776e+06 9.987615942955017090e-01
2.460888484907925129e+06 1.001192450523376465e+00
2.460888484974056017e+06 9.996096491813659668e-01
2.460888485040187370e+06 1.000437974929809570e+00
2.460888485106318723e+06 9.996210932731628418e-01
2.460888485172449611e+06 1.000059008598327637e+00
2.460888485238580965e+06 9.989879727363586426e-01
2.460888485304712318e+06 9.988977313041687012e-01
2.460888485370843206e+06 1.000270605087280273e+00
2.460888485436974559e+06 1.000141024589538574e+00
2.460888485503105912e+06 1.000382184982299805e+00
2.460888485569236800e+06 1.000070571899414062e+00
2.460888485635368153e+06 9.997014999389648438e-01
2.460888485701499507e+06 9.983236789703369141e-01
2.460888485767630395e+06 1.000026226043701172e+00
2.460888485833761748e+06 9.993127584457397461e-01
2.460888485899893101e+06 9.996784925460815430e-01
2.460888485966024455e+06 1.000011444091796875e+00
2.460888486032155342e+06 1.000577330589294434e+00
2.460888486098286696e+06 1.002138853073120117e+00
2.460888486164418049e+06 1.000111579895019531e+00
2.460888486230548937e+06 9.991700649261474609e-01
2.460888486296680290e+06 9.998031854629516602e-01
2.460888486362811644e+06 1.000757813453674316e+00
2.460888486428942531e+06 9.999770522117614746e-01
2.460888486495073885e+06 9.996243715286254883e-01
2.460888486561205238e+06 9.999310970306396484e-01
2.460888486627336126e+06 1.000165700912475586e+00
2.460888486693467479e+06 9.988731741905212402e-01
2.460888486759598833e+06 9.995423555374145508e-01
2.460888486825729720e+06 9.994308352470397949e-01
2.460888486891861074e+06 1.000687241554260254e+00
2.460888486957992427e+06 9.994915127754211426e-01
2.460888487024123315e+06 9.993553757667541504e-01
2.460888487090254668e+06 9.984105825424194336e-01
2.460888487156386022e+06 9.994783997535705566e-01
2.460888487222517375e+06 9.996588230133056641e-01
2.460888487288648263e+06 9.994505047798156738e-01
2.460888487354779616e+06 9.999589920043945312e-01
2.460888487420910969e+06 9.989928603172302246e-01
2.460888487487041857e+06 9.984171390533447266e-01
2.460888487553173210e+06 1.000195145606994629e+00
2.460888487619304564e+06 1.000369071960449219e+00
2.460888487685435452e+06 1.000480532646179199e+00
2.460888487751566805e+06 9.998540282249450684e-01
2.460888487817698158e+06 1.000554442405700684e+00
2.460888487883829046e+06 9.986418485641479492e-01
2.460888487949960399e+06 1.000501871109008789e+00
2.460888488016091753e+06 9.998819231986999512e-01
2.460888488082222641e+06 9.998130202293395996e-01
2.460888488148353994e+06 9.992077350616455078e-01
2.460888488214485347e+06 1.000414967536926270e+00
2.460888488280616235e+06 9.990699887275695801e-01
2.460888488346747588e+06 9.995259642601013184e-01
2.460888488412878942e+06 9.990093111991882324e-01
2.460888488479010295e+06 9.993898272514343262e-01
2.460888488545141183e+06 9.992126822471618652e-01
2.460888488611272536e+06 9.988977313041687012e-01
2.460888488677403890e+06 9.986993074417114258e-01
2.460888488743534777e+06 1.000306725502014160e+00
2.460888488809666131e+06 9.986352920532226562e-01
2.460888488875797484e+06 9.990732669830322266e-01
2.460888488941928372e+06 9.998474717140197754e-01
2.460888489008059725e+06 9.986041784286499023e-01
2.460888489074191079e+06 9.991552829742431641e-01
2.460888489140321966e+06 9.994078874588012695e-01
2.460888489206453320e+06 9.999622702598571777e-01
2.460888489272584673e+06 9.998835325241088867e-01
2.460888489338715561e+06 9.985204935073852539e-01
2.460888489404846914e+06 9.985959529876708984e-01
2.460888489470978267e+06 9.991060495376586914e-01
2.460888489537109155e+06 1.000228047370910645e+00
2.460888489603240509e+06 1.000206708908081055e+00
2.460888489669371862e+06 1.000426411628723145e+00
2.460888489735503215e+06 1.000142693519592285e+00
2.460888489801634103e+06 9.998310804367065430e-01
2.460888489867765456e+06 9.995079040527343750e-01
2.460888489933896810e+06 9.999983310699462891e-01
2.460888490000027698e+06 1.000142693519592285e+00
2.460888490066159051e+06 1.000661015510559082e+00
2.460888490132290404e+06 9.996637701988220215e-01
2.460888490198421292e+06 9.992897510528564453e-01
2.460888490264552645e+06 1.000451087951660156e+00
2.460888490330683999e+06 9.996965527534484863e-01
2.460888490396814886e+06 1.000109910964965820e+00
2.460888490462946240e+06 9.998852014541625977e-01
2.460888490529077593e+06 9.999278187751770020e-01
2.460888490595208481e+06 9.992668032646179199e-01
2.460888490661339834e+06 1.000334620475769043e+00
2.460888490727471188e+06 1.001395821571350098e+00
2.460888490793602075e+06 1.000762701034545898e+00
2.460888490859733429e+06 9.995817542076110840e-01
2.460888490925864782e+06 1.000562548637390137e+00
2.460888490991996136e+06 9.985795617103576660e-01
2.460888491058127023e+06 9.984089732170104980e-01
2.460888491124258377e+06 9.984351992607116699e-01
2.460888491190389730e+06 9.986812472343444824e-01
2.460888491256520618e+06 1.000588893890380859e+00
2.460888491322651971e+06 9.998425245285034180e-01
2.460888491388783325e+06 9.996539354324340820e-01
2.460888491454914212e+06 9.986336827278137207e-01
2.460888491521045566e+06 1.000728249549865723e+00
2.460888491587176919e+06 9.989190697669982910e-01
2.460888491653307807e+06 1.000067234039306641e+00
2.460888491719439160e+06 1.000539660453796387e+00
2.460888491785570513e+06 9.995407462120056152e-01
2.460888491851701401e+06 1.000383853912353516e+00
2.460888491917832755e+06 9.993832707405090332e-01
2.460888491983964108e+06 9.988928437232971191e-01
2.460888492050094996e+06 1.000495314598083496e+00
2.460888492116226349e+06 9.995521903038024902e-01
2.460888492182357702e+06 9.994620084762573242e-01
2.460888492248489056e+06 9.999672174453735352e-01
2.460888492314619943e+06 9.998900890350341797e-01
2.460888492380751297e+06 1.000178813934326172e+00
2.460888492446882650e+06 1.000314950942993164e+00
2.460888492513013538e+06 1.000487208366394043e+00
2.460888492579144891e+06 9.994833469390869141e-01
2.460888492645276245e+06 9.988009929656982422e-01
2.460888492711407132e+06 9.995489120483398438e-01
2.460888492777538486e+06 9.997014999389648438e-01
2.460888492843669839e+06 1.000034451484680176e+00
2.460888492909800727e+06 9.997129440307617188e-01
2.460888492975932080e+06 9.989076256752014160e-01
2.460888493042063434e+06 9.992126822471618652e-01
2.460888493108194321e+06 1.000478982925415039e+00
2.460888493174325675e+06 1.001003861427307129e+00
2.460888493240457028e+06 9.994456171989440918e-01
2.460888493306587916e+06 9.986074566841125488e-01
2.460888493372719269e+06 9.995128512382507324e-01
2.460888493438850623e+06 9.994701743125915527e-01
2.460888493504981976e+06 9.990880489349365234e-01
2.460888493571112864e+06 1.001297473907470703e+00
2.460888493637244217e+06 9.999114274978637695e-01
2.460888493703375570e+06 1.000383853912353516e+00
2.460888493769506458e+06 1.000500321388244629e+00
2.460888493835637812e+06 1.000011444091796875e+00
2.460888493901769165e+06 9.988715052604675293e-01
2.460888493967900053e+06 9.998950362205505371e-01
2.460888494034031406e+06 9.985352754592895508e-01
2.460888494100162759e+06 9.995440244674682617e-01
2.460888494166293647e+06 1.000383853912353516e+00
2.460888494232425001e+06 9.994570612907409668e-01
2.460888494298556354e+06 1.000234603881835938e+00
2.460888494364687242e+06 9.996949434280395508e-01
2.460888494430818595e+06 9.986320137977600098e-01
2.460888494496949948e+06 9.988206624984741211e-01
2.460888494563080836e+06 1.000032782554626465e+00
2.460888494629212189e+06 9.993045330047607422e-01
2.460888494695343543e+06 1.000455975532531738e+00
2.460888494761474896e+06 1.000470757484436035e+00
2.460888494827605784e+06 9.998507499694824219e-01
2.460888494893737137e+06 9.999836087226867676e-01
2.460888494959868491e+06 1.000101685523986816e+00
2.460888495025999378e+06 9.992520213127136230e-01
2.460888495092130732e+06 9.998162984848022461e-01
2.460888495158262085e+06 1.000142693519592285e+00
2.460888495224392973e+06 1.000606894493103027e+00
2.460888495290524326e+06 9.987501502037048340e-01
2.460888495356655680e+06 9.996522665023803711e-01
2.460888495422786567e+06 1.000096797943115234e+00
2.460888495488917921e+06 1.000001668930053711e+00
2.460888495555049274e+06 1.000728249549865723e+00
2.460888495621180162e+06 1.000347733497619629e+00
2.460888495687311515e+06 9.986779689788818359e-01
2.460888495753442869e+06 9.994325041770935059e-01
2.460888495819573756e+06 9.998621940612792969e-01
2.460888495885705110e+06 9.991979002952575684e-01
2.460888495951836463e+06 9.989814162254333496e-01
2.460888496017967816e+06 1.000272274017333984e+00
2.460888496084098704e+06 9.995309114456176758e-01
2.460888496150230058e+06 9.999507665634155273e-01
2.460888496216361411e+06 9.996653795242309570e-01
2.460888496282492299e+06 1.000152587890625000e+00
2.460888496348623652e+06 9.988256096839904785e-01
2.460888496414755005e+06 1.000224709510803223e+00
2.460888496480885893e+06 9.999294877052307129e-01
2.460888496547017246e+06 1.000459313392639160e+00
2.460888496613148600e+06 9.984877109527587891e-01
2.460888496679279488e+06 1.001797676086425781e+00
2.460888496745410841e+06 1.000547885894775391e+00
2.460888496811542194e+06 1.000475645065307617e+00
2.460888496877673082e+06 9.999343752861022949e-01
2.460888496943804435e+06 1.000262379646301270e+00
2.460888497009935789e+06 1.000739693641662598e+00
2.460888497076066677e+06 9.993291497230529785e-01
2.460888497142198030e+06 1.000382184982299805e+00
2.460888497208329383e+06 9.986631870269775391e-01
2.460888497274460737e+06 9.998753666877746582e-01
2.460888497340591624e+06 1.000621676445007324e+00
2.460888497406722978e+06 1.000264048576354980e+00
2.460888497472854331e+06 9.995604157447814941e-01
2.460888497538985219e+06 9.995062947273254395e-01
2.460888497605116572e+06 9.997260570526123047e-01
2.460888497671247926e+06 9.999770522117614746e-01
2.460888497737378813e+06 9.994833469390869141e-01
2.460888497803510167e+06 9.995374679565429688e-01
2.460888497869641520e+06 9.994603395462036133e-01
2.460888497935772408e+06 9.987681508064270020e-01
2.460888498001903761e+06 1.000810265541076660e+00
2.460888498068035115e+06 9.990715980529785156e-01
2.460888498134166002e+06 1.000283718109130859e+00
2.460888498200297356e+06 1.000557661056518555e+00
2.460888498266428709e+06 9.996736049652099609e-01
2.460888498332559597e+06 9.997408390045166016e-01
2.460888498398690950e+06 9.998179078102111816e-01
2.460888498464822304e+06 1.001677989959716797e+00
2.460888498530953657e+06 1.000541329383850098e+00
2.460888498597084545e+06 9.997129440307617188e-01
2.460888498663215898e+06 9.997670650482177734e-01
2.460888498729347251e+06 1.000441193580627441e+00
2.460888498795478139e+06 1.000905394554138184e+00
2.460888498861609492e+06 1.000449419021606445e+00
2.460888498927740846e+06 1.001098990440368652e+00
2.460888498993871734e+06 1.000021338462829590e+00
2.460888499060003087e+06 1.000652790069580078e+00
2.460888499126134440e+06 1.000164031982421875e+00
2.460888499192265328e+06 1.000057458877563477e+00
2.460888499258396681e+06 1.000295281410217285e+00
2.460888499324528035e+06 9.989994764328002930e-01
2.460888499390658922e+06 9.996145367622375488e-01
2.460888499456790276e+06 9.992143511772155762e-01
2.460888499522921629e+06 9.997392296791076660e-01
2.460888499589052517e+06 1.000282168388366699e+00
2.460888499655183870e+06 9.987452030181884766e-01
2.460888499721315224e+06 1.000531435012817383e+00
2.460888499787446577e+06 9.995161294937133789e-01
2.460888499853577465e+06 1.000547885894775391e+00
2.460888499919708818e+06 1.000916838645935059e+00
2.460888499985840172e+06 9.991306662559509277e-01
2.460888500051971059e+06 1.002160191535949707e+00
2.460888500118102413e+06 9.996719360351562500e-01
2.460888500184233766e+06 1.000372290611267090e+00
2.460888500250364654e+06 1.000018000602722168e+00
2.460888500316496007e+06 9.991224408149719238e-01
2.460888500382627361e+06 1.000098466873168945e+00
2.460888500448758248e+06 9.995226860046386719e-01
2.460888500514889602e+06 9.995817542076110840e-01
2.460888500581020955e+06 9.989321827888488770e-01
2.460888500647151843e+06 9.997654557228088379e-01
2.460888500713283196e+06 1.000016450881958008e+00
2.460888500779414549e+06 9.993209242820739746e-01
2.460888500845545437e+06 9.986336827278137207e-01
2.460888500911676791e+06 9.991093277931213379e-01
2.460888500977808144e+06 9.997670650482177734e-01
2.460888501043939497e+06 1.000367403030395508e+00
2.460888501110070385e+06 1.000041007995605469e+00
2.460888501176201738e+06 9.996457099914550781e-01
2.460888501242333092e+06 1.000321507453918457e+00
2.460888501308463980e+06 9.993488192558288574e-01
2.460888501374595333e+06 9.999376535415649414e-01
2.460888501440726686e+06 9.991651177406311035e-01
2.460888501506857574e+06 9.993176460266113281e-01
2.460888501572988927e+06 1.000287055969238281e+00
2.460888501639120281e+06 1.000305056571960449e+00
2.460888501705251168e+06 9.996129274368286133e-01
2.460888501771382522e+06 9.997162222862243652e-01
2.460888501837513875e+06 1.001492619514465332e+00
2.460888501903644763e+06 1.000444531440734863e+00
2.460888501969776116e+06 9.991552829742431641e-01
2.460888502035907470e+06 1.000360846519470215e+00
2.460888502102038357e+06 1.000164031982421875e+00
2.460888502168169711e+06 9.997768998146057129e-01
2.460888502234301064e+06 9.994980692863464355e-01
2.460888502300432418e+06 9.999229311943054199e-01
2.460888502366563305e+06 9.997999072074890137e-01
2.460888502432694659e+06 9.993668794631958008e-01
2.460888502498826012e+06 1.000155806541442871e+00
2.460888502564956900e+06 9.991339445114135742e-01
2.460888502631088253e+06 9.991191625595092773e-01
2.460888502697219606e+06 9.999557137489318848e-01
2.460888502763350494e+06 9.986960291862487793e-01
2.460888502829481848e+06 9.984024167060852051e-01
2.460888502895613201e+06 9.999015927314758301e-01
2.460888502961744089e+06 9.993405938148498535e-01
2.460888503027875442e+06 9.987534284591674805e-01
2.460888503094006795e+06 9.994767904281616211e-01
2.460888503160137683e+06 1.000223040580749512e+00
2.460888503226269037e+06 1.000541329383850098e+00
2.460888503292400390e+06 1.001102209091186523e+00
2.460888503358531278e+06 9.999393224716186523e-01
2.460888503424662631e+06 9.994193315505981445e-01
2.460888503490793984e+06 9.994783997535705566e-01
2.460888503556925338e+06 9.988895654678344727e-01
2.460888503623056225e+06 9.989879727363586426e-01
2.460888503689187579e+06 1.000526547431945801e+00
2.460888503755318932e+06 9.991766214370727539e-01
2.460888503821449820e+06 9.997227787971496582e-01
2.460888503887581173e+06 1.000283718109130859e+00
2.460888503953712527e+06 9.992897510528564453e-01
2.460888504019843414e+06 9.990158677101135254e-01
2.460888504085974768e+06 9.985811710357666016e-01
2.460888504152106121e+06 1.000093460083007812e+00
2.460888504218237009e+06 1.000462532043457031e+00
2.460888504284368362e+06 1.000236153602600098e+00
2.460888504350499716e+06 1.000413298606872559e+00
2.460888504416630603e+06 9.994210004806518555e-01
2.460888504482761957e+06 9.992881417274475098e-01
2.460888504548893310e+06 1.000070571899414062e+00
2.460888504615024198e+06 1.000111579895019531e+00
2.460888504681155551e+06 1.001394152641296387e+00
2.460888504747286905e+06 9.994439482688903809e-01
2.460888504813418258e+06 9.994947910308837891e-01
2.460888504879549146e+06 1.000088572502136230e+00
2.460888504945680499e+06 1.000119686126708984e+00
2.460888505011811852e+06 9.992421865463256836e-01
2.460888505077942740e+06 9.987140297889709473e-01
2.460888505144074094e+06 1.000944733619689941e+00
2.460888505210205447e+06 1.000492095947265625e+00
2.460888505276336335e+06 9.997818470001220703e-01
2.460888505342467688e+06 1.000308394432067871e+00
2.460888505408599041e+06 1.000321507453918457e+00
2.460888505474729929e+06 9.999196529388427734e-01
2.460888505540861282e+06 9.994718432426452637e-01
2.460888505606992636e+06 9.997768998146057129e-01
2.460888505673123524e+06 9.989879727363586426e-01
2.460888505739254877e+06 1.000282168388366699e+00
2.460888505805386230e+06 1.000024557113647461e+00
2.460888505871517118e+06 9.998917579650878906e-01
2.460888505937648471e+06 9.992733597755432129e-01
2.460888506003779825e+06 9.990584850311279297e-01
2.460888506069911178e+06 9.995521903038024902e-01
2.460888506136042066e+06 9.980235099792480469e-01
2.460888506202173419e+06 9.994783997535705566e-01
2.460888506268304773e+06 9.998261332511901855e-01
2.460888506334435660e+06 9.994718432426452637e-01
2.460888506400567014e+06 1.000910282135009766e+00
2.460888506466698367e+06 9.994029402732849121e-01
2.460888506532829255e+06 9.991552829742431641e-01
2.460888506598960608e+06 9.995817542076110840e-01
2.460888506665091962e+06 9.981760382652282715e-01
2.460888506731222849e+06 9.984778761863708496e-01
2.460888506797354203e+06 9.995161294937133789e-01
2.460888506863485556e+06 9.997506737709045410e-01
2.460888506929616444e+06 9.998605847358703613e-01
2.460888506995747797e+06 1.000147581100463867e+00
2.460888507061879151e+06 1.000050902366638184e+00
2.460888507128010038e+06 9.996637701988220215e-01
2.460888507194141392e+06 1.000195145606994629e+00
2.460888507260272745e+06 9.992536902427673340e-01
2.460888507326404098e+06 9.986828565597534180e-01
2.460888507392534986e+06 1.000716805458068848e+00
2.460888507458666340e+06 9.999868869781494141e-01
2.460888507524797693e+06 9.996834397315979004e-01
2.460888507590928581e+06 9.999278187751770020e-01
2.460888507657059934e+06 1.000419855117797852e+00
2.460888507723191287e+06 9.992700815200805664e-01
2.460888507789322175e+06 1.000119686126708984e+00
2.460888507855453528e+06 9.999196529388427734e-01
2.460888507921584882e+06 1.000252604484558105e+00
2.460888507987715770e+06 9.990470409393310547e-01
2.460888508053847123e+06 1.000257492065429688e+00
2.460888508119978476e+06 9.992946982383728027e-01
2.460888508186109364e+06 1.000826716423034668e+00
2.460888508252240717e+06 1.000679016113281250e+00
2.460888508318372071e+06 1.000367403030395508e+00
2.460888508384502959e+06 9.998097419738769531e-01
2.460888508450634312e+06 9.998474717140197754e-01
2.460888508516765665e+06 1.000334620475769043e+00
2.460888508582896553e+06 9.995751976966857910e-01
2.460888508649027906e+06 1.000060677528381348e+00
2.460888508715159260e+06 9.997670650482177734e-01
2.460888508781290613e+06 1.000938177108764648e+00
2.460888508847421501e+06 9.996030330657958984e-01
2.460888508913552854e+06 1.000416636466979980e+00
2.460888508979684208e+06 1.000250935554504395e+00
2.460888509045815095e+06 9.997982382774353027e-01
2.460888509111946449e+06 1.000410079956054688e+00
2.460888509178077802e+06 1.000752925872802734e+00
2.460888509244208690e+06 1.000019669532775879e+00
2.460888509310340043e+06 9.997703433036804199e-01
2.460888509376471397e+06 9.998080730438232422e-01
2.460888509442602284e+06 1.000370740890502930e+00
2.460888509508733638e+06 9.987320899963378906e-01
2.460888509574864991e+06 9.984844326972961426e-01
2.460888509640995879e+06 9.992536902427673340e-01
2.460888509707127232e+06 1.000254273414611816e+00
2.460888509773258585e+06 9.994439482688903809e-01
2.460888509839389939e+06 1.000843048095703125e+00
2.460888509905520827e+06 9.998556375503540039e-01
2.460888509971652180e+06 9.996588230133056641e-01
2.460888510037783533e+06 9.999114274978637695e-01
2.460888510103914421e+06 9.994472265243530273e-01
2.460888510170045774e+06 1.000393629074096680e+00
2.460888510236177128e+06 9.998983144760131836e-01
2.460888510302308016e+06 1.000615119934082031e+00
2.460888510368439369e+06 1.002319335937500000e+00
2.460888510434570722e+06 9.998490810394287109e-01
2.460888510500701610e+06 9.982842803001403809e-01
2.460888510566832963e+06 9.988485574722290039e-01
2.460888510632964317e+06 9.998884797096252441e-01
2.460888510699095204e+06 9.994668960571289062e-01
2.460888510765226558e+06 9.992438554763793945e-01
2.460888510831357911e+06 9.992323517799377441e-01
2.460888510897488799e+06 1.000562548637390137e+00
2.460888510963620152e+06 9.999524354934692383e-01
2.460888511029751506e+06 9.983941912651062012e-01
2.460888511095882393e+06 9.983515739440917969e-01
2.460888511162013747e+06 9.988551139831542969e-01
2.460888511228145100e+06 9.990831017494201660e-01
2.460888511294276454e+06 9.993882179260253906e-01
2.460888511360407341e+06 9.985089898109436035e-01
2.460888511426538695e+06 9.998638629913330078e-01
2.460888511492670048e+06 9.997637867927551270e-01
2.460888511558800936e+06 9.996998310089111328e-01
2.460888511624932289e+06 9.996424317359924316e-01
2.460888511691063643e+06 9.998228549957275391e-01
2.460888511757194530e+06 1.000729918479919434e+00
2.460888511823325884e+06 9.990420937538146973e-01
2.460888511889457237e+06 9.997835159301757812e-01
2.460888511955588125e+06 9.987550377845764160e-01
2.460888512021719478e+06 1.000460863113403320e+00
2.460888512087850831e+06 1.000067234039306641e+00
2.460888512153981719e+06 9.994947910308837891e-01
2.460888512220113073e+06 1.000296831130981445e+00
2.460888512286244426e+06 1.001118659973144531e+00
2.460888512352375314e+06 9.991782307624816895e-01
2.460888512418506667e+06 9.995948672294616699e-01
2.460888512484638020e+06 9.993832707405090332e-01
2.460888512550769374e+06 9.995702505111694336e-01
2.460888512616900261e+06 9.997752904891967773e-01
2.460888512683031615e+06 9.996162056922912598e-01
2.460888512749162968e+06 1.000060677528381348e+00
2.460888512815293856e+06 9.998015165328979492e-01
2.460888512881425209e+06 1.000273942947387695e+00
2.460888512947556563e+06 1.000036120414733887e+00
2.460888513013687450e+06 1.000193595886230469e+00
2.460888513079818804e+06 9.989961981773376465e-01
2.460888513145950157e+06 9.997884035110473633e-01
2.460888513212081045e+06 9.983827471733093262e-01
2.460888513278212398e+06 9.995226860046386719e-01
2.460888513344343752e+06 1.000892281532287598e+00
2.460888513410474639e+06 9.993996620178222656e-01
2.460888513476605993e+06 1.000100016593933105e+00
2.460888513542737346e+06 9.998704195022583008e-01
2.460888513608868234e+06 9.996752142906188965e-01
2.460888513674999587e+06 9.991733431816101074e-01
2.460888513741130941e+06 9.989371299743652344e-01
2.460888513807262294e+06 1.000326395034790039e+00
2.460888513873393182e+06 9.996391534805297852e-01
2.460888513939524535e+06 9.990109205245971680e-01
2.460888514005655888e+06 9.996260404586791992e-01
2.460888514071786776e+06 1.000241160392761230e+00
2.460888514137918130e+06 9.990470409393310547e-01
2.460888514204049483e+06 9.988747835159301758e-01
2.460888514270180371e+06 9.993734359741210938e-01
2.460888514336311724e+06 1.001422047615051270e+00
2.460888514402443077e+06 1.000269055366516113e+00
2.460888514468573965e+06 1.000149250030517578e+00
2.460888514534705319e+06 9.996752142906188965e-01
2.460888514600836672e+06 1.000875949859619141e+00
2.460888514666967560e+06 9.992864727973937988e-01
2.460888514733098913e+06 9.990338683128356934e-01
2.460888514799230266e+06 9.985647797584533691e-01
2.460888514865361154e+06 9.995521903038024902e-01
2.460888514931492507e+06 1.000057458877563477e+00
2.460888514997623861e+06 9.980973005294799805e-01
2.460888515063755214e+06 1.000188589096069336e+00
2.460888515129886102e+06 1.001384377479553223e+00
2.460888515196017455e+06 9.995964765548706055e-01
2.460888515262148809e+06 9.998244643211364746e-01
2.460888515328279696e+06 9.993225932121276855e-01
2.460888515394411050e+06 1.000344395637512207e+00
2.460888515460542403e+06 1.000041007995605469e+00
2.460888515526673291e+06 1.000777482986450195e+00
2.460888515592804644e+06 9.978578686714172363e-01
2.460888515658935998e+06 9.998047947883605957e-01
2.460888515725066885e+06 9.994751214981079102e-01
2.460888515791198239e+06 1.000414967536926270e+00
2.460888515857329592e+06 9.990568757057189941e-01
2.460888515923460480e+06 9.997031092643737793e-01
2.460888515989591833e+06 1.000331282615661621e+00
2.460888516055723187e+06 9.994783997535705566e-01
2.460888516121854074e+06 9.992011785507202148e-01
2.460888516187985428e+06 9.994701743125915527e-01
2.460888516254116781e+06 9.998310804367065430e-01
2.460888516320248134e+06 9.995964765548706055e-01
2.460888516386379022e+06 1.000003337860107422e+00
2.460888516452510376e+06 1.000851273536682129e+00
2.460888516518641729e+06 9.985499978065490723e-01
2.460888516584772617e+06 9.989240169525146484e-01
2.460888516650903970e+06 1.000931620597839355e+00
2.460888516717035323e+06 9.992864727973937988e-01
2.460888516783166211e+06 9.997736215591430664e-01
2.460888516849297564e+06 9.987846016883850098e-01
2.460888516915428918e+06 9.990371465682983398e-01
2.460888516981559806e+06 1.000665903091430664e+00
2.460888517047691159e+06 1.000249266624450684e+00
2.460888517113822512e+06 9.991946220397949219e-01
2.460888517179953400e+06 1.000228047370910645e+00
2.460888517246084753e+06 1.000400185585021973e+00
2.460888517312216107e+06 9.997933506965637207e-01
2.460888517378346995e+06 1.000042676925659180e+00
2.460888517444478348e+06 9.982006549835205078e-01
2.460888517510609701e+06 9.996243715286254883e-01
2.460888517576741055e+06 9.997047781944274902e-01
2.460888517642871942e+06 9.995226860046386719e-01
2.460888517709003296e+06 9.995653629302978516e-01
2.460888517775134649e+06 9.990667104721069336e-01
2.460888517841265537e+06 1.000542879104614258e+00
2.460888517907396890e+06 1.000029563903808594e+00
2.460888517973528244e+06 9.996637701988220215e-01
2.460888518039659131e+06 9.999081492424011230e-01
2.460888518105790485e+06 9.993029236793518066e-01
2.460888518171921838e+06 9.993816018104553223e-01
2.460888518238052726e+06 9.994062185287475586e-01
2.460888518304184079e+06 9.987140297889709473e-01
2.460888518370315433e+06 9.998211860656738281e-01
2.460888518436446320e+06 9.985697269439697266e-01
2.460888518502577674e+06 9.997342824935913086e-01
2.460888518568709027e+06 1.001271247863769531e+00
2.460888518634839915e+06 9.999672174453735352e-01
2.460888518700971268e+06 9.996555447578430176e-01
2.460888518767102621e+06 1.001592636108398438e+00
2.460888518833233975e+06 9.990748763084411621e-01
2.460888518899364863e+06 1.000364184379577637e+00
2.460888518965496216e+06 1.000226378440856934e+00
2.460888519031627569e+06 1.000339508056640625e+00
2.460888519097758457e+06 9.984204173088073730e-01
2.460888519163889810e+06 9.986927509307861328e-01
2.460888519230021164e+06 1.000618338584899902e+00
2.460888519296152052e+06 9.997047781944274902e-01
2.460888519362283405e+06 1.000095129013061523e+00
2.460888519428414758e+06 9.995390772819519043e-01
2.460888519494545646e+06 1.000123023986816406e+00
2.460888519560676999e+06 1.000237822532653809e+00
2.460888519626808353e+06 9.993882179260253906e-01
2.460888519692939240e+06 9.996342062950134277e-01
2.460888519759070594e+06 1.000141024589538574e+00
2.460888519825201947e+06 1.001126885414123535e+00
2.460888519891332835e+06 9.990470409393310547e-01
2.460888519957464188e+06 9.997687339782714844e-01
2.460888520023595542e+06 9.993127584457397461e-01
2.460888520089726895e+06 9.996194839477539062e-01
2.460888520155857783e+06 9.992028474807739258e-01
2.460888520221989136e+06 9.985795617103576660e-01
2.460888520288120490e+06 9.997720122337341309e-01
2.460888520354251377e+06 9.996374845504760742e-01
2.460888520420382731e+06 9.986271262168884277e-01
2.460888520486514084e+06 9.996276497840881348e-01
2.460888520552644972e+06 9.989830255508422852e-01
2.460888520618776325e+06 9.983712434768676758e-01
2.460888520684907679e+06 1.000206708908081055e+00
2.460888520751038566e+06 9.995554685592651367e-01
2.460888520817169920e+06 9.991273880004882812e-01
2.460888520883301273e+06 9.985483884811401367e-01
2.460888520949432161e+06 9.990994930267333984e-01
2.460888521015563514e+06 1.000731587409973145e+00
2.460888521081694867e+06 1.000533103942871094e+00
2.460888521147825755e+06 9.994620084762573242e-01
2.460888521213957109e+06 9.989010095596313477e-01
2.460888521280088462e+06 9.996063709259033203e-01
2.460888521346219350e+06 9.989994764328002930e-01
2.460888521412350703e+06 1.000585556030273438e+00
2.460888521478482056e+06 1.000583887100219727e+00
2.460888521544613410e+06 9.997818470001220703e-01
2.460888521610744298e+06 9.989338517189025879e-01
2.460888521676875651e+06 9.996506571769714355e-01
2.460888521743007004e+06 9.990420937538146973e-01
2.460888521809137892e+06 9.995883107185363770e-01
2.460888521875269245e+06 9.995374679565429688e-01
2.460888521941400599e+06 1.001249909400939941e+00
2.460888522007531486e+06 1.000495314598083496e+00
2.460888522073662840e+06 9.990814924240112305e-01
2.460888522139794193e+06 9.982761144638061523e-01
2.460888522205925081e+06 9.987041950225830078e-01
2.460888522272056434e+06 1.000359177589416504e+00
2.460888522338187788e+06 9.987124204635620117e-01
2.460888522404318675e+06 9.996129274368286133e-01
2.460888522470450029e+06 1.000213265419006348e+00
2.460888522536581382e+06 9.996047019958496094e-01
2.460888522602712270e+06 9.993373155593872070e-01
2.460888522668843623e+06 9.996489882469177246e-01
2.460888522734974977e+06 1.000013113021850586e+00
2.460888522801106330e+06 1.000613451004028320e+00
2.460888522867237218e+06 9.991273880004882812e-01
2.460888522933368571e+06 1.000155806541442871e+00
2.460888522999499924e+06 9.979726672172546387e-01
2.460888523065630812e+06 1.000598669052124023e+00
2.460888523131762166e+06 9.993652105331420898e-01
2.460888523197893519e+06 9.991503357887268066e-01
2.460888523264024407e+06 9.992192387580871582e-01
2.460888523330155760e+06 9.997506737709045410e-01
2.460888523396287113e+06 1.000175476074218750e+00
2.460888523462418001e+06 1.000198483467102051e+00
2.460888523528549355e+06 9.990715980529785156e-01
2.460888523594680708e+06 9.991536140441894531e-01
2.460888523660811596e+06 1.000149250030517578e+00
2.460888523726942949e+06 9.994783997535705566e-01
2.460888523793074302e+06 9.990240335464477539e-01
2.460888523859205190e+06 9.989436864852905273e-01
2.460888523925336543e+06 9.998425245285034180e-01
2.460888523991467897e+06 9.993439316749572754e-01
2.460888524057599250e+06 1.000744700431823730e+00
2.460888524123730138e+06 9.995489120483398438e-01
2.460888524189861491e+06 1.000229597091674805e+00
2.460888524255992845e+06 1.000957846641540527e+00
2.460888524322123732e+06 9.987648725509643555e-01
2.460888524388255086e+06 9.991142749786376953e-01
2.460888524454386439e+06 9.992766380310058594e-01
2.460888524520517327e+06 1.000273942947387695e+00
2.460888524586648680e+06 9.990896582603454590e-01
2.460888524652780034e+06 9.999704957008361816e-01
2.460888524718910921e+06 1.001077651977539062e+00
2.460888524785042275e+06 9.986254572868347168e-01
2.460888524851173628e+06 9.987107515335083008e-01
2.460888524917304516e+06 9.996670484542846680e-01
2.460888524983435869e+06 1.001102209091186523e+00
2.460888525049567223e+06 9.997178912162780762e-01
2.460888525115698110e+06 1.000452756881713867e+00
2.460888525181829464e+06 9.987271428108215332e-01
2.460888525247960817e+06 9.995226860046386719e-01
2.460888525314092170e+06 9.985992312431335449e-01
2.460888525380223058e+06 9.996063709259033203e-01
2.460888525446354412e+06 9.987320899963378906e-01
2.460888525512485765e+06 9.999606609344482422e-01
2.460888525578616653e+06 1.000744700431823730e+00
2.460888525644748006e+06 9.990880489349365234e-01
2.460888525710879359e+06 1.000100016593933105e+00
2.460888525777010247e+06 9.998605847358703613e-01
2.460888525843141600e+06 9.992077350616455078e-01
2.460888525909272954e+06 9.996834397315979004e-01
2.460888525975403842e+06 1.000085234642028809e+00
2.460888526041535195e+06 1.000249266624450684e+00
2.460888526107666548e+06 9.993193149566650391e-01
2.460888526173797436e+06 9.994899034500122070e-01
2.460888526239928789e+06 9.990470409393310547e-01
2.460888526306060143e+06 9.989305734634399414e-01
2.460888526372191031e+06 9.993176460266113281e-01
2.460888526438322384e+06 9.997982382774353027e-01
2.460888526504453737e+06 1.000216484069824219e+00
2.460888526570585091e+06 9.993488192558288574e-01
2.460888526636715978e+06 1.000267386436462402e+00
2.460888526702847332e+06 9.992405772209167480e-01
2.460888526768978685e+06 9.983056187629699707e-01
2.460888526835109573e+06 1.000088572502136230e+00
2.460888526901240926e+06 1.000196814537048340e+00
2.460888526967372280e+06 9.992799162864685059e-01
2.460888527033503167e+06 9.994668960571289062e-01
2.460888527099634521e+06 9.997195005416870117e-01
2.460888527165765874e+06 1.000478982925415039e+00
2.460888527231896762e+06 9.996883273124694824e-01
2.460888527298028115e+06 1.001251459121704102e+00
2.460888527364159469e+06 9.995030164718627930e-01
2.460888527430290356e+06 9.999786615371704102e-01
2.460888527496421710e+06 1.000164031982421875e+00
2.460888527562553063e+06 9.999343752861022949e-01
2.460888527628683951e+06 9.996293187141418457e-01
2.460888527694815304e+06 1.000019669532775879e+00
2.460888527760946658e+06 1.000452756881713867e+00
2.460888527827077545e+06 1.000385403633117676e+00
2.460888527893208899e+06 9.999901652336120605e-01
2.460888527959340252e+06 1.000255823135375977e+00
2.460888528025471605e+06 9.987386465072631836e-01
2.460888528091602493e+06 1.000536322593688965e+00
2.460888528157733846e+06 9.993340373039245605e-01
2.460888528223865200e+06 9.995194077491760254e-01
2.460888528289996088e+06 1.000916838645935059e+00
2.460888528356127441e+06 9.988994002342224121e-01
2.460888528422258794e+06 9.992536902427673340e-01
2.460888528488389682e+06 1.001307249069213867e+00
2.460888528554521035e+06 9.994997382164001465e-01
2.460888528620652389e+06 9.995981454849243164e-01
2.460888528686783276e+06 9.997047781944274902e-01
2.460888528752914630e+06 9.996867179870605469e-01
2.460888528819045983e+06 9.999819397926330566e-01
2.460888528885176871e+06 9.979890584945678711e-01
2.460888528951308224e+06 9.998769760131835938e-01
2.460888529017439578e+06 1.000588893890380859e+00
2.460888529083570465e+06 1.000080347061157227e+00
2.460888529149701819e+06 1.000905394554138184e+00
2.460888529215833172e+06 9.993799924850463867e-01
2.460888529281964526e+06 9.999639391899108887e-01
2.460888529348095413e+06 9.996621012687683105e-01
2.460888529414226767e+06 9.990355372428894043e-01
2.460888529480358120e+06 1.001190781593322754e+00
2.460888529546489008e+06 9.998064637184143066e-01
2.460888529612620361e+06 9.995915889739990234e-01
2.460888529678751715e+06 1.000621676445007324e+00
2.460888529744882602e+06 9.994652867317199707e-01
2.460888529811013956e+06 9.998294115066528320e-01
2.460888529877145309e+06 1.000892281532287598e+00
2.460888529943276197e+06 9.999097585678100586e-01
2.460888530009407550e+06 1.000045895576477051e+00
2.460888530075538903e+06 1.000718474388122559e+00
2.460888530141669791e+06 9.997441172599792480e-01
2.460888530207801145e+06 1.000024557113647461e+00
2.460888530273932498e+06 1.000921845436096191e+00
2.460888530340063386e+06 9.991782307624816895e-01
2.460888530406194739e+06 1.000018000602722168e+00
2.460888530472326092e+06 1.000514984130859375e+00
2.460888530538457446e+06 9.999983310699462891e-01
2.460888530604588334e+06 1.000372290611267090e+00
2.460888530670719687e+06 9.994718432426452637e-01
2.460888530736851040e+06 1.000198483467102051e+00
2.460888530802981928e+06 1.000359177589416504e+00
2.460888530869113281e+06 9.989683032035827637e-01
2.460888530935244635e+06 9.994751214981079102e-01
2.460888531001375522e+06 9.996129274368286133e-01
2.460888531067506876e+06 9.991913437843322754e-01
2.460888531133638229e+06 1.000142693519592285e+00
2.460888531199769117e+06 9.999097585678100586e-01
2.460888531265900470e+06 1.000313282012939453e+00
2.460888531332031824e+06 9.996572136878967285e-01
2.460888531398162711e+06 1.000185370445251465e+00
2.460888531464294065e+06 9.994275569915771484e-01
2.460888531530425418e+06 9.998999238014221191e-01
2.460888531596556306e+06 9.984762072563171387e-01
2.460888531662687659e+06 1.000890612602233887e+00
2.460888531728819013e+06 9.995144605636596680e-01
2.460888531794950366e+06 9.988895654678344727e-01
2.460888531861081254e+06 1.000332951545715332e+00
2.460888531927212607e+06 9.997310042381286621e-01
2.460888531993343960e+06 9.987468719482421875e-01
2.460888532059474848e+06 1.000316619873046875e+00
2.460888532125606202e+06 9.998244643211364746e-01
2.460888532191737555e+06 9.992405772209167480e-01
2.460888532257868443e+06 9.992783069610595703e-01
2.460888532323999796e+06 9.994800686836242676e-01
2.460888532390131149e+06 9.995833635330200195e-01
2.460888532456262037e+06 9.991011619567871094e-01
2.460888532522393391e+06 1.000175476074218750e+00
2.460888532588524744e+06 1.000252604484558105e+00
2.460888532654655632e+06 9.990224242210388184e-01
2.460888532720786985e+06 1.000739693641662598e+00
2.460888532786918338e+06 9.992766380310058594e-01
2.460888532853049226e+06 9.999852180480957031e-01
2.460888532919180579e+06 1.000019669532775879e+00
2.460888532985311933e+06 1.000851273536682129e+00
2.460888533051442821e+06 1.000598669052124023e+00
2.460888533117574174e+06 1.000990748405456543e+00
2.460888533183705527e+06 1.000114798545837402e+00
2.460888533249836881e+06 9.997358918190002441e-01
2.460888533315967768e+06 9.999212622642517090e-01
2.460888533382099122e+06 1.000209927558898926e+00
2.460888533448230475e+06 9.986402392387390137e-01
2.460888533514361363e+06 1.000234603881835938e+00
2.460888533580492716e+06 9.997752904891967773e-01
2.460888533646624070e+06 9.988813400268554688e-01
2.460888533712754957e+06 9.999130964279174805e-01
2.460888533778886311e+06 9.981596469879150391e-01
2.460888533845017664e+06 9.985483884811401367e-01
2.460888533911148552e+06 9.988108277320861816e-01
2.460888533977279905e+06 1.000465869903564453e+00
2.460888534043411259e+06 1.000034451484680176e+00
2.460888534109542146e+06 9.983285665512084961e-01
2.460888534175673500e+06 9.993176460266113281e-01
2.460888534241804853e+06 9.993684887886047363e-01
2.460888534307935741e+06 9.996637701988220215e-01
2.460888534374067094e+06 1.000934958457946777e+00
2.460888534440198448e+06 9.991979002952575684e-01
2.460888534506329801e+06 9.999310970306396484e-01
2.460888534572460689e+06 9.992963075637817383e-01
2.460888534638592042e+06 9.990010857582092285e-01
2.460888534704723395e+06 1.000524878501892090e+00
2.460888534770854283e+06 9.988009929656982422e-01
2.460888534836985637e+06 9.994701743125915527e-01
2.460888534903116990e+06 9.992848634719848633e-01
2.460888534969247878e+06 9.993914961814880371e-01
2.460888535035379231e+06 1.000191926956176758e+00
2.460888535101510584e+06 9.985532760620117188e-01
2.460888535167641472e+06 9.998064637184143066e-01
2.460888535233772825e+06 9.996817708015441895e-01
2.460888535299904179e+06 1.000910282135009766e+00
2.460888535366035067e+06 9.996227622032165527e-01
2.460888535432166420e+06 9.986631870269775391e-01
2.460888535498297773e+06 9.996374845504760742e-01
2.460888535564428661e+06 9.999360442161560059e-01
2.460888535630560014e+06 9.993668794631958008e-01
2.460888535696691368e+06 9.994964599609375000e-01
2.460888535762822721e+06 9.993537664413452148e-01
2.460888535828953609e+06 1.000014781951904297e+00
2.460888535895084962e+06 1.000195145606994629e+00
2.460888535961216316e+06 9.991372227668762207e-01
2.460888536027347203e+06 1.000164031982421875e+00
2.460888536093478557e+06 9.999278187751770020e-01
2.460888536159609910e+06 9.991930127143859863e-01
2.460888536225740798e+06 9.994144439697265625e-01
2.460888536291872151e+06 9.993324279785156250e-01
2.460888536358003505e+06 9.999884963035583496e-01
2.460888536424134392e+06 1.000193595886230469e+00
2.460888536490265746e+06 9.994325041770935059e-01
2.460888536556397099e+06 1.000249266624450684e+00
2.460888536622527987e+06 1.000400185585021973e+00
2.460888536688659340e+06 9.995571374893188477e-01
2.460888536754790694e+06 9.988272190093994141e-01
2.460888536820921581e+06 1.000542879104614258e+00
2.460888536887052935e+06 1.000838160514831543e+00
2.460888536953184288e+06 1.000432968139648438e+00
2.460888537019315176e+06 9.997129440307617188e-01
2.460888537085446529e+06 9.998031854629516602e-01
2.460888537151577882e+06 9.999557137489318848e-01
2.460888537217709236e+06 1.000180482864379883e+00
2.460888537283840124e+06 9.986517429351806641e-01
2.460888537349971477e+06 9.997178912162780762e-01
2.460888537416102830e+06 1.000118136405944824e+00
2.460888537482233718e+06 9.993701577186584473e-01
2.460888537548365071e+06 1.000068902969360352e+00
2.460888537614496425e+06 9.987386465072631836e-01
2.460888537680627313e+06 9.991700649261474609e-01
2.460888537746758666e+06 1.000652790069580078e+00
2.460888537812890019e+06 9.990847706794738770e-01
2.460888537879020907e+06 9.998113512992858887e-01
2.460888537945152260e+06 9.990946054458618164e-01
2.460888538011283614e+06 1.001310586929321289e+00
2.460888538077414501e+06 9.994636178016662598e-01
2.460888538143545855e+06 9.998900890350341797e-01
2.460888538209677208e+06 1.000987410545349121e+00
2.460888538275808096e+06 1.000679016113281250e+00
2.460888538341939449e+06 9.989633560180664062e-01
2.460888538408070803e+06 9.995686411857604980e-01
2.460888538474202156e+06 9.995866417884826660e-01
2.460888538540333044e+06 1.000313282012939453e+00
2.460888538606464397e+06 9.993307590484619141e-01
2.460888538672595751e+06 9.991191625595092773e-01
2.460888538738726638e+06 9.996637701988220215e-01
2.460888538804857992e+06 9.997441172599792480e-01
2.460888538870989345e+06 9.989010095596313477e-01
2.460888538937120233e+06 9.994587302207946777e-01
2.460888539003251586e+06 9.987271428108215332e-01
2.460888539069382939e+06 9.997260570526123047e-01
2.460888539135513827e+06 1.000150918960571289e+00
2.460888539201645181e+06 1.000777482986450195e+00
2.460888539267776534e+06 9.992930293083190918e-01
2.460888539333907422e+06 9.996145367622375488e-01
2.460888539400038775e+06 9.998933672904968262e-01
2.460888539466170128e+06 9.992504119873046875e-01
2.460888539532301016e+06 1.000021338462829590e+00
2.460888539598432370e+06 9.999589920043945312e-01
2.460888539664563723e+06 9.990552067756652832e-01
2.460888539730695076e+06 1.000915288925170898e+00
2.460888539796825964e+06 9.989978075027465820e-01
2.460888539862957317e+06 9.993389844894409180e-01
2.460888539929088671e+06 9.998671412467956543e-01
2.460888539995219558e+06 1.000631451606750488e+00
2.460888540061350912e+06 9.992733597755432129e-01
2.460888540127482265e+06 9.993684887886047363e-01
2.460888540193613153e+06 9.997572302818298340e-01
2.460888540259744506e+06 9.998933672904968262e-01
2.460888540325875860e+06 1.000078678131103516e+00
2.460888540392006747e+06 9.996916055679321289e-01
2.460888540458138101e+06 9.988190531730651855e-01
2.460888540524269454e+06 9.989010095596313477e-01
2.460888540590400342e+06 1.000031113624572754e+00
2.460888540656531695e+06 1.000503540039062500e+00
2.460888540722663049e+06 9.989863038063049316e-01
2.460888540788793936e+06 9.996342062950134277e-01
2.460888540854925290e+06 9.992372989654541016e-01
2.460888540921056643e+06 9.995128512382507324e-01
2.460888540987187997e+06 1.000621676445007324e+00
2.460888541053318884e+06 9.989699125289916992e-01
2.460888541119450238e+06 1.001231789588928223e+00
2.460888541185581591e+06 1.000082015991210938e+00
2.460888541251712479e+06 9.997047781944274902e-01
2.460888541317843832e+06 1.000670909881591797e+00
2.460888541383975185e+06 9.996407628059387207e-01
2.460888541450106073e+06 9.982334375381469727e-01
2.460888541516237427e+06 9.997605085372924805e-01
2.460888541582368780e+06 9.995817542076110840e-01
2.460888541648499668e+06 1.000434637069702148e+00
2.460888541714631021e+06 9.987370371818542480e-01
2.460888541780762374e+06 9.996227622032165527e-01
2.460888541846893262e+06 9.996047019958496094e-01
2.460888541913024615e+06 9.989141821861267090e-01
2.460888541979155969e+06 9.997490644454956055e-01
2.460888542045286857e+06 9.995440244674682617e-01
2.460888542111418210e+06 9.997473955154418945e-01
2.460888542177549563e+06 1.000572443008422852e+00
2.460888542243680917e+06 1.000439643859863281e+00
2.460888542309811804e+06 9.991109967231750488e-01
2.460888542375943158e+06 9.998343586921691895e-01
2.460888542442074511e+06 9.988239407539367676e-01
2.460888542508205399e+06 1.000651121139526367e+00
2.460888542574336752e+06 1.001051425933837891e+00
2.460888542640468106e+06 1.000537991523742676e+00
2.460888542706598993e+06 1.000444531440734863e+00
2.460888542772730347e+06 1.000016450881958008e+00
2.460888542838861700e+06 1.000285387039184570e+00
2.460888542904992588e+06 9.990519285202026367e-01
2.460888542971123941e+06 9.994947910308837891e-01
2.460888543037255295e+06 9.995194077491760254e-01
2.460888543103386182e+06 1.000359177589416504e+00
2.460888543169517536e+06 9.996063709259033203e-01
2.460888543235648889e+06 9.989141821861267090e-01
2.460888543301779777e+06 9.999589920043945312e-01
2.460888543367911130e+06 1.000782370567321777e+00
2.460888543434042484e+06 9.996686577796936035e-01
2.460888543500173371e+06 9.985139369964599609e-01
2.460888543566304725e+06 1.000859498977661133e+00
2.460888543632436078e+06 9.992815852165222168e-01
2.460888543698567431e+06 9.996572136878967285e-01
2.460888543764698319e+06 9.997211694717407227e-01
2.460888543830829673e+06 9.989223480224609375e-01
2.460888543896961026e+06 9.999229311943054199e-01
2.460888543963091914e+06 1.001059651374816895e+00
2.460888544029223267e+06 1.000506877899169922e+00
2.460888544095354620e+06 9.994127750396728516e-01
2.460888544161485508e+06 1.000150918960571289e+00
2.460888544227616861e+06 9.998146295547485352e-01
2.460888544293748215e+06 9.993963837623596191e-01
2.460888544359879103e+06 1.000062346458435059e+00
2.460888544426010456e+06 9.991520047187805176e-01
2.460888544492141809e+06 1.001645207405090332e+00
2.460888544558272697e+06 1.000180482864379883e+00
2.460888544624404050e+06 1.000377297401428223e+00
2.460888544690535404e+06 1.000447750091552734e+00
2.460888544756666292e+06 1.000173807144165039e+00
2.460888544822797645e+06 9.998671412467956543e-01
2.460888544888928998e+06 1.000405192375183105e+00
2.460888544955060352e+06 1.001420497894287109e+00
2.460888545021191239e+06 9.989354610443115234e-01
2.460888545087322593e+06 1.000270605087280273e+00
2.460888545153453946e+06 1.000652790069580078e+00
2.460888545219584834e+06 9.998162984848022461e-01
2.460888545285716187e+06 9.992061257362365723e-01
2.460888545351847541e+06 9.992848634719848633e-01
2.460888545417978428e+06 1.001515626907348633e+00
2.460888545484109782e+06 1.000157475471496582e+00
2.460888545550241135e+06 1.000623345375061035e+00
2.460888545616372023e+06 1.000082015991210938e+00
2.460888545682503376e+06 9.993996620178222656e-01
2.460888545748634730e+06 9.998802542686462402e-01
2.460888545814765617e+06 1.000349402427673340e+00
2.460888545880896971e+06 9.995521903038024902e-01
2.460888545947028324e+06 9.996047019958496094e-01
2.460888546013159212e+06 9.996194839477539062e-01
2.460888546079290565e+06 9.991962909698486328e-01
2.460888546145421918e+06 9.997768998146057129e-01
2.460888546211552806e+06 9.998392462730407715e-01
2.460888546277684160e+06 9.992110133171081543e-01
2.460888546343815513e+06 9.996276497840881348e-01
2.460888546409946866e+06 9.998786449432373047e-01
2.460888546476077754e+06 9.996243715286254883e-01
2.460888546542209107e+06 9.997392296791076660e-01
2.460888546608340461e+06 1.000974297523498535e+00
2.460888546674471349e+06 9.987025856971740723e-01
2.460888546740602702e+06 9.986993074417114258e-01
2.460888546806734055e+06 1.000200152397155762e+00
2.460888546872864943e+06 9.983252882957458496e-01
2.460888546938996296e+06 9.989256262779235840e-01
2.460888547005127650e+06 9.988124370574951172e-01
2.460888547071258537e+06 1.000111579895019531e+00
2.460888547137389891e+06 9.995489120483398438e-01
2.460888547203521244e+06 9.991864562034606934e-01
2.460888547269652132e+06 9.981071352958679199e-01
2.460888547335783485e+06 1.000464200973510742e+00
2.460888547401914839e+06 9.985270500183105469e-01
2.460888547468045726e+06 9.999360442161560059e-01
2.460888547534177080e+06 9.997063875198364258e-01
2.460888547600308433e+06 9.986533522605895996e-01
2.460888547666439787e+06 9.995440244674682617e-01
2.460888547732570674e+06 9.993094801902770996e-01
2.460888547798702028e+06 9.990174770355224609e-01
2.460888547864833381e+06 1.001039862632751465e+00
2.460888547930964269e+06 9.999409317970275879e-01
2.460888547997095622e+06 1.000638008117675781e+00
2.460888548063226976e+06 9.997588992118835449e-01
2.460888548129357863e+06 9.995587468147277832e-01
2.460888548195489217e+06 9.992668032646179199e-01
2.460888548261620570e+06 1.000257492065429688e+00
2.460888548327751458e+06 9.988977313041687012e-01
2.460888548393882811e+06 1.000423192977905273e+00
2.460888548460014164e+06 9.992176294326782227e-01
2.460888548526145052e+06 1.000478982925415039e+00
2.460888548592276406e+06 1.000031113624572754e+00
2.460888548658407759e+06 9.993488192558288574e-01
2.460888548724538647e+06 9.991454482078552246e-01
2.460888548790670000e+06 9.990535974502563477e-01
2.460888548856801353e+06 9.991716742515563965e-01
2.460888548922932707e+06 1.000526547431945801e+00
2.460888548989063594e+06 9.991339445114135742e-01
2.460888549055194948e+06 9.983318448066711426e-01
2.460888549121326301e+06 9.988780617713928223e-01
2.460888549187457189e+06 1.000139474868774414e+00
2.460888549253588542e+06 9.993684887886047363e-01
2.460888549319719896e+06 1.000119686126708984e+00
2.460888549385850783e+06 1.000336289405822754e+00
2.460888549451982137e+06 1.000055789947509766e+00
2.460888549518113490e+06 1.009903788566589355e+00
2.460888549584244378e+06 9.999474883079528809e-01
2.460888549650375731e+06 9.992143511772155762e-01
2.460888549716507085e+06 9.995046257972717285e-01
2.460888549782637972e+06 1.000114798545837402e+00
2.460888549848769326e+06 1.000228047370910645e+00
2.460888549914900679e+06 1.000218152999877930e+00
2.460888549981031567e+06 1.001632094383239746e+00
2.460888550047162920e+06 1.001299023628234863e+00
2.460888550113294274e+06 1.000943183898925781e+00
2.460888550179425161e+06 1.000285387039184570e+00
2.460888550245556515e+06 9.999262094497680664e-01
2.460888550311687868e+06 1.000332951545715332e+00
2.460888550377819221e+06 9.997768998146057129e-01
2.460888550443950109e+06 9.994915127754211426e-01
2.460888550510081463e+06 9.993242025375366211e-01
2.460888550576212816e+06 9.995259642601013184e-01
2.460888550642343704e+06 9.990207552909851074e-01
2.460888550708475057e+06 9.985959529876708984e-01
2.460888550774606410e+06 9.992323517799377441e-01
2.460888550840737298e+06 1.000009894371032715e+00
2.460888550906868652e+06 9.996572136878967285e-01
2.460888550973000005e+06 9.990371465682983398e-01
2.460888551039130893e+06 9.993110895156860352e-01
2.460888551105262246e+06 9.999310970306396484e-01
2.460888551171393599e+06 9.993488192558288574e-01
2.460888551237524487e+06 1.000360846519470215e+00
2.460888551303655840e+06 9.995784759521484375e-01
2.460888551369787194e+06 9.995899200439453125e-01
2.460888551435918082e+06 1.001218676567077637e+00
2.460888551502049435e+06 1.000124692916870117e+00
2.460888551568180788e+06 9.994046092033386230e-01
2.460888551634312142e+06 9.992848634719848633e-01
2.460888551700443029e+06 9.998113512992858887e-01
2.460888551766574383e+06 1.000693798065185547e+00
2.460888551832705736e+06 9.993668794631958008e-01
2.460888551898836624e+06 1.000016450881958008e+00
2.460888551964967977e+06 9.997031092643737793e-01
2.460888552031099331e+06 9.991241097450256348e-01
2.460888552097230218e+06 1.000483870506286621e+00
2.460888552163361572e+06 9.997900724411010742e-01
2.460888552229492925e+06 1.000511765480041504e+00
2.460888552295623813e+06 9.995538592338562012e-01
2.460888552361755166e+06 1.000083684921264648e+00
2.460888552427886520e+06 1.000933289527893066e+00
2.460888552494017407e+06 9.999310970306396484e-01
2.460888552560148761e+06 9.991864562034606934e-01
2.460888552626280114e+06 9.984024167060852051e-01
2.460888552692411002e+06 1.000511765480041504e+00
2.460888552758542355e+06 9.998146295547485352e-01
2.460888552824673709e+06 9.993701577186584473e-01
2.460888552890805062e+06 9.982941746711730957e-01
2.460888552956935950e+06 9.997277259826660156e-01
2.460888553023067303e+06 9.992684721946716309e-01
2.460888553089198656e+06 9.993799924850463867e-01
2.460888553155329544e+06 1.000549435615539551e+00
2.460888553221460897e+06 1.000839829444885254e+00
2.460888553287592251e+06 1.000083684921264648e+00
2.460888553353723139e+06 1.000264048576354980e+00
2.460888553419854492e+06 9.992619156837463379e-01
2.460888553485985845e+06 9.989650249481201172e-01
2.460888553552116733e+06 1.000462532043457031e+00
2.460888553618248086e+06 9.989272952079772949e-01
2.460888553684379440e+06 9.988091588020324707e-01
2.460888553750510328e+06 9.985139369964599609e-01
2.460888553816641681e+06 9.995636940002441406e-01
2.460888553882773034e+06 1.000090241432189941e+00
2.460888553948903922e+06 1.000672459602355957e+00
2.460888554015035275e+06 9.991880655288696289e-01
2.460888554081166629e+06 9.998211860656738281e-01
2.460888554147297516e+06 9.996572136878967285e-01
2.460888554213428870e+06 9.997588992118835449e-01
2.460888554279560223e+06 1.000224709510803223e+00
2.460888554345691577e+06 1.001733779907226562e+00
2.460888554411822464e+06 9.993996620178222656e-01
2.460888554477953818e+06 1.000205039978027344e+00
2.460888554544085171e+06 1.000124692916870117e+00
2.460888554610216059e+06 1.000154137611389160e+00
2.460888554676347412e+06 9.998933672904968262e-01
2.460888554742478766e+06 9.992733597755432129e-01
2.460888554808609653e+06 1.000054121017456055e+00
2.460888554874741007e+06 1.000234603881835938e+00
2.460888554940872360e+06 9.997605085372924805e-01
2.460888555007003248e+06 1.000208258628845215e+00
2.460888555073134601e+06 1.000039339065551758e+00
2.460888555139265954e+06 1.000226378440856934e+00
2.460888555205396842e+06 1.000831604003906250e+00
2.460888555271528196e+06 1.000606894493103027e+00
2.460888555337659549e+06 9.999967217445373535e-01
2.460888555403790437e+06 9.992552995681762695e-01
2.460888555469921790e+06 9.999262094497680664e-01
2.460888555536053143e+06 1.000449419021606445e+00
2.460888555602184497e+06 1.000426411628723145e+00
2.460888555668315385e+06 1.000646233558654785e+00
2.460888555734446738e+06 1.000288724899291992e+00
2.460888555800578091e+06 9.993701577186584473e-01
2.460888555866708979e+06 9.992946982383728027e-01
2.460888555932840332e+06 1.000577330589294434e+00
2.460888555998971686e+06 1.001125216484069824e+00
2.460888556065102573e+06 9.997949600219726562e-01
2.460888556131233927e+06 9.995276331901550293e-01
2.460888556197365280e+06 1.000477313995361328e+00
2.460888556263496168e+06 1.000347733497619629e+00
2.460888556329627521e+06 1.001307249069213867e+00
2.460888556395758875e+06 9.994341135025024414e-01
2.460888556461889762e+06 1.000175476074218750e+00
2.460888556528021116e+06 1.000067234039306641e+00
2.460888556594152469e+06 1.000205039978027344e+00
2.460888556660283357e+06 9.995259642601013184e-01
2.460888556726414710e+06 9.999114274978637695e-01
2.460888556792546064e+06 9.991683959960937500e-01
2.460888556858676951e+06 9.998573064804077148e-01
2.460888556924808305e+06 9.991667270660400391e-01
2.460888556990939658e+06 9.991880655288696289e-01
2.460888557057071012e+06 1.001156330108642578e+00
2.460888557123201899e+06 1.001633644104003906e+00
2.460888557189333253e+06 9.999753832817077637e-01
2.460888557255464606e+06 9.986221790313720703e-01
2.460888557321595494e+06 9.990962147712707520e-01
2.460888557387726847e+06 1.000470757484436035e+00
2.460888557453858200e+06 9.994406700134277344e-01
2.460888557519989088e+06 1.000121355056762695e+00
2.460888557586120442e+06 9.989354610443115234e-01
2.460888557652251795e+06 1.000862717628479004e+00
2.460888557718382683e+06 1.001134991645812988e+00
2.460888557784514036e+06 9.998852014541625977e-01
2.460888557850645389e+06 9.996932744979858398e-01
2.460888557916776277e+06 9.997113347053527832e-01
2.460888557982907631e+06 9.993258714675903320e-01
2.460888558049038984e+06 9.994341135025024414e-01
2.460888558115169872e+06 9.993012547492980957e-01
2.460888558181301225e+06 1.000123023986816406e+00
2.460888558247432578e+06 1.000779151916503906e+00
2.460888558313563932e+06 9.991880655288696289e-01
2.460888558379694819e+06 9.996210932731628418e-01
2.460888558445826173e+06 9.997867941856384277e-01
2.460888558511957526e+06 1.000355958938598633e+00
2.460888558578088414e+06 1.000956296920776367e+00
2.460888558644219767e+06 1.000270605087280273e+00
2.460888558710351121e+06 1.000393629074096680e+00
2.460888558776482008e+06 9.988534450531005859e-01
2.460888558842613362e+06 9.993405938148498535e-01
2.460888558908744715e+06 9.985188841819763184e-01
2.460888558974875603e+06 9.991782307624816895e-01
2.460888559041006956e+06 9.997293353080749512e-01
2.460888559107138310e+06 9.995554685592651367e-01
2.460888559173269197e+06 9.995850324630737305e-01
2.460888559239400551e+06 9.989617466926574707e-01
2.460888559305531904e+06 9.999393224716186523e-01
2.460888559371662792e+06 9.993062019348144531e-01
2.460888559437794145e+06 9.984105825424194336e-01
2.460888559503925499e+06 9.992635250091552734e-01
2.460888559570056852e+06 1.000656127929687500e+00
2.460888559636187740e+06 9.997047781944274902e-01
2.460888559702319093e+06 9.988452792167663574e-01
2.460888559768450446e+06 9.985073804855346680e-01
2.460888559834581334e+06 9.988682270050048828e-01
2.460888559900712688e+06 1.000606894493103027e+00
2.460888559966844041e+06 9.996555447578430176e-01
2.460888560032974929e+06 9.992815852165222168e-01
2.460888560099106282e+06 1.000009894371032715e+00
2.460888560165237635e+06 9.983531832695007324e-01
2.460888560231368523e+06 9.993734359741210938e-01
2.460888560297499876e+06 9.999868869781494141e-01
2.460888560363631230e+06 9.986664652824401855e-01
2.460888560429762118e+06 1.001289248466491699e+00
2.460888560495893471e+06 9.994587302207946777e-01
2.460888560562024824e+06 1.000026226043701172e+00
2.460888560628155712e+06 9.996047019958496094e-01
2.460888560694287065e+06 9.997687339782714844e-01
2.460888560760418419e+06 1.000444531440734863e+00
2.460888560826549307e+06 9.991568922996520996e-01
2.460888560892680660e+06 1.000205039978027344e+00
2.460888560958812013e+06 1.000093460083007812e+00
2.460888561024943367e+06 9.993734359741210938e-01
2.460888561091074254e+06 9.993619322776794434e-01
2.460888561157205608e+06 9.989600777626037598e-01
2.460888561223336961e+06 1.000639677047729492e+00
2.460888561289467849e+06 9.993980526924133301e-01
2.460888561355599202e+06 1.000088572502136230e+00
2.460888561421730556e+06 1.000524878501892090e+00
2.460888561487861443e+06 1.000802040100097656e+00
2.460888561553992797e+06 1.001320362091064453e+00
2.460888561620124150e+06 9.998835325241088867e-01
2.460888561686255038e+06 9.992340207099914551e-01
2.460888561752386391e+06 1.000098466873168945e+00
2.460888561818517745e+06 9.999672174453735352e-01
2.460888561884648632e+06 1.000547885894775391e+00
2.460888561950779986e+06 1.000319838523864746e+00
2.460888562016911339e+06 1.000405192375183105e+00
2.460888562083042227e+06 9.989452958106994629e-01
2.460888562149173580e+06 9.996899962425231934e-01
2.460888562215304933e+06 1.000628232955932617e+00
2.460888562281436287e+06 1.000301837921142578e+00
2.460888562347567175e+06 1.000228047370910645e+00
2.460888562413698528e+06 9.993209242820739746e-01
2.460888562479829881e+06 9.993127584457397461e-01
2.460888562545960769e+06 9.990667104721069336e-01
2.460888562612092122e+06 9.996572136878967285e-01
2.460888562678223476e+06 1.000580668449401855e+00
2.460888562744354364e+06 1.001225233078002930e+00
2.460888562810485717e+06 1.000213265419006348e+00
2.460888562876617070e+06 9.995374679565429688e-01
2.460888562942747958e+06 1.000470757484436035e+00
2.460888563008879311e+06 9.991782307624816895e-01
2.460888563075010665e+06 9.996621012687683105e-01
2.460888563141141552e+06 9.982383847236633301e-01
2.460888563207272906e+06 1.000264048576354980e+00
2.460888563273404259e+06 9.984236955642700195e-01
2.460888563339535147e+06 9.997178912162780762e-01
2.460888563405666500e+06 9.992914199829101562e-01
2.460888563471797854e+06 9.994127750396728516e-01
2.460888563537929207e+06 9.989338517189025879e-01
2.460888563604060095e+06 1.000196814537048340e+00
2.460888563670191448e+06 9.992602467536926270e-01
2.460888563736322802e+06 9.997096657752990723e-01
2.460888563802453689e+06 1.000185370445251465e+00
2.460888563868585043e+06 9.991356134414672852e-01
2.460888563934716396e+06 1.000306725502014160e+00
2.460888564000847284e+06 9.987501502037048340e-01
2.460888564066978637e+06 1.001248240470886230e+00
2.460888564133109991e+06 9.996178150177001953e-01
2.460888564199240878e+06 9.992044568061828613e-01
2.460888564265372232e+06 1.000985741615295410e+00
2.460888564331503585e+06 1.000024557113647461e+00
2.460888564397634473e+06 1.000324726104736328e+00
2.460888564463765826e+06 9.998097419738769531e-01
2.460888564529897179e+06 9.996637701988220215e-01
2.460888564596028067e+06 1.000042676925659180e+00
2.460888564662159421e+06 1.000633120536804199e+00
2.460888564728290774e+06 9.992963075637817383e-01
2.460888564794421662e+06 1.000203371047973633e+00
2.460888564860553015e+06 1.000414967536926270e+00
2.460888564926684368e+06 1.000359177589416504e+00
2.460888564992815722e+06 1.000162363052368164e+00
2.460888565058946609e+06 9.989059567451477051e-01
2.460888565125077963e+06 9.997227787971496582e-01
2.460888565191209316e+06 9.997621774673461914e-01
2.460888565257340204e+06 9.991782307624816895e-01
2.460888565323471557e+06 9.995899200439453125e-01
2.460888565389602911e+06 9.991995692253112793e-01
2.460888565455733798e+06 9.996883273124694824e-01
2.460888565521865152e+06 9.995833635330200195e-01
2.460888565587996505e+06 1.000347733497619629e+00
2.460888565654127393e+06 1.000677466392517090e+00
2.460888565720258746e+06 1.000224709510803223e+00
2.460888565786390100e+06 1.000144362449645996e+00
2.460888565852520987e+06 9.988091588020324707e-01
2.460888565918652341e+06 1.000065565109252930e+00
2.460888565984783694e+06 9.986828565597534180e-01
2.460888566050914582e+06 9.993947744369506836e-01
2.460888566117045935e+06 1.000244379043579102e+00
2.460888566183177289e+06 9.995686411857604980e-01
2.460888566249308176e+06 9.989125132560729980e-01
2.460888566315439530e+06 1.000744700431823730e+00
2.460888566381570883e+06 1.000672459602355957e+00
2.460888566447702236e+06 9.993520975112915039e-01
2.460888566513833124e+06 1.000218152999877930e+00
2.460888566579964478e+06 9.998474717140197754e-01
2.460888566646095831e+06 9.996227622032165527e-01
2.460888566712226719e+06 9.995899200439453125e-01
2.460888566778358072e+06 9.984893202781677246e-01
2.460888566844489425e+06 1.000126242637634277e+00
2.460888566910620313e+06 1.001016974449157715e+00
2.460888566976751667e+06 1.000526547431945801e+00
2.460888567042883020e+06 9.994882345199584961e-01
2.460888567109013908e+06 9.989125132560729980e-01
2.460888567175145261e+06 9.989010095596313477e-01
2.460888567241276614e+06 9.992586374282836914e-01
2.460888567307407502e+06 1.000226378440856934e+00
2.460888567373538855e+06 9.994325041770935059e-01
2.460888567439670209e+06 9.986664652824401855e-01
2.460888567505801097e+06 1.000444531440734863e+00
2.460888567571932450e+06 9.996162056922912598e-01
2.460888567638063803e+06 9.998900890350341797e-01
2.460888567704195157e+06 1.001149773597717285e+00
2.460888567770326044e+06 9.982613325119018555e-01
2.460888567836457398e+06 1.000211596488952637e+00
2.460888567902588751e+06 1.000992298126220703e+00
2.460888567968719639e+06 9.998769760131835938e-01
2.460888568034850992e+06 1.000388741493225098e+00
2.460888568100982346e+06 9.997605085372924805e-01
2.460888568167113233e+06 9.990683197975158691e-01
2.460888568233244587e+06 9.984762072563171387e-01
2.460888568299375940e+06 9.990946054458618164e-01
2.460888568365506828e+06 1.000132918357849121e+00
2.460888568431638181e+06 9.995817542076110840e-01
2.460888568497769535e+06 9.995931982994079590e-01
2.460888568563900422e+06 9.993652105331420898e-01
2.460888568630031776e+06 9.995177388191223145e-01
2.460888568696163129e+06 9.989945292472839355e-01
2.460888568762294017e+06 9.992454648017883301e-01
2.460888568828425370e+06 1.000593781471252441e+00
2.460888568894556724e+06 1.000201702117919922e+00
2.460888568960687611e+06 1.001425385475158691e+00
2.460888569026818965e+06 1.000198483467102051e+00
2.460888569092950318e+06 9.987599849700927734e-01
2.460888569159081671e+06 9.997162222862243652e-01
2.460888569225212559e+06 9.998064637184143066e-01
2.460888569291343912e+06 9.989109039306640625e-01
2.460888569357475266e+06 1.000329732894897461e+00
2.460888569423606154e+06 9.990847706794738770e-01
2.460888569489737507e+06 9.989305734634399414e-01
2.460888569555868860e+06 1.000119686126708984e+00
2.460888569621999748e+06 9.986861348152160645e-01
2.460888569688131101e+06 9.995636940002441406e-01
2.460888569754262455e+06 9.996145367622375488e-01
2.460888569820393343e+06 9.989912509918212891e-01
2.460888569886524696e+06 9.989699125289916992e-01
2.460888569952656049e+06 9.997375607490539551e-01
2.460888570018786937e+06 9.992586374282836914e-01
2.460888570084918290e+06 1.001297473907470703e+00
2.460888570151049644e+06 1.000011444091796875e+00
2.460888570217180531e+06 1.000270605087280273e+00
2.460888570283311885e+06 9.995407462120056152e-01
2.460888570349443238e+06 9.991241097450256348e-01
2.460888570415574592e+06 1.000541329383850098e+00
2.460888570481705479e+06 9.988813400268554688e-01
2.460888570547836833e+06 9.998097419738769531e-01
2.460888570613968186e+06 1.000470757484436035e+00
2.460888570680099074e+06 1.000756144523620605e+00
2.460888570746230427e+06 9.995046257972717285e-01
2.460888570812361781e+06 9.999196529388427734e-01
2.460888570878492668e+06 9.998753666877746582e-01
2.460888570944624022e+06 1.000057458877563477e+00
2.460888571010755375e+06 1.000190258026123047e+00
2.460888571076886263e+06 1.000362515449523926e+00
2.460888571143017616e+06 9.998047947883605957e-01
2.460888571209148970e+06 1.000137805938720703e+00
2.460888571275279857e+06 9.997605085372924805e-01
2.460888571341411211e+06 9.996112585067749023e-01
2.460888571407542564e+06 1.000300168991088867e+00
2.460888571473673452e+06 9.999491572380065918e-01
2.460888571539804805e+06 9.994029402732849121e-01
2.460888571605936158e+06 1.000531435012817383e+00
2.460888571672067512e+06 9.994767904281616211e-01
2.460888571738198400e+06 1.000132918357849121e+00
2.460888571804329753e+06 9.991323351860046387e-01
2.460888571870461106e+06 1.000557661056518555e+00
2.460888571936591994e+06 9.996899962425231934e-01
2.460888572002723347e+06 1.000232934951782227e+00
2.460888572068854701e+06 9.999884963035583496e-01
2.460888572134985588e+06 1.000283718109130859e+00
2.460888572201116942e+06 9.998819231986999512e-01
2.460888572267248295e+06 9.997146129608154297e-01
2.460888572333379183e+06 1.000733137130737305e+00
2.460888572399510536e+06 9.995473027229309082e-01
2.460888572465641890e+06 1.000301837921142578e+00
2.460888572531772777e+06 1.000336289405822754e+00
2.460888572597904131e+06 9.995473027229309082e-01
2.460888572664035484e+06 9.984729290008544922e-01
2.460888572730166372e+06 1.000244379043579102e+00
2.460888572796297725e+06 9.994357824325561523e-01
2.460888572862429079e+06 1.000559329986572266e+00
2.460888572928559966e+06 9.995390772819519043e-01
2.460888572994691320e+06 9.994636178016662598e-01
2.460888573060822673e+06 9.996982216835021973e-01
2.460888573126954027e+06 9.999901652336120605e-01
2.460888573193084914e+06 1.000460863113403320e+00
2.460888573259216268e+06 9.997031092643737793e-01
2.460888573325347621e+06 1.000264048576354980e+00
2.460888573391478509e+06 9.985549449920654297e-01
2.460888573457609862e+06 1.000398635864257812e+00
2.460888573523741215e+06 9.999196529388427734e-01
2.460888573589872103e+06 9.994980692863464355e-01
2.460888573656003457e+06 1.000337839126586914e+00
2.460888573722134810e+06 9.993734359741210938e-01
2.460888573788265698e+06 9.994652867317199707e-01
2.460888573854397051e+06 9.994866251945495605e-01
2.460888573920528404e+06 9.992421865463256836e-01
2.460888573986659292e+06 9.991979002952575684e-01
2.460888574052790646e+06 9.994866251945495605e-01
2.460888574118921999e+06 9.999064803123474121e-01
2.460888574185052887e+06 9.997293353080749512e-01
2.460888574251184240e+06 1.000508427619934082e+00
2.460888574317315593e+06 1.000554442405700684e+00
2.460888574383446947e+06 9.981875419616699219e-01
2.460888574449577834e+06 9.999278187751770020e-01
2.460888574515709188e+06 1.001464724540710449e+00
2.460888574581840541e+06 9.988223314285278320e-01
2.460888574647971429e+06 9.993242025375366211e-01
2.460888574714102782e+06 9.996965527534484863e-01
2.460888574780234136e+06 1.000108242034912109e+00
2.460888574846365023e+06 9.999294877052307129e-01
2.460888574912496377e+06 9.998835325241088867e-01
2.460888574978627730e+06 9.995489120483398438e-01
2.460888575044758618e+06 9.998605847358703613e-01
2.460888575110889971e+06 1.000900506973266602e+00
2.460888575177021325e+06 9.999032020568847656e-01
2.460888575243152212e+06 1.000849604606628418e+00
2.460888575309283566e+06 1.000702023506164551e+00
2.460888575375414919e+06 9.995636940002441406e-01
2.460888575441545807e+06 1.000178813934326172e+00
2.460888575507677160e+06 1.001272797584533691e+00
2.460888575573808514e+06 9.999721050262451172e-01
2.460888575639939401e+06 1.000638008117675781e+00
2.460888575706070755e+06 1.000401854515075684e+00
2.460888575772202108e+06 1.000293612480163574e+00
2.460888575838333461e+06 1.000687241554260254e+00
2.460888575904464349e+06 1.000900506973266602e+00
2.460888575970595703e+06 9.996949434280395508e-01
2.460888576036727056e+06 9.992094039916992188e-01
2.460888576102857944e+06 1.001281023025512695e+00
2.460888576168989297e+06 9.999114274978637695e-01
2.460888576235120650e+06 1.000513434410095215e+00
2.460888576301251538e+06 1.000124692916870117e+00
2.460888576367382891e+06 1.001751780509948730e+00
2.460888576433514245e+06 1.000000000000000000e+00
