2461578.5495179598 1.0040777006
2461578.5496776821 1.0058648572
2461578.5498374044 1.0055393605
2461578.5499971267 1.0051928929
2461578.5501568485 1.0053889523
2461578.5503165708 1.0060041519
2461578.5504762931 1.0041729700
2461578.5506360154 1.0049009804
2461578.5507957377 1.0034899249
2461578.5509554599 1.0043977053
2461578.5511151822 1.0042714619
2461578.5512749040 1.0050242542
2461578.5514346263 1.0049601437
2461578.5515943486 1.0035300282
2461578.5517540709 1.0031207526
2461578.5519137932 1.0032169497
2461578.5520735155 1.0046257768
2461578.5522332378 1.0046841898
2461578.5523929596 1.0031529909
2461578.5525526819 1.0037693577
2461578.5527124042 1.0034999287
2461578.5528721265 1.0023474346
2461578.5530318487 1.0033263262
2461578.5531915710 1.0022515522
2461578.5533512933 1.0036944928
2461578.5535110151 1.0025921143
2461578.5536707374 1.0025983428
2461578.5538304597 1.0033954310
2461578.5539901820 1.0032068521
2461578.5541499043 1.0031098666
2461578.5543096266 1.0029027116
2461578.5544693489 1.0030564621
2461578.5546290707 1.0033471539
2461578.5547887930 1.0023389861
2461578.5549485153 1.0021191488
2461578.5551082375 1.0038913699
2461578.5552679598 1.0024108988
2461578.5554276821 1.0026254954
2461578.5555874044 1.0026616186
2461578.5557471262 1.0019002121
2461578.5559068485 1.0022636253
2461578.5560665708 1.0015745328
2461578.5562262931 1.0024373998
2461578.5563860154 1.0017788884
2461578.5565457377 1.0029631524
2461578.5567054600 1.0029173129
2461578.5568651818 1.0015783372
2461578.5570249041 1.0024596797
2461578.5571846263 1.0020900864
2461578.5573443486 1.0017263768
2461578.5575040709 1.0019231490
2461578.5576637932 1.0023230849
2461578.5578235155 1.0018763574
2461578.5579832373 1.0002517867
2461578.5581429596 1.0003407710
2461578.5583026819 1.0029030079
2461578.5584624042 1.0028286825
2461578.5586221265 1.0028094957
2461578.5587818488 1.0021520610
2461578.5589415710 1.0015879964
2461578.5591012929 1.0012983601
2461578.5592610152 1.0003809569
2461578.5594207374 1.0014607053
2461578.5595804597 1.0018047472
2461578.5597401820 1.0022299442
2461578.5598999043 1.0016060091
2461578.5600596266 1.0021139034
2461578.5602193484 1.0004905444
2461578.5603790712 1.0015340290
2461578.5605387930 1.0021485739
2461578.5606985153 1.0017714342
2461578.5608582376 1.0009186081
2461578.5610179598 1.0017627250
2461578.5611776821 1.0010534704
2461578.5613374040 1.0017137061
2461578.5614971267 1.0010524382
2461578.5616568485 1.0003345553
2461578.5618165708 1.0024414956
2461578.5619762931 1.0015984694
2461578.5621360154 1.0008528352
2461578.5622957377 1.0012270421
2461578.5624554595 0.9995706439
2461578.5626151823 0.9998805247
2461578.5627749041 1.0014157766
2461578.5629346264 1.0007438283
2461578.5630943486 1.0022260934
2461578.5632540709 1.0014201752
2461578.5634137932 1.0006211273
2461578.5635735150 1.0015579914
2461578.5637332378 1.0009397241
2461578.5638929596 1.0021365856
2461578.5640526819 1.0011757476
2461578.5642124042 1.0005434438
2461578.5643721265 1.0008147497
2461578.5645318488 1.0001262188
2461578.5646915711 1.0000367386
2461578.5648512933 1.0014404905
2461578.5650110152 1.0011882875
2461578.5651707374 1.0001818869
2461578.5653304597 1.0001596276
2461578.5654901820 1.0012849095
2461578.5656499043 0.9992410419
2461578.5658096266 1.0001718316
2461578.5659693489 0.9990580280
2461578.5661290707 1.0007971398
2461578.5662887930 1.0008988819
2461578.5664485153 1.0003972574
2461578.5666082376 1.0008163842
2461578.5667679599 1.0004200407
2461578.5669276821 0.9998337719
2461578.5670874044 1.0006280797
2461578.5672471263 1.0001657729
2461578.5674068485 1.0013993050
2461578.5675665708 1.0001434006
2461578.5677262931 1.0016838927
2461578.5678860154 1.0004232134
2461578.5680457377 1.0016584730
2461578.5682054600 1.0007172428
2461578.5683651818 1.0007284934
2461578.5685249041 1.0002716030
2461578.5686846264 1.0002677062
2461578.5688443487 1.0000823197
2461578.5690040709 1.0002311483
2461578.5691637932 1.0004617941
2461578.5693235155 1.0003846369
2461578.5694832373 0.9997288633
2461578.5696429596 0.9998757767
2461578.5698026819 0.9997426658
2461578.5699624042 1.0002054712
2461578.5701221265 1.0002388738
2461578.5702818488 1.0000710285
2461578.5704415711 0.9984554106
2461578.5706012929 1.0001525338
2461578.5707610152 1.0002165652
2461578.5709207375 1.0007956425
2461578.5710804597 0.9999859141
2461578.5712401820 0.9987725227
2461578.5713999043 0.9996511068
2461578.5715596266 1.0001743242
2461578.5717193484 1.0002415500
2461578.5718790707 0.9997951297
2461578.5720387930 0.9990754708
2461578.5721985153 1.0009765221
2461578.5723582376 1.0006486907
2461578.5725179599 0.9995132439
2461578.5726776822 1.0003666030
2461578.5728374040 1.0013966978
2461578.5729971263 1.0008742726
2461578.5731568485 1.0011743317
2461578.5733165708 1.0002353626
2461578.5734762931 0.9987417620
2461578.5736360154 0.9999620644
2461578.5737957377 1.0009281228
2461578.5739554595 0.9996094677
2461578.5741151823 1.0014762762
2461578.5742749041 0.9998478216
2461578.5744346264 0.9992960652
2461578.5745943487 1.0002236905
2461578.5747540710 1.0004538129
2461578.5749137932 1.0004502681
2461578.5750735151 1.0007138468
2461578.5752332378 0.9997535002
2461578.5753929596 0.9999050751
2461578.5755526819 0.9985075122
2461578.5757124042 1.0004028076
2461578.5758721265 1.0003828707
2461578.5760318488 1.0004933610
2461578.5761915706 0.9995542432
2461578.5763512934 1.0001624547
2461578.5765110152 1.0003083892
2461578.5766707375 1.0001635501
2461578.5768304598 0.9999398461
2461578.5769901820 1.0006666480
2461578.5771499043 0.9993418855
2461578.5773096262 1.0011512031
2461578.5774693489 0.9990758199
2461578.5776290707 1.0000103091
2461578.5777887930 1.0016752764
2461578.5779485153 1.0011635418
2461578.5781082376 0.9999810508
2461578.5782679599 0.9998231356
2461578.5784276822 0.9995471441
2461578.5785874045 0.9996739283
2461578.5787471263 1.0004891482
2461578.5789068486 0.9995838535
2461578.5790665708 0.9997428634
2461578.5792262931 1.0003464908
2461578.5793860154 1.0010320492
2461578.5795457377 0.9984339907
2461578.5797054600 0.9995954191
2461578.5798651818 0.9985930652
2461578.5800249041 0.9997721937
2461578.5801846264 1.0007799185
2461578.5803443487 0.9993982207
2461578.5805040710 1.0001183234
2461578.5806637933 1.0002489897
2461578.5808235155 1.0005311123
2461578.5809832374 1.0004406692
2461578.5811429597 1.0008179941
2461578.5813026819 1.0006466850
2461578.5814624042 0.9995261316
2461578.5816221265 0.9992169962
2461578.5817818488 1.0001871892
2461578.5819415711 0.9993479556
2461578.5821012929 1.0004203819
2461578.5822610152 1.0002491743
2461578.5824207375 0.9998232927
2461578.5825804598 0.9998203699
2461578.5827401821 1.0001245875
2461578.5828999043 0.9999566031
2461578.5830596266 0.9983932139
2461578.5832193485 1.0001777033
2461578.5833790707 0.9998776569
2461578.5835387930 0.9990790096
2461578.5836985153 1.0007122135
2461578.5838582376 0.9993789452
2461578.5840179599 0.9997435331
2461578.5841776822 1.0004308452
2461578.5843374040 1.0007699019
2461578.5844971263 0.9994469883
2461578.5846568486 0.9997110402
2461578.5848165709 0.9996643093
2461578.5849762931 0.9987813942
2461578.5851360154 0.9981726534
2461578.5852957377 1.0000171147
2461578.5854554595 1.0014915924
2461578.5856151818 0.9994806397
2461578.5857749041 1.0006136913
2461578.5859346264 1.0003618270
2461578.5860943487 1.0007413454
2461578.5862540710 1.0001330549
2461578.5864137933 0.9981803163
2461578.5865735151 1.0004274393
2461578.5867332374 0.9996963345
2461578.5868929597 1.0001564527
2461578.5870526819 1.0001796789
2461578.5872124042 0.9996199342
2461578.5873721265 0.9997514708
2461578.5875318488 1.0000146279
2461578.5876915706 1.0000211737
2461578.5878512934 1.0017453772
2461578.5880110152 0.9997291487
2461578.5881707375 0.9987222021
2461578.5883304598 1.0004478968
2461578.5884901821 1.0002200188
2461578.5886499044 0.9984547035
2461578.5888096262 0.9987775655
2461578.5889693489 0.9990478547
2461578.5891290708 1.0001166251
2461578.5892887930 1.0007761897
2461578.5894485153 1.0008947623
2461578.5896082376 1.0005510403
2461578.5897679599 1.0003645862
2461578.5899276817 0.9999921940
2461578.5900874045 0.9993004766
2461578.5902471263 0.9991941587
2461578.5904068486 1.0003913525
2461578.5905665709 1.0006520803
2461578.5907262932 0.9992336411
2461578.5908860154 0.9992266415
2461578.5910457373 1.0007621984
2461578.5912054600 0.9998002295
2461578.5913651818 1.0004807275
2461578.5915249041 0.9994772248
2461578.5916846264 1.0002970804
2461578.5918443487 1.0008211024
2461578.5920040710 0.9983256269
2461578.5921637933 0.9995204106
2461578.5923235156 1.0003082031
2461578.5924832374 0.9990407036
2461578.5926429597 0.9991007695
2461578.5928026820 1.0006572687
2461578.5929624042 0.9988037706
2461578.5931221265 1.0001846362
2461578.5932818488 1.0009452855
2461578.5934415711 0.9996793197
2461578.5936012929 1.0003569444
2461578.5937610152 0.9999463566
2461578.5939207375 1.0001187922
2461578.5940804598 1.0007637916
2461578.5942401821 0.9998082431
2461578.5943999044 1.0009568590
2461578.5945596267 1.0003047725
2461578.5947193485 1.0001060719
2461578.5948790708 0.9999893818
2461578.5950387930 1.0012429186
2461578.5951985153 1.0001464365
2461578.5953582376 1.0009686212
2461578.5955179599 1.0003529264
2461578.5956776822 0.9996759778
2461578.5958374040 1.0003467271
2461578.5959971263 1.0005460036
2461578.5961568486 1.0005088911
2461578.5963165709 0.9993014234
2461578.5964762932 0.9996347786
2461578.5966360155 0.9984363954
2461578.5967957377 0.9993127351
2461578.5969554596 0.9996711105
2461578.5971151819 0.9983300534
2461578.5972749041 0.9996632503
2461578.5974346264 0.9999110595
2461578.5975943487 0.9996407815
2461578.5977540710 0.9996781334
2461578.5979137933 0.9995836887
2461578.5980735151 0.9997289291
2461578.5982332374 1.0001461549
2461578.5983929597 1.0000952317
2461578.5985526820 0.9998497872
2461578.5987124043 0.9997263361
2461578.5988721265 0.9996113281
2461578.5990318488 0.9998566718
2461578.5991915707 0.9997106033
2461578.5993512929 0.9993374276
2461578.5995110152 0.9991314566
2461578.5996707375 1.0003103119
2461578.5998304598 0.9999475702
2461578.5999901821 1.0001186718
2461578.6001499044 1.0001590291
2461578.6003096262 0.9991672507
2461578.6004693485 0.9996230069
2461578.6006290708 1.0004354693
2461578.6007887931 0.9999998226
2461578.6009485153 1.0017834673
2461578.6011082376 0.9999325868
2461578.6012679599 1.0004707100
2461578.6014276817 1.0006036985
2461578.6015874045 1.0006280581
2461578.6017471263 1.0008708370
2461578.6019068486 1.0000073116
2461578.6020665709 1.0004348490
2461578.6022262932 0.9996871716
2461578.6023860155 1.0006382238
2461578.6025457373 1.0002722379
2461578.6027054600 1.0000245584
2461578.6028651819 1.0003282547
2461578.6030249042 0.9995906086
2461578.6031846264 1.0002259026
2461578.6033443487 0.9988594443
2461578.6035040710 0.9998097432
2461578.6036637928 1.0010708216
2461578.6038235156 0.9993074844
2461578.6039832374 1.0004535540
2461578.6041429597 1.0002394537
2461578.6043026820 1.0000872819
2461578.6044624043 0.9991651619
2461578.6046221266 1.0004991200
2461578.6047818484 0.9997198175
2461578.6049415711 0.9992517321
2461578.6051012930 0.9995038298
2461578.6052610152 0.9991454163
2461578.6054207375 1.0010552761
2461578.6055804598 0.9995939572
2461578.6057401821 0.9999441412
2461578.6058999044 0.9988509231
2461578.6060596267 0.9994330585
2461578.6062193485 1.0009038969
2461578.6063790708 1.0015078871
2461578.6065387931 0.9984349448
2461578.6066985154 0.9998366059
2461578.6068582376 0.9986345131
2461578.6070179599 0.9983538224
2461578.6071776822 0.9992276000
2461578.6073374040 0.9994772157
2461578.6074971263 1.0001209172
2461578.6076568486 1.0003906118
2461578.6078165709 1.0005182634
2461578.6079762932 0.9997072532
2461578.6081360155 1.0002641797
2461578.6082957378 1.0009254022
2461578.6084554596 0.9988261076
2461578.6086151819 0.9996748013
2461578.6087749042 0.9998783204
2461578.6089346264 0.9990814106
2461578.6090943487 0.9992327119
2461578.6092540710 0.9987750072
2461578.6094137933 0.9995620764
2461578.6095735151 0.9999227538
2461578.6097332374 0.9995459142
2461578.6098929597 1.0002962985
2461578.6100526820 0.9993279913
2461578.6102124043 1.0006143209
2461578.6103721266 1.0008584271
2461578.6105318489 1.0001024537
2461578.6106915707 0.9992516158
2461578.6108512930 0.9999931144
2461578.6110110153 1.0003243125
2461578.6111707375 0.9995936631
2461578.6113304598 1.0003874375
2461578.6114901821 0.9999667338
2461578.6116499044 1.0006627771
2461578.6118096262 0.9997361144
2461578.6119693485 0.9996879458
2461578.6121290708 0.9997541670
2461578.6122887931 0.9998649793
2461578.6124485154 1.0009944831
2461578.6126082377 1.0009206866
2461578.6127679599 0.9997661852
2461578.6129276818 0.9990754658
2461578.6130874041 1.0003507965
2461578.6132471263 0.9995134789
2461578.6134068486 0.9993210266
2461578.6135665709 1.0008600164
2461578.6137262932 0.9999201968
2461578.6138860155 0.9990073320
2461578.6140457373 1.0002699653
2461578.6142054596 1.0000680094
2461578.6143651819 1.0001451584
2461578.6145249042 0.9990130869
2461578.6146846265 1.0001480567
2461578.6148443487 1.0001678768
2461578.6150040710 0.9996583223
2461578.6151637929 1.0018980989
2461578.6153235156 0.9992054453
2461578.6154832374 1.0007763940
2461578.6156429597 0.9988907278
2461578.6158026820 0.9999826784
2461578.6159624043 0.9995374328
2461578.6161221266 1.0003306271
2461578.6162818484 1.0008884211
2461578.6164415712 1.0001768672
2461578.6166012930 0.9989807487
2461578.6167610153 1.0004016827
2461578.6169207375 0.9994803897
2461578.6170804598 0.9985362953
2461578.6172401821 1.0004521317
2461578.6173999039 0.9989322347
2461578.6175596267 0.9991189325
2461578.6177193485 0.9988516354
2461578.6178790708 0.9999372401
2461578.6180387931 0.9998319661
2461578.6181985154 1.0001990340
2461578.6183582377 0.9991971523
2461578.6185179595 0.9985420046
2461578.6186776822 1.0000721184
2461578.6188374041 0.9999956598
2461578.6189971264 0.9991273619
2461578.6191568486 0.9996137490
2461578.6193165709 0.9992281049
2461578.6194762932 0.9992161035
2461578.6196360155 0.9991396848
2461578.6197957378 1.0001198193
2461578.6199554596 0.9986972420
2461578.6201151819 0.9993220042
2461578.6202749042 0.9998638838
2461578.6204346265 1.0009635476
2461578.6205943488 1.0013694477
2461578.6207540710 0.9994320198
2461578.6209137933 0.9992751894
2461578.6210735152 0.9996220165
2461578.6212332374 0.9997546382
2461578.6213929597 1.0004509073
2461578.6215526820 0.9990939593
2461578.6217124043 0.9992927835
2461578.6218721266 0.9995725237
2461578.6220318489 0.9993128844
2461578.6221915707 0.9993605481
2461578.6223512930 1.0002243481
2461578.6225110153 1.0014464420
2461578.6226707376 0.9994284130
2461578.6228304598 0.9994651692
2461578.6229901821 1.0003995202
2461578.6231499044 1.0004058204
2461578.6233096262 1.0011651501
2461578.6234693485 1.0005593937
2461578.6236290708 0.9997498411
2461578.6237887931 0.9997623813
2461578.6239485154 0.9998761124
2461578.6241082377 1.0003048871
2461578.6242679600 0.9978472823
2461578.6244276818 0.9992317642
2461578.6245874041 0.9993954987
2461578.6247471264 0.9989197007
2461578.6249068487 0.9991040764
2461578.6250665709 0.9997541309
2461578.6252262932 0.9999159522
2461578.6253860155 1.0001888763
2461578.6255457373 0.9994503269
2461578.6257054596 0.9995864315
2461578.6258651819 1.0001832950
2461578.6260249042 1.0001145230
2461578.6261846265 1.0000993857
2461578.6263443488 0.9988284804
2461578.6265040711 1.0004403291
2461578.6266637929 1.0011189925
2461578.6268235152 1.0005633699
2461578.6269832375 1.0006924912
2461578.6271429597 1.0004566158
2461578.6273026820 0.9995441403
2461578.6274624043 0.9995576595
2461578.6276221266 1.0002708280
2461578.6277818484 1.0001572603
2461578.6279415707 1.0004119436
2461578.6281012930 1.0008572766
2461578.6282610153 0.9985584886
2461578.6284207376 1.0004516405
2461578.6285804599 0.9998206798
2461578.6287401821 1.0001488798
2461578.6288999040 0.9990807225
2461578.6290596267 1.0010071331
2461578.6292193485 1.0000381049
2461578.6293790708 0.9994886688
2461578.6295387931 1.0005519135
2461578.6296985154 0.9996105207
2461578.6298582377 1.0010647126
2461578.6300179595 0.9997611832
2461578.6301776823 1.0002174105
2461578.6303374041 0.9990841774
2461578.6304971264 0.9995507140
2461578.6306568487 0.9992612271
2461578.6308165709 0.9996014374
2461578.6309762932 1.0000171968
2461578.6311360151 1.0001404414
2461578.6312957378 1.0004167613
2461578.6314554596 1.0013477686
2461578.6316151819 0.9994080397
2461578.6317749042 0.9981508684
2461578.6319346265 1.0000779791
2461578.6320943488 0.9991041178
2461578.6322540706 0.9993723512
2461578.6324137934 0.9997424997
2461578.6325735152 0.9994227182
2461578.6327332375 1.0011006822
2461578.6328929598 1.0002752369
2461578.6330526820 0.9991523574
2461578.6332124043 1.0000619077
2461578.6333721266 0.9985928049
2461578.6335318489 0.9983457603
2461578.6336915707 1.0002383883
2461578.6338512930 0.9999325247
2461578.6340110153 1.0009155857
2461578.6341707376 1.0011801964
2461578.6343304599 0.9999851191
2461578.6344901822 0.9987684632
2461578.6346499044 0.9993090674
2461578.6348096263 1.0002581680
2461578.6349693486 1.0008723406
2461578.6351290708 1.0000024659
2461578.6352887931 0.9995521710
2461578.6354485154 0.9982988262
2461578.6356082377 0.9990324746
2461578.6357679600 1.0005509062
2461578.6359276818 1.0006379525
2461578.6360874041 1.0011341328
2461578.6362471264 1.0011268828
2461578.6364068487 1.0011998333
2461578.6365665710 0.9988768343
2461578.6367262932 1.0006836028
2461578.6368860155 1.0004051217
2461578.6370457374 0.9992056478
2461578.6372054596 0.9995856072
2461578.6373651819 1.0009990142
2461578.6375249042 1.0003436264
2461578.6376846265 1.0003117853
2461578.6378443488 0.9989492722
2461578.6380040711 0.9989656849
2461578.6381637929 0.9998287409
2461578.6383235152 1.0010749591
2461578.6384832375 1.0012402239
2461578.6386429598 0.9996236909
2461578.6388026820 0.9985188696
2461578.6389624043 0.9997042594
2461578.6391221266 0.9993611399
2461578.6392818484 1.0005390328
2461578.6394415707 0.9999636346
2461578.6396012930 0.9992192801
2461578.6397610153 0.9995571418
2461578.6399207376 1.0013780668
2461578.6400804599 1.0002126623
2461578.6402401822 0.9997082175
2461578.6403999040 0.9998514687
2461578.6405596263 0.9999841819
2461578.6407193486 0.9992341594
2461578.6408790709 0.9999289460
2461578.6410387931 1.0010169810
2461578.6411985154 0.9993886519
2461578.6413582377 0.9992915560
2461578.6415179595 0.9994991103
2461578.6416776818 1.0012378281
2461578.6418374041 0.9991036147
2461578.6419971264 1.0005728544
2461578.6421568487 1.0006410398
2461578.6423165710 1.0001672900
2461578.6424762933 1.0006790974
2461578.6426360151 0.9995257946
2461578.6427957374 1.0000902665
2461578.6429554597 0.9996022779
2461578.6431151819 0.9989958581
2461578.6432749042 1.0000918117
2461578.6434346265 1.0004876070
2461578.6435943488 1.0012521195
2461578.6437540706 0.9998432166
2461578.6439137934 0.9999024063
2461578.6440735152 1.0001698560
2461578.6442332375 0.9992248420
2461578.6443929598 1.0003793789
2461578.6445526821 0.9999067556
2461578.6447124043 0.9999715023
2461578.6448721262 0.9996473981
2461578.6450318489 0.9999821556
2461578.6451915707 0.9997735563
2461578.6453512930 0.9991309750
2461578.6455110153 1.0000798145
2461578.6456707376 1.0000015461
2461578.6458304599 0.9996550271
2461578.6459901817 0.9999887039
2461578.6461499045 0.9988005094
2461578.6463096263 1.0004802316
2461578.6464693486 1.0015218593
2461578.6466290709 0.9993278966
2461578.6467887932 0.9997599981
2461578.6469485154 1.0000770462
2461578.6471082377 0.9999145945
2461578.6472679600 0.9988432941
2461578.6474276818 1.0006215026
2461578.6475874041 0.9999163354
2461578.6477471264 0.9992444587
2461578.6479068487 1.0007114330
2461578.6480665710 1.0004893562
2461578.6482262933 0.9982067115
2461578.6483860156 0.9994683912
2461578.6485457374 1.0021284497
2461578.6487054597 0.9993170847
2461578.6488651820 1.0005695955
2461578.6490249042 0.9987034090
2461578.6491846265 1.0003259711
2461578.6493443488 0.9995000279
2461578.6495040711 0.9994635622
2461578.6496637929 1.0009133616
2461578.6498235152 0.9994308318
2461578.6499832375 0.9991847015
2461578.6501429598 1.0012284873
2461578.6503026821 1.0002702646
2461578.6504624044 0.9985114207
2461578.6506221266 0.9993209092
2461578.6507818485 0.9999774152
2461578.6509415708 1.0000433123
2461578.6511012930 1.0003472652
2461578.6512610153 0.9992129294
2461578.6514207376 0.9999847921
2461578.6515804599 1.0006936832
2461578.6517401822 1.0002226273
2461578.6518999040 1.0007437721
2461578.6520596263 0.9997494449
2461578.6522193486 1.0012970403
2461578.6523790709 0.9998840147
2461578.6525387932 1.0000031076
2461578.6526985154 1.0003802377
2461578.6528582377 0.9998665207
2461578.6530179596 1.0016081299
2461578.6531776818 1.0000240968
2461578.6533374041 1.0006807977
2461578.6534971264 0.9999147291
2461578.6536568487 1.0007473511
2461578.6538165710 1.0002431960
2461578.6539762933 0.9987661742
2461578.6541360151 1.0007085756
2461578.6542957374 1.0003754185
2461578.6544554597 1.0012982456
2461578.6546151820 0.9999406500
2461578.6547749043 0.9981519942
2461578.6549346265 1.0006088516
2461578.6550943488 0.9989514425
2461578.6552540706 0.9993091715
2461578.6554137929 0.9995940666
2461578.6555735152 0.9994445559
2461578.6557332375 0.9988374293
2461578.6558929598 1.0005339985
2461578.6560526821 1.0003159751
2461578.6562124044 0.9991283993
2461578.6563721262 0.9993726379
2461578.6565318485 1.0002187623
2461578.6566915708 1.0003489419
2461578.6568512931 1.0003552072
2461578.6570110153 1.0001513192
2461578.6571707376 1.0002952562
2461578.6573304599 1.0003389217
2461578.6574901817 1.0002733966
2461578.6576499045 1.0008253913
2461578.6578096263 1.0003009188
2461578.6579693486 1.0005661838
2461578.6581290709 1.0010024297
2461578.6582887932 0.9998396907
2461578.6584485155 0.9990148187
2461578.6586082373 0.9996958919
2461578.6587679600 0.9995581513
2461578.6589276819 0.9987789773
2461578.6590874041 0.9993083672
2461578.6592471264 1.0003738255
2461578.6594068487 1.0005890145
2461578.6595665710 0.9994875762
2461578.6597262928 0.9997934971
2461578.6598860156 0.9998400239
2461578.6600457374 1.0001242236
2461578.6602054597 0.9999335554
2461578.6603651820 0.9996603597
2461578.6605249043 1.0004407122
2461578.6606846265 1.0000037827
2461578.6608443488 1.0000252436
2461578.6610040711 0.9992653608
2461578.6611637929 0.9999652340
2461578.6613235152 1.0000237733
2461578.6614832375 1.0006383503
2461578.6616429598 1.0009435359
2461578.6618026821 1.0007124210
2461578.6619624044 0.9996529724
2461578.6621221267 0.9999837777
2461578.6622818485 0.9996449680
2461578.6624415708 1.0010437744
2461578.6626012931 1.0001835050
2461578.6627610154 1.0008060908
2461578.6629207376 0.9998571454
2461578.6630804599 1.0005747226
2461578.6632401822 0.9992637587
2461578.6633999040 0.9999144977
2461578.6635596263 0.9997567202
2461578.6637193486 0.9999435173
2461578.6638790709 0.9990581986
2461578.6640387932 1.0006671206
2461578.6641985155 1.0004713956
2461578.6643582378 0.9995870077
2461578.6645179596 0.9986426721
2461578.6646776819 1.0008924568
2461578.6648374042 0.9989322638
2461578.6649971264 0.9998739428
2461578.6651568487 0.9990560784
2461578.6653165710 1.0004242781
2461578.6654762933 0.9990483723
2461578.6656360151 0.9987891663
2461578.6657957374 1.0000247225
2461578.6659554597 0.9988766381
2461578.6661151820 1.0004278575
2461578.6662749043 0.9997261598
2461578.6664346266 1.0003344430
2461578.6665943488 0.9997507646
2461578.6667540707 1.0000068658
2461578.6669137930 1.0001416682
2461578.6670735152 1.0016533981
2461578.6672332375 1.0008145788
2461578.6673929598 1.0005451073
2461578.6675526821 0.9998354858
2461578.6677124044 1.0003461472
2461578.6678721262 1.0000330565
2461578.6680318485 0.9987632213
2461578.6681915708 1.0003770124
2461578.6683512931 0.9985965630
2461578.6685110154 0.9994334487
2461578.6686707377 1.0005496622
2461578.6688304599 1.0009773945
2461578.6689901818 0.9997005792
2461578.6691499040 0.9985744648
2461578.6693096263 0.9994625464
2461578.6694693486 1.0002231294
2461578.6696290709 0.9985285201
2461578.6697887932 0.9997767598
2461578.6699485155 0.9999269740
2461578.6701082373 0.9990569118
2461578.6702679596 1.0002305100
2461578.6704276819 1.0011585927
2461578.6705874042 0.9988609630
2461578.6707471265 1.0004165305
2461578.6709068487 0.9995451903
2461578.6710665710 0.9995241355
2461578.6712262928 1.0002639331
2461578.6713860156 1.0001856402
2461578.6715457374 0.9990664728
2461578.6717054597 1.0003680198
2461578.6718651820 0.9994340682
2461578.6720249043 1.0005436199
2461578.6721846266 1.0000884709
2461578.6723443484 1.0003089093
2461578.6725040711 0.9994447876
2461578.6726637930 1.0010261519
2461578.6728235153 1.0000048364
2461578.6729832375 0.9996324564
2461578.6731429598 0.9988738298
2461578.6733026821 0.9988281706
2461578.6734624039 0.9995661193
2461578.6736221267 1.0002396966
2461578.6737818485 1.0000764664
2461578.6739415708 0.9993297384
2461578.6741012931 0.9997641845
2461578.6742610154 0.9987336504
2461578.6744207377 0.9991656324
2461578.6745804599 0.9995102800
2461578.6747401822 1.0008257834
2461578.6748999041 0.9999729015
2461578.6750596263 1.0011556575
2461578.6752193486 1.0004457538
2461578.6753790709 0.9998224999
2461578.6755387932 1.0004822929
2461578.6756985155 1.0003877582
2461578.6758582378 1.0004405899
2461578.6760179596 0.9993889786
2461578.6761776819 1.0005475840
2461578.6763374042 0.9999170151
2461578.6764971265 0.9998168513
2461578.6766568488 1.0000977447
2461578.6768165710 1.0001895381
2461578.6769762933 0.9995298283
2461578.6771360151 1.0017196680
2461578.6772957374 1.0000492245
2461578.6774554597 1.0000000000
2461578.6776151820 0.9998520904
2461578.6777749043 0.9995342462
2461578.6779346266 1.0000246843
2461578.6780943489 1.0003723138
2461578.6782540707 0.9987413884
2461578.6784137930 1.0005485540
2461578.6785735153 0.9998382514
2461578.6787332376 1.0005194831
2461578.6788929598 0.9988570246
2461578.6790526821 1.0010576824
2461578.6792124044 0.9995658050
2461578.6793721262 0.9993341874
2461578.6795318485 1.0002578127
2461578.6796915708 0.9990921924
2461578.6798512931 1.0002810151
2461578.6800110154 1.0005627864
2461578.6801707377 0.9995209919
2461578.6803304600 0.9999780561
2461578.6804901818 1.0010343650
2461578.6806499041 0.9997839586
2461578.6808096264 1.0006057211
2461578.6809693486 0.9981301628
2461578.6811290709 1.0005331648
2461578.6812887932 0.9997801975
2461578.6814485155 1.0001509820
2461578.6816082373 1.0004706245
2461578.6817679596 0.9989337001
2461578.6819276819 0.9999946461
2461578.6820874042 0.9995803952
2461578.6822471265 0.9998870289
2461578.6824068488 1.0002425768
2461578.6825665710 0.9987558427
2461578.6827262929 1.0000888497
2461578.6828860152 0.9993058280
2461578.6830457374 0.9990920713
2461578.6832054597 0.9998777646
2461578.6833651820 0.9994064522
2461578.6835249043 1.0004125954
2461578.6836846266 1.0016271399
2461578.6838443484 1.0009444982
2461578.6840040707 0.9992572012
2461578.6841637930 0.9989351511
2461578.6843235153 0.9993075483
2461578.6844832376 0.9998807652
2461578.6846429599 1.0007735164
2461578.6848026821 1.0005415371
2461578.6849624040 1.0003847120
2461578.6851221267 0.9997454853
2461578.6852818485 1.0002146505
2461578.6854415708 1.0002557824
2461578.6856012931 0.9988638239
2461578.6857610154 0.9981468191
2461578.6859207377 0.9989675439
2461578.6860804595 0.9999428598
2461578.6862401823 1.0008559676
2461578.6863999041 0.9996939264
2461578.6865596264 0.9996876053
2461578.6867193487 0.9999056368
2461578.6868790709 0.9998777387
2461578.6870387932 0.9986493033
2461578.6871985151 0.9996221992
2461578.6873582378 0.9995257828
2461578.6875179596 0.9997034308
2461578.6876776819 0.9997569901
2461578.6878374042 1.0002660943
2461578.6879971265 0.9985806533
2461578.6881568488 1.0014830796
2461578.6883165711 0.9997264567
2461578.6884762933 0.9999259210
2461578.6886360152 0.9995014243
2461578.6887957375 0.9994295961
2461578.6889554597 0.9992575727
2461578.6891151820 1.0005520248
2461578.6892749043 1.0009662909
2461578.6894346266 0.9996299489
2461578.6895943489 0.9997827397
2461578.6897540707 0.9983536974
2461578.6899137930 1.0002599105
2461578.6900735153 0.9988430088
2461578.6902332376 1.0011392743
2461578.6903929599 0.9994082843
2461578.6905526822 1.0007230172
2461578.6907124044 0.9999175716
2461578.6908721263 1.0003205426
2461578.6910318485 1.0001911967
2461578.6911915708 1.0001180978
2461578.6913512931 1.0001930469
2461578.6915110154 0.9998386690
2461578.6916707377 0.9995890607
2461578.6918304600 0.9992666554
2461578.6919901818 0.9995604465
2461578.6921499041 0.9986323689
2461578.6923096264 0.9999850744
2461578.6924693487 0.9999511437
2461578.6926290710 0.9995348955
2461578.6927887932 1.0004281976
2461578.6929485155 0.9999582470
2461578.6931082373 1.0001117637
2461578.6932679596 1.0001629254
2461578.6934276819 0.9992442435
2461578.6935874042 1.0003531241
2461578.6937471265 1.0003026531
2461578.6939068488 1.0014603639
2461578.6940665711 0.9998478143
2461578.6942262929 0.9996182621
2461578.6943860152 0.9985628459
2461578.6945457375 0.9991208057
2461578.6947054598 1.0002543058
2461578.6948651820 0.9998276043
2461578.6950249043 0.9990482555
2461578.6951846266 0.9998203620
2461578.6953443484 1.0007540939
2461578.6955040707 0.9999094075
2461578.6956637930 1.0010899606
2461578.6958235153 0.9998534642
2461578.6959832376 1.0003584802
2461578.6961429599 1.0003293893
2461578.6963026822 1.0003064403
2461578.6964624040 1.0002079312
2461578.6966221263 1.0014270273
2461578.6967818486 0.9995199288
2461578.6969415708 0.9987559186
2461578.6971012931 0.9995448656
2461578.6972610154 0.9997527578
2461578.6974207377 1.0010802131
2461578.6975804595 1.0000866756
2461578.6977401818 0.9987598964
2461578.6978999041 1.0005057549
2461578.6980596264 1.0002538966
2461578.6982193487 0.9990622660
2461578.6983790710 0.9995928602
2461578.6985387933 1.0004590048
2461578.6986985151 1.0000262984
2461578.6988582378 1.0004310098
2461578.6990179596 0.9994768582
2461578.6991776819 1.0007683571
2461578.6993374042 0.9995994524
2461578.6994971265 1.0002616428
2461578.6996568488 0.9991926159
2461578.6998165706 1.0005383644
2461578.6999762934 1.0001388995
2461578.7001360152 0.9999356805
2461578.7002957375 0.9999011761
2461578.7004554598 1.0005237088
2461578.7006151821 1.0000699227
2461578.7007749043 0.9992961433
2461578.7009346262 0.9992346563
2461578.7010943489 0.9995803496
2461578.7012540707 1.0005252910
2461578.7014137930 0.9999080004
2461578.7015735153 0.9998227104
2461578.7017332376 0.9994800073
2461578.7018929599 1.0003560669
2461578.7020526822 1.0001987575
2461578.7022124045 1.0005806861
2461578.7023721263 0.9997578191
2461578.7025318486 1.0000374931
2461578.7026915709 1.0003853185
2461578.7028512931 0.9999606089
2461578.7030110154 0.9996466742
2461578.7031707377 0.9992412375
2461578.7033304600 1.0007503559
2461578.7034901818 1.0009724281
2461578.7036499041 1.0012843442
2461578.7038096264 1.0006350589
2461578.7039693487 1.0008506917
2461578.7041290710 1.0001538872
2461578.7042887933 1.0017444453
2461578.7044485155 1.0000341353
2461578.7046082374 0.9988118313
2461578.7047679597 1.0007113522
2461578.7049276819 1.0000582965
2461578.7050874042 1.0008147061
2461578.7052471265 0.9991026310
2461578.7054068488 0.9996692718
2461578.7055665711 1.0009199480
2461578.7057262929 1.0000237492
2461578.7058860152 0.9994580630
2461578.7060457375 0.9993488562
2461578.7062054598 0.9998024045
2461578.7063651821 0.9993366410
2461578.7065249044 0.9997353181
2461578.7066846266 1.0001481945
2461578.7068443485 0.9994398404
2461578.7070040707 0.9997958186
2461578.7071637930 1.0003901597
2461578.7073235153 0.9996585516
2461578.7074832376 1.0006349607
2461578.7076429599 1.0012640174
2461578.7078026822 0.9993312704
2461578.7079624040 0.9993795679
2461578.7081221263 0.9994527037
2461578.7082818486 0.9987605294
2461578.7084415709 0.9999799223
2461578.7086012932 0.9999089981
2461578.7087610154 0.9986368130
2461578.7089207377 1.0001573558
2461578.7090804596 0.9993541365
2461578.7092401818 1.0007983851
2461578.7093999041 1.0006450704
2461578.7095596264 0.9993746028
2461578.7097193487 1.0005006746
2461578.7098790710 0.9997308157
2461578.7100387933 0.9989751747
2461578.7101985151 0.9999698385
2461578.7103582374 0.9978300396
2461578.7105179597 0.9998682972
2461578.7106776820 0.9996792012
2461578.7108374042 1.0005088298
2461578.7109971265 1.0005283339
2461578.7111568488 0.9992878198
2461578.7113165706 1.0014302179
2461578.7114762929 0.9989550599
2461578.7116360152 0.9997427438
2461578.7117957375 1.0005618158
2461578.7119554598 1.0002088341
2461578.7121151821 1.0008306123
2461578.7122749044 0.9994795955
2461578.7124346262 1.0001523449
2461578.7125943489 1.0007363550
2461578.7127540708 1.0003352168
2461578.7129137930 1.0001230651
2461578.7130735153 1.0007317386
2461578.7132332376 1.0012042776
2461578.7133929599 1.0009155142
2461578.7135526817 1.0007850354
2461578.7137124045 0.9991594704
2461578.7138721263 0.9991879633
2461578.7140318486 0.9990968931
2461578.7141915709 1.0002632976
2461578.7143512932 1.0017267963
2461578.7145110155 1.0003049230
2461578.7146707373 1.0009708848
2461578.7148304600 1.0007975583
2461578.7149901818 0.9994669713
2461578.7151499041 0.9995371554
2461578.7153096264 1.0010119854
2461578.7154693487 1.0007285006
2461578.7156290710 0.9992805243
2461578.7157887933 0.9993461984
2461578.7159485156 1.0002463536
2461578.7161082374 0.9999804130
2461578.7162679597 1.0005681361
2461578.7164276820 0.9997152616
2461578.7165874043 1.0001424045
2461578.7167471265 1.0010054655
2461578.7169068488 1.0006238907
2461578.7170665711 0.9996680636
2461578.7172262929 0.9994665055
2461578.7173860152 0.9992427846
2461578.7175457375 1.0012757137
2461578.7177054598 1.0001890697
2461578.7178651821 0.9987341871
2461578.7180249044 0.9999995231
2461578.7181846267 0.9997025845
2461578.7183443485 0.9998896861
2461578.7185040708 1.0010491052
2461578.7186637931 1.0000241413
2461578.7188235153 1.0001967654
2461578.7189832376 0.9994438475
2461578.7191429599 0.9995741229
2461578.7193026822 1.0000103928
2461578.7194624040 0.9990268604
2461578.7196221263 1.0007556085
2461578.7197818486 1.0013101292
2461578.7199415709 0.9986925138
2461578.7201012932 0.9998317457
2461578.7202610155 0.9997596181
2461578.7204207378 0.9985462744
2461578.7205804596 1.0004441319
2461578.7207401819 0.9995238492
2461578.7208999041 0.9995072778
2461578.7210596264 0.9994202195
2461578.7212193487 0.9992139817
2461578.7213790710 0.9989929052
2461578.7215387933 0.9990783099
2461578.7216985151 0.9983572780
2461578.7218582374 1.0001187951
2461578.7220179597 0.9997091877
2461578.7221776820 0.9993810129
2461578.7223374043 1.0007385962
2461578.7224971266 0.9983333724
2461578.7226568488 1.0000348339
2461578.7228165707 1.0001887502
2461578.7229762929 1.0009753080
2461578.7231360152 1.0000487875
2461578.7232957375 0.9999162235
2461578.7234554598 1.0005677038
2461578.7236151821 0.9992241805
2461578.7237749044 0.9996873384
2461578.7239346262 1.0010965974
2461578.7240943485 0.9997400682
2461578.7242540708 1.0005054271
2461578.7244137931 1.0003241423
2461578.7245735154 0.9994356619
2461578.7247332376 1.0004160496
2461578.7248929599 0.9991197937
2461578.7250526818 1.0003001972
2461578.7252124040 0.9991296640
2461578.7253721263 1.0000030686
2461578.7255318486 0.9994219235
2461578.7256915709 0.9985529521
2461578.7258512932 0.9998992669
2461578.7260110155 0.9990520660
2461578.7261707373 0.9998339498
2461578.7263304600 0.9998704450
2461578.7264901819 1.0017864228
2461578.7266499042 0.9993533112
2461578.7268096264 1.0001460764
2461578.7269693487 0.9991560231
2461578.7271290710 0.9995358024
2461578.7272887928 0.9999296650
2461578.7274485156 0.9990693548
2461578.7276082374 1.0000700634
2461578.7277679597 0.9990945343
2461578.7279276820 0.9995305832
2461578.7280874043 1.0002117694
2461578.7282471266 1.0011985263
2461578.7284068484 1.0004474711
2461578.7285665711 1.0009567567
2461578.7287262930 0.9993729286
2461578.7288860152 0.9994619304
2461578.7290457375 1.0011959435
2461578.7292054598 1.0002480682
2461578.7293651821 0.9985676065
2461578.7295249044 0.9997050066
2461578.7296846267 1.0004295463
2461578.7298443485 0.9996677258
2461578.7300040708 1.0004107439
2461578.7301637931 0.9993369370
2461578.7303235154 0.9993092089
2461578.7304832377 0.9996957996
2461578.7306429599 0.9995315713
2461578.7308026822 0.9993616617
2461578.7309624040 0.9996975159
2461578.7311221263 1.0003668125
2461578.7312818486 0.9988693007
2461578.7314415709 0.9992881075
2461578.7316012932 0.9996179256
2461578.7317610155 0.9993488000
2461578.7319207378 1.0003074204
2461578.7320804596 1.0000729287
2461578.7322401819 1.0002292866
2461578.7323999042 1.0001359391
2461578.7325596265 0.9994803050
2461578.7327193487 1.0000898905
2461578.7328790710 1.0013668028
2461578.7330387933 0.9998549045
2461578.7331985151 0.9998283943
2461578.7333582374 1.0007009619
2461578.7335179597 0.9991460790
2461578.7336776820 0.9989039158
2461578.7338374043 1.0004799828
2461578.7339971266 0.9994291422
2461578.7341568489 0.9986559218
2461578.7343165707 0.9987849101
2461578.7344762930 0.9992583861
2461578.7346360153 0.9994044903
2461578.7347957375 0.9998053278
2461578.7349554598 0.9997244167
2461578.7351151821 0.9996470595
2461578.7352749044 0.9990489920
2461578.7354346262 0.9995183766
2461578.7355943485 1.0007324452
2461578.7357540708 1.0012798546
2461578.7359137931 1.0001416555
2461578.7360735154 1.0002852018
2461578.7362332377 0.9997316536
2461578.7363929600 1.0004499314
2461578.7365526818 0.9995105042
2461578.7367124041 1.0008676270
2461578.7368721263 1.0004804844
2461578.7370318486 1.0001082546
2461578.7371915709 1.0001748706
2461578.7373512932 1.0008028074
2461578.7375110155 0.9995996632
2461578.7376707373 0.9999492439
2461578.7378304596 0.9992743450
2461578.7379901819 0.9994903557
2461578.7381499042 1.0007510866
2461578.7383096265 1.0003731878
2461578.7384693488 0.9994264896
2461578.7386290710 0.9997030788
2461578.7387887929 0.9995485028
2461578.7389485152 1.0000283465
2461578.7391082374 0.9981484179
2461578.7392679597 0.9997360839
2461578.7394276820 1.0000854274
2461578.7395874043 1.0004187701
2461578.7397471266 1.0009999900
2461578.7399068484 0.9986006892
2461578.7400665712 0.9995963276
2461578.7402262930 1.0001753947
2461578.7403860153 1.0000906345
2461578.7405457376 0.9999400824
2461578.7407054598 0.9997299075
2461578.7408651821 1.0007228026
2461578.7410249040 0.9988933504
2461578.7411846267 0.9989409673
2461578.7413443485 0.9988950536
2461578.7415040708 1.0004786186
2461578.7416637931 1.0001340204
2461578.7418235154 1.0008411214
2461578.7419832377 0.9999924423
2461578.7421429595 0.9996148481
2461578.7423026823 0.9998489582
2461578.7424624041 1.0005433680
2461578.7426221264 0.9997690330
2461578.7427818486 1.0000998474
2461578.7429415709 0.9999218978
2461578.7431012932 1.0010946359
2461578.7432610150 0.9993964119
2461578.7434207378 0.9998458421
2461578.7435804596 1.0007784856
2461578.7437401819 1.0000783220
2461578.7438999042 1.0000147433
2461578.7440596265 0.9987298104
2461578.7442193488 1.0005074039
2461578.7443790711 0.9988282731
2461578.7445387933 1.0000146548
2461578.7446985152 0.9992036676
2461578.7448582374 1.0005040138
2461578.7450179597 1.0017707622
2461578.7451776820 0.9999580030
2461578.7453374043 0.9984876182
2461578.7454971266 0.9993237429
2461578.7456568489 0.9987844063
2461578.7458165707 1.0000278149
2461578.7459762930 0.9994878773
2461578.7461360153 0.9988895187
2461578.7462957376 1.0007739820
2461578.7464554599 0.9999096688
2461578.7466151821 1.0008721423
2461578.7467749044 0.9994744869
2461578.7469346263 0.9996573518
2461578.7470943485 0.9996160053
2461578.7472540708 0.9994801314
2461578.7474137931 0.9996158729
2461578.7475735154 1.0001905423
2461578.7477332377 0.9992594329
2461578.7478929600 1.0000822382
2461578.7480526818 1.0004230906
2461578.7482124041 0.9999297700
2461578.7483721264 0.9993315923
2461578.7485318487 1.0005384643
2461578.7486915709 1.0004794512
2461578.7488512932 0.9997242536
2461578.7490110155 0.9990936591
2461578.7491707373 0.9996035099
2461578.7493304596 0.9990067129
2461578.7494901819 1.0000929277
2461578.7496499042 1.0009719521
2461578.7498096265 0.9984065201
2461578.7499693488 0.9998026630
2461578.7501290711 0.9998186875
2461578.7502887929 1.0005029121
2461578.7504485152 1.0002244536
2461578.7506082375 1.0015150579
2461578.7507679597 1.0001823224
2461578.7509276820 1.0004697856
2461578.7510874043 0.9987344483
2461578.7512471266 0.9992066921
2461578.7514068484 1.0013868533
2461578.7515665707 1.0001731071
2461578.7517262930 1.0014470640
2461578.7518860153 1.0007481369
2461578.7520457376 1.0013567897
2461578.7522054599 0.9998550643
2461578.7523651822 0.9992499146
2461578.7525249040 1.0001656081
2461578.7526846263 1.0007108182
2461578.7528443485 0.9991696667
2461578.7530040708 0.9992815050
2461578.7531637931 1.0011304710
2461578.7533235154 1.0002127168
2461578.7534832377 1.0000297547
2461578.7536429595 0.9990939822
2461578.7538026823 0.9995618740
2461578.7539624041 1.0001694350
2461578.7541221264 0.9995045549
2461578.7542818487 0.9993854785
2461578.7544415710 1.0001680670
2461578.7546012932 0.9991814289
2461578.7547610151 1.0003905862
2461578.7549207378 1.0004339931
2461578.7550804596 0.9997030353
2461578.7552401819 0.9996382837
2461578.7553999042 0.9994749859
2461578.7555596265 0.9982680105
2461578.7557193488 0.9999782928
2461578.7558790706 1.0014513257
2461578.7560387934 1.0004702335
2461578.7561985152 1.0000883579
2461578.7563582375 0.9999922053
2461578.7565179598 0.9999823891
2461578.7566776820 1.0006772749
2461578.7568374043 0.9994551395
2461578.7569971262 1.0001180306
2461578.7571568489 0.9993843522
2461578.7573165707 0.9992986625
2461578.7574762930 0.9995746078
2461578.7576360153 1.0005739179
2461578.7577957376 0.9996734145
2461578.7579554599 1.0005821167
2461578.7581151822 1.0000992451
2461578.7582749045 1.0004992242
2461578.7584346263 0.9996598508
2461578.7585943486 0.9991900946
2461578.7587540708 0.9997594973
2461578.7589137931 1.0002073156
2461578.7590735154 1.0002974891
2461578.7592332377 1.0003632629
2461578.7593929600 1.0007862271
2461578.7595526818 0.9990331413
2461578.7597124041 1.0000761864
2461578.7598721264 1.0000047462
2461578.7600318487 0.9995749463
2461578.7601915710 0.9999041468
2461578.7603512933 1.0003553653
2461578.7605110155 0.9994957984
2461578.7606707374 1.0004639600
2461578.7608304597 0.9998339737
2461578.7609901819 0.9989162223
2461578.7611499042 1.0001002328
2461578.7613096265 1.0004050926
2461578.7614693488 0.9992129684
2461578.7616290711 1.0002374405
2461578.7617887929 1.0005023773
2461578.7619485152 1.0008885716
2461578.7621082375 0.9993879517
2461578.7622679598 0.9987936604
2461578.7624276821 1.0010556843
2461578.7625874043 1.0004900539
2461578.7627471266 1.0000154974
2461578.7629068485 0.9989495619
2461578.7630665707 0.9998414675
2461578.7632262930 0.9999532663
2461578.7633860153 1.0002596832
2461578.7635457376 1.0014043227
2461578.7637054599 1.0003013454
2461578.7638651822 1.0001316627
2461578.7640249040 1.0000051166
2461578.7641846263 0.9998405253
2461578.7643443486 0.9997223355
2461578.7645040709 0.9991947537
2461578.7646637931 1.0008963271
2461578.7648235154 0.9992344693
2461578.7649832377 0.9985666234
2461578.7651429595 0.9988862422
2461578.7653026818 0.9998541105
2461578.7654624041 1.0001270898
2461578.7656221264 1.0007764620
2461578.7657818487 1.0005618501
2461578.7659415710 1.0006310601
2461578.7661012933 0.9997202541
2461578.7662610151 0.9994885352
2461578.7664207374 0.9988502900
2461578.7665804597 0.9984499941
2461578.7667401819 1.0005356932
2461578.7668999042 1.0015218507
2461578.7670596265 1.0001634334
2461578.7672193488 0.9990246858
2461578.7673790706 0.9995705820
2461578.7675387934 1.0004004162
2461578.7676985152 0.9997352389
2461578.7678582375 1.0020320411
2461578.7680179598 1.0000097583
2461578.7681776821 1.0009085916
2461578.7683374044 1.0000965832
2461578.7684971262 1.0005164917
2461578.7686568489 0.9987337914
2461578.7688165708 0.9996652225
2461578.7689762930 1.0000881696
2461578.7691360153 1.0005747836
2461578.7692957376 1.0003261563
2461578.7694554599 1.0012437199
2461578.7696151817 1.0018251505
2461578.7697749045 1.0000063159
2461578.7699346263 0.9994887903
2461578.7700943486 1.0003109190
2461578.7702540709 1.0000549499
2461578.7704137932 0.9998056520
2461578.7705735154 1.0010542438
2461578.7707332373 0.9997612650
2461578.7708929600 1.0003679518
2461578.7710526818 0.9995527380
2461578.7712124041 1.0010992937
2461578.7713721264 0.9999673769
2461578.7715318487 1.0009076876
2461578.7716915710 0.9997709010
2461578.7718512933 0.9985952310
2461578.7720110156 0.9999567351
2461578.7721707374 1.0001973962
2461578.7723304597 0.9999487170
2461578.7724901820 0.9996726853
2461578.7726499042 1.0000177488
2461578.7728096265 0.9999698465
2461578.7729693488 0.9995556302
2461578.7731290711 1.0011772500
2461578.7732887929 0.9998012572
2461578.7734485152 0.9996407850
2461578.7736082375 0.9987867339
2461578.7737679598 0.9989447355
2461578.7739276821 1.0004642670
2461578.7740874044 1.0008469908
2461578.7742471267 1.0007469595
2461578.7744068485 0.9990459390
2461578.7745665708 0.9996246868
2461578.7747262930 0.9998930116
2461578.7748860153 0.9991823536
2461578.7750457376 1.0006505733
2461578.7752054599 0.9994306955
2461578.7753651822 1.0005126022
2461578.7755249040 0.9995027655
2461578.7756846263 0.9999218225
2461578.7758443486 0.9991798571
2461578.7760040709 0.9998901276
2461578.7761637932 1.0012421699
2461578.7763235155 1.0003219621
2461578.7764832377 0.9997650231
2461578.7766429596 0.9982294488
2461578.7768026819 0.9994593483
2461578.7769624041 1.0004294929
2461578.7771221264 0.9996491476
2461578.7772818487 0.9990456064
2461578.7774415710 0.9990321801
2461578.7776012933 1.0009352114
2461578.7777610151 0.9991856652
2461578.7779207374 0.9987656993
2461578.7780804597 0.9995154904
2461578.7782401820 1.0005524495
2461578.7783999043 0.9991243377
2461578.7785596265 1.0007353682
2461578.7787193488 0.9992077111
2461578.7788790707 0.9992500482
2461578.7790387929 1.0000281218
2461578.7791985152 0.9994660237
2461578.7793582375 0.9981042099
2461578.7795179598 0.9994646566
2461578.7796776821 1.0008091925
2461578.7798374044 1.0003021781
2461578.7799971262 1.0000100080
2461578.7801568485 0.9995950287
2461578.7803165708 0.9994925592
2461578.7804762931 1.0001622363
2461578.7806360153 0.9995533257
2461578.7807957376 0.9997505873
2461578.7809554599 0.9999043887
2461578.7811151817 0.9997773247
2461578.7812749045 1.0000404690
2461578.7814346263 1.0014092109
2461578.7815943486 0.9994932466
2461578.7817540709 1.0011807611
2461578.7819137932 0.9997137980
2461578.7820735155 0.9991020959
2461578.7822332373 1.0003871586
2461578.7823929600 0.9999603173
2461578.7825526819 0.9997104178
2461578.7827124042 0.9997913514
2461578.7828721264 0.9996812178
2461578.7830318487 0.9999062940
2461578.7831915710 0.9986966165
2461578.7833512928 0.9990557581
2461578.7835110156 1.0008042664
2461578.7836707374 1.0001846423
2461578.7838304597 0.9998461252
2461578.7839901820 1.0002512720
2461578.7841499043 0.9988167378
2461578.7843096266 1.0007493975
2461578.7844693484 0.9987006387
2461578.7846290711 1.0008709195
2461578.7847887930 1.0008144189
2461578.7849485152 0.9990278370
2461578.7851082375 1.0008692392
2461578.7852679598 1.0002344577
2461578.7854276821 0.9994658451
2461578.7855874044 1.0008815765
2461578.7857471267 1.0006186771
2461578.7859068485 1.0006033418
2461578.7860665708 1.0005951782
2461578.7862262931 0.9993477211
2461578.7863860154 1.0006399213
2461578.7865457376 0.9996264181
2461578.7867054599 1.0009681723
2461578.7868651822 0.9997363685
2461578.7870249040 1.0007160324
2461578.7871846263 0.9996089147
2461578.7873443486 1.0011029163
2461578.7875040709 1.0015573210
2461578.7876637932 1.0005800007
2461578.7878235155 1.0002831526
2461578.7879832378 0.9990940959
2461578.7881429596 0.9987244671
2461578.7883026819 0.9999618676
2461578.7884624042 0.9994947964
2461578.7886221264 1.0003905872
2461578.7887818487 0.9990392040
2461578.7889415710 0.9997332018
2461578.7891012933 1.0002714244
2461578.7892610151 0.9982463206
2461578.7894207374 0.9997470349
2461578.7895804597 1.0004434349
2461578.7897401820 1.0003581094
2461578.7898999043 1.0004630868
2461578.7900596266 0.9998190652
2461578.7902193489 0.9988317149
2461578.7903790707 1.0003778217
2461578.7905387930 1.0001254184
2461578.7906985153 0.9998459308
2461578.7908582375 0.9987700694
2461578.7910179598 1.0004006096
2461578.7911776821 1.0007058637
2461578.7913374044 0.9994974141
2461578.7914971262 1.0000112342
2461578.7916568485 0.9982302758
2461578.7918165708 0.9996801600
2461578.7919762931 0.9996496417
2461578.7921360154 1.0010962805
2461578.7922957377 0.9986874683
2461578.7924554599 1.0001892371
2461578.7926151818 0.9989143553
2461578.7927749041 0.9991151344
2461578.7929346263 0.9995706053
2461578.7930943486 1.0008331563
2461578.7932540709 0.9997724528
2461578.7934137932 1.0001543317
2461578.7935735155 0.9993489974
2461578.7937332373 1.0013574198
2461578.7938929596 1.0005971623
2461578.7940526819 1.0000744337
2461578.7942124042 1.0009785137
2461578.7943721265 0.9996618856
2461578.7945318487 0.9993443632
2461578.7946915710 0.9995938316
2461578.7948512929 1.0006057434
2461578.7950110156 0.9989055438
2461578.7951707374 0.9988113508
2461578.7953304597 0.9993563297
2461578.7954901820 0.9993699896
2461578.7956499043 0.9990646553
2461578.7958096266 1.0009093562
2461578.7959693484 1.0000775045
2461578.7961290712 1.0001392468
2461578.7962887930 1.0004073898
2461578.7964485153 1.0003558111
2461578.7966082375 1.0002276205
2461578.7967679598 0.9998791293
2461578.7969276821 1.0008392114
2461578.7970874039 0.9993673934
2461578.7972471267 0.9995090263
2461578.7974068485 1.0004096779
2461578.7975665708 0.9994215406
2461578.7977262931 0.9994433032
2461578.7978860154 1.0002471899
2461578.7980457377 1.0005914248
2461578.7982054595 0.9994213103
2461578.7983651822 1.0004469689
2461578.7985249041 1.0009108719
2461578.7986846264 1.0001852819
2461578.7988443486 1.0005837946
2461578.7990040709 1.0003241875
2461578.7991637932 1.0003544302
2461578.7993235155 1.0001982062
2461578.7994832378 1.0000841153
2461578.7996429596 1.0002095237
2461578.7998026819 1.0009858502
2461578.7999624042 0.9987066292
2461578.8001221265 1.0014129460
2461578.8002818488 1.0017063188
2461578.8004415710 1.0010310279
2461578.8006012933 1.0010594737
2461578.8007610152 0.9998383998
2461578.8009207374 0.9992030959
2461578.8010804597 1.0000860012
2461578.8012401820 1.0002427797
2461578.8013999043 1.0002716519
2461578.8015596266 0.9997381494
2461578.8017193489 1.0006924764
2461578.8018790707 1.0000203012
2461578.8020387930 1.0001305194
2461578.8021985153 0.9994661071
2461578.8023582376 1.0007694145
2461578.8025179598 1.0001762652
2461578.8026776821 1.0000519765
2461578.8028374044 1.0007527458
2461578.8029971262 0.9999888101
2461578.8031568485 1.0005522773
2461578.8033165708 0.9997901861
2461578.8034762931 1.0004290646
2461578.8036360154 0.9997241989
2461578.8037957377 0.9996997861
2461578.8039554600 1.0000866354
2461578.8041151818 0.9989219531
2461578.8042749041 0.9997127927
2461578.8044346264 1.0005577534
2461578.8045943487 0.9999365445
2461578.8047540709 1.0000402047
2461578.8049137932 0.9998744959
2461578.8050735155 1.0004444433
2461578.8052332373 0.9996565862
2461578.8053929596 1.0001813914
2461578.8055526819 1.0003011861
2461578.8057124042 0.9995082265
2461578.8058721265 0.9997735816
2461578.8060318488 1.0003096504
2461578.8061915711 1.0003320179
2461578.8063512929 1.0008802251
2461578.8065110152 0.9995849604
2461578.8066707375 1.0005859062
2461578.8068304597 1.0002553621
2461578.8069901820 1.0003022381
2461578.8071499043 1.0004252484
2461578.8073096266 1.0014622002
2461578.8074693484 0.9997959504
2461578.8076290707 0.9995289398
2461578.8077887930 1.0012896413
2461578.8079485153 0.9993294260
2461578.8081082376 1.0002096956
2461578.8082679599 1.0004753319
2461578.8084276821 1.0002141460
2461578.8085874040 1.0002939243
2461578.8087471267 1.0002347476
2461578.8089068485 1.0002711330
2461578.8090665708 1.0000135678
2461578.8092262931 0.9999903599
2461578.8093860154 1.0019323454
2461578.8095457377 0.9997988332
2461578.8097054595 0.9994151510
2461578.8098651823 0.9988440253
2461578.8100249041 1.0002451522
2461578.8101846264 1.0003415667
2461578.8103443487 0.9984401263
2461578.8105040709 0.9995171610
2461578.8106637932 0.9992132320
2461578.8108235151 0.9996988549
2461578.8109832378 1.0000247563
2461578.8111429596 0.9990549251
2461578.8113026819 0.9999474718
2461578.8114624042 1.0002565047
2461578.8116221265 0.9997612516
2461578.8117818488 0.9998554218
2461578.8119415706 1.0002003523
2461578.8121012934 0.9995075693
2461578.8122610152 1.0007881863
2461578.8124207375 1.0001319488
2461578.8125804598 1.0000102040
2461578.8127401820 0.9993386280
2461578.8128999043 0.9994078222
2461578.8130596266 0.9989246570
2461578.8132193489 1.0009427719
2461578.8133790707 1.0003748210
2461578.8135387930 0.9998525632
2461578.8136985153 1.0009407635
2461578.8138582376 1.0002325770
2461578.8140179599 1.0015187501
2461578.8141776822 0.9996473440
2461578.8143374044 1.0004356569
2461578.8144971263 0.9999931678
2461578.8146568486 1.0006247852
2461578.8148165708 0.9995051384
2461578.8149762931 1.0007403773
2461578.8151360154 0.9992822195
2461578.8152957377 1.0004504433
2461578.8154554600 0.9993401969
2461578.8156151818 0.9997091006
2461578.8157749041 0.9999417126
2461578.8159346264 0.9997565596
2461578.8160943487 0.9991703460
2461578.8162540710 0.9991528181
2461578.8164137932 0.9999952059
2461578.8165735155 1.0003005312
2461578.8167332374 1.0003062471
2461578.8168929596 0.9992244152
2461578.8170526819 0.9991262768
2461578.8172124042 1.0000854403
2461578.8173721265 0.9985947268
2461578.8175318488 0.9997101100
2461578.8176915711 1.0002059560
2461578.8178512929 0.9986956841
2461578.8180110152 0.9996932161
2461578.8181707375 0.9998176354
2461578.8183304598 1.0003910149
2461578.8184901820 0.9994280810
2461578.8186499043 1.0004699890
2461578.8188096266 0.9997620849
2461578.8189693484 0.9992974996
2461578.8191290707 0.9988779697
2461578.8192887930 0.9999983320
2461578.8194485153 1.0003076549
2461578.8196082376 1.0000472090
2461578.8197679599 0.9988188495
2461578.8199276822 0.9992926421
2461578.8200874040 1.0000497666
2461578.8202471263 1.0010098478
2461578.8204068486 1.0003521538
2461578.8205665709 0.9994760417
2461578.8207262931 0.9992084480
2461578.8208860154 0.9996712865
2461578.8210457377 1.0002335756
2461578.8212054595 0.9997359477
2461578.8213651818 1.0008635213
2461578.8215249041 0.9986679113
2461578.8216846264 1.0001792514
2461578.8218443487 0.9997923461
2461578.8220040710 1.0003093587
2461578.8221637933 1.0003777498
2461578.8223235151 1.0001087789
2461578.8224832374 1.0008991266
2461578.8226429597 1.0000441000
2461578.8228026819 1.0002852793
2461578.8229624042 0.9992591819
2461578.8231221265 1.0009340665
2461578.8232818488 1.0007148325
2461578.8234415706 0.9997795045
2461578.8236012934 0.9998633184
2461578.8237610152 0.9999082079
2461578.8239207375 0.9993179561
2461578.8240804598 0.9997438574
2461578.8242401821 0.9992362391
2461578.8243999043 0.9993902707
2461578.8245596262 1.0005720359
2461578.8247193489 1.0003531348
2461578.8248790707 0.9991265392
2461578.8250387930 1.0001550079
2461578.8251985153 1.0001482349
2461578.8253582376 0.9990900787
2461578.8255179599 1.0005140886
2461578.8256776817 0.9990275231
2461578.8258374045 1.0005895656
2461578.8259971263 0.9995379225
2461578.8261568486 0.9989740732
2461578.8263165709 0.9999566259
2461578.8264762932 1.0009891953
2461578.8266360154 0.9997578312
2461578.8267957377 0.9999302833
2461578.8269554600 1.0000993440
2461578.8271151818 0.9995278694
2461578.8272749041 0.9982567022
2461578.8274346264 1.0006638143
2461578.8275943487 0.9989179203
2461578.8277540710 1.0013715104
2461578.8279137933 0.9991024332
2461578.8280735156 1.0005223606
2461578.8282332374 0.9998031270
2461578.8283929597 0.9997851117
2461578.8285526820 1.0009678975
2461578.8287124042 0.9997702734
2461578.8288721265 0.9998872256
2461578.8290318488 1.0007712435
2461578.8291915711 1.0007206279
2461578.8293512929 1.0001042124
2461578.8295110152 1.0012354709
2461578.8296707375 1.0001125782
2461578.8298304598 0.9995255361
2461578.8299901821 1.0005308480
2461578.8301499044 0.9994185625
2461578.8303096266 0.9985803090
2461578.8304693485 0.9990949806
2461578.8306290708 0.9994145285
2461578.8307887930 1.0000342053
2461578.8309485153 0.9987868133
2461578.8311082376 1.0005918785
2461578.8312679599 1.0008168224
2461578.8314276822 0.9995861518
2461578.8315874040 0.9992714693
2461578.8317471263 0.9998214528
2461578.8319068486 0.9996304569
2461578.8320665709 1.0001048030
2461578.8322262932 0.9994511360
2461578.8323860154 0.9999325668
2461578.8325457377 1.0004021831
2461578.8327054596 1.0007282040
2461578.8328651818 0.9999770534
2461578.8330249041 1.0000389436
2461578.8331846264 1.0000519473
2461578.8333443487 1.0007107687
2461578.8335040710 0.9996708529
2461578.8336637933 1.0001721345
2461578.8338235151 1.0011154186
2461578.8339832374 1.0007975741
2461578.8341429597 0.9985568058
2461578.8343026820 0.9997453123
2461578.8344624043 0.9988203568
2461578.8346221265 0.9992502227
2461578.8347818488 0.9996070509
2461578.8349415706 0.9996516644
2461578.8351012929 0.9994068716
2461578.8352610152 0.9989127845
2461578.8354207375 1.0001227557
2461578.8355804598 1.0000155460
2461578.8357401821 1.0005456045
2461578.8358999044 0.9991745965
2461578.8360596262 1.0009454994
2461578.8362193485 1.0000922718
2461578.8363790708 1.0012016646
2461578.8365387931 1.0004886535
2461578.8366985153 0.9987470503
2461578.8368582376 1.0006908827
2461578.8370179599 1.0014086364
2461578.8371776817 1.0012646176
2461578.8373374045 1.0001045597
2461578.8374971263 0.9987922048
2461578.8376568486 1.0000809831
2461578.8378165709 0.9999731263
2461578.8379762932 1.0014811416
2461578.8381360155 0.9988521095
2461578.8382957373 0.9999363229
2461578.8384554600 1.0001180286
2461578.8386151819 1.0002531432
2461578.8387749041 0.9989826630
2461578.8389346264 0.9992377800
2461578.8390943487 1.0001820829
2461578.8392540710 0.9999083994
2461578.8394137928 0.9996762614
2461578.8395735156 0.9993867662
2461578.8397332374 1.0006614300
2461578.8398929597 0.9994979566
2461578.8400526820 1.0003738540
2461578.8402124043 0.9999956198
2461578.8403721265 0.9992887602
2461578.8405318488 1.0008889393
2461578.8406915711 0.9993227760
2461578.8408512929 1.0010470816
2461578.8410110152 0.9997528907
2461578.8411707375 1.0001587600
2461578.8413304598 0.9994166829
2461578.8414901821 1.0001678076
2461578.8416499044 0.9995859647
2461578.8418096267 1.0003054264
2461578.8419693485 0.9992128826
2461578.8421290708 1.0002775920
2461578.8422887931 1.0006995711
2461578.8424485154 1.0004898831
2461578.8426082376 0.9999170081
2461578.8427679599 0.9996265487
2461578.8429276822 1.0009837680
2461578.8430874040 1.0003768402
2461578.8432471263 1.0003433364
2461578.8434068486 0.9994701749
2461578.8435665709 1.0005018486
2461578.8437262932 1.0007718503
2461578.8438860155 0.9997171191
2461578.8440457378 1.0009320873
2461578.8442054596 1.0000430955
2461578.8443651819 1.0009538717
2461578.8445249042 1.0001735991
2461578.8446846264 1.0000497184
2461578.8448443487 0.9995335216
2461578.8450040710 1.0001488130
2461578.8451637933 0.9999400573
2461578.8453235151 0.9998327442
2461578.8454832374 0.9997334187
2461578.8456429597 0.9998427710
2461578.8458026820 1.0007077491
2461578.8459624043 1.0000270099
2461578.8461221266 0.9997760364
2461578.8462818488 0.9994098982
2461578.8464415707 0.9999008061
2461578.8466012930 0.9998434469
2461578.8467610152 1.0000413050
2461578.8469207375 0.9987907925
2461578.8470804598 0.9999207391
2461578.8472401821 0.9989891255
2461578.8473999044 1.0005399848
2461578.8475596262 1.0008710959
2461578.8477193485 0.9998914504
2461578.8478790708 0.9997664585
2461578.8480387931 0.9991293171
2461578.8481985154 1.0007546369
2461578.8483582377 1.0007267725
2461578.8485179599 1.0004588138
2461578.8486776818 0.9997840620
2461578.8488374040 1.0006454524
2461578.8489971263 0.9989034082
2461578.8491568486 1.0002639277
2461578.8493165709 1.0003047348
2461578.8494762932 1.0002648532
2461578.8496360155 0.9995653198
2461578.8497957373 1.0002644849
2461578.8499554596 1.0002748843
2461578.8501151819 0.9996365121
2461578.8502749042 0.9993314733
2461578.8504346265 0.9999460615
2461578.8505943487 1.0004003500
2461578.8507540710 0.9998573094
2461578.8509137928 1.0010187046
2461578.8510735156 0.9994528247
2461578.8512332374 1.0007412684
2461578.8513929597 1.0005854016
2461578.8515526820 1.0015438918
2461578.8517124043 1.0011541715
2461578.8518721266 0.9981153097
2461578.8520318484 0.9991772655
2461578.8521915711 1.0005339198
2461578.8523512930 0.9993161697
2461578.8525110153 0.9989643613
2461578.8526707375 1.0002215378
2461578.8528304598 0.9997632792
2461578.8529901821 1.0005652691
2461578.8531499039 1.0003399838
2461578.8533096267 0.9998513211
2461578.8534693485 0.9993754784
2461578.8536290708 1.0000337560
2461578.8537887931 0.9986132116
2461578.8539485154 1.0000038593
2461578.8541082377 1.0009934652
2461578.8542679599 1.0004829484
2461578.8544276822 1.0002546958
2461578.8545874041 1.0012036043
2461578.8547471263 0.9996675651
2461578.8549068486 0.9997035712
2461578.8550665709 1.0005965008
2461578.8552262932 0.9999284123
2461578.8553860155 0.9981842584
2461578.8555457378 0.9999057604
2461578.8557054596 0.9999706878
2461578.8558651819 0.9977471025
2461578.8560249042 0.9993064422
2461578.8561846265 1.0003389522
2461578.8563443488 0.9993310494
2461578.8565040710 0.9994358248
2461578.8566637933 0.9995917301
2461578.8568235151 0.9998169087
2461578.8569832374 1.0008694828
2461578.8571429597 1.0003041566
2461578.8573026820 0.9990305877
2461578.8574624043 0.9999709568
2461578.8576221266 0.9991944824
2461578.8577818489 0.9993250273
2461578.8579415707 0.9987845403
2461578.8581012930 1.0002911181
2461578.8582610153 0.9995610449
2461578.8584207376 1.0007942974
2461578.8585804598 1.0004782504
2461578.8587401821 0.9982565684
2461578.8588999044 0.9994491591
2461578.8590596262 0.9993055273
2461578.8592193485 0.9993175307
2461578.8593790708 0.9986397439
2461578.8595387931 1.0005700050
2461578.8596985154 1.0006402554
2461578.8598582377 0.9987642415
2461578.8600179600 0.9991144239
2461578.8601776818 1.0005865733
2461578.8603374041 0.9996769322
2461578.8604971264 0.9996027543
2461578.8606568486 1.0004503279
2461578.8608165709 0.9997105128
2461578.8609762932 0.9990344798
2461578.8611360155 0.9997937572
2461578.8612957373 0.9996912469
2461578.8614554596 0.9987022917
2461578.8616151819 1.0007631854
2461578.8617749042 0.9998781446
2461578.8619346265 0.9995175900
2461578.8620943488 0.9993064005
2461578.8622540710 1.0002195376
2461578.8624137929 0.9991893015
2461578.8625735152 1.0003583008
2461578.8627332374 0.9994860791
2461578.8628929597 0.9992645534
2461578.8630526820 0.9991249656
2461578.8632124043 1.0004826266
2461578.8633721266 1.0003175911
2461578.8635318484 1.0000924525
2461578.8636915707 1.0008780503
2461578.8638512930 0.9999616741
2461578.8640110153 0.9996771202
2461578.8641707376 0.9994392047
2461578.8643304599 1.0002366613
2461578.8644901821 1.0002413476
2461578.8646499040 0.9991653787
2461578.8648096267 1.0003277611
2461578.8649693485 1.0001795133
2461578.8651290708 1.0003659311
2461578.8652887931 1.0006853108
2461578.8654485154 1.0003174000
2461578.8656082377 1.0006832271
2461578.8657679595 1.0010927082
2461578.8659276823 0.9995116372
2461578.8660874041 1.0007916319
2461578.8662471264 1.0003761569
2461578.8664068487 1.0000814704
2461578.8665665709 1.0007485066
2461578.8667262932 1.0001278878
2461578.8668860151 1.0005252250
2461578.8670457378 0.9997302808
2461578.8672054596 0.9982530976
2461578.8673651819 0.9999442599
2461578.8675249042 1.0003477412
2461578.8676846265 0.9997274427
2461578.8678443488 1.0004854884
2461578.8680040711 1.0027034211
2461578.8681637933 0.9991372932
2461578.8683235152 0.9998745291
2461578.8684832375 1.0003283798
2461578.8686429597 0.9990873643
2461578.8688026820 1.0000708597
2461578.8689624043 0.9996340452
2461578.8691221266 1.0006612801
2461578.8692818489 0.9994645905
2461578.8694415707 0.9994125623
2461578.8696012930 0.9989152776
2461578.8697610153 0.9990477735
2461578.8699207376 0.9981721237
2461578.8700804599 1.0005594817
2461578.8702401822 1.0001776066
2461578.8703999044 0.9998102496
2461578.8705596263 0.9993549158
2461578.8707193485 0.9998305907
2461578.8708790708 1.0000441341
2461578.8710387931 0.9992874591
2461578.8711985154 1.0010057396
2461578.8713582377 0.9997528511
2461578.8715179600 0.9992349865
2461578.8716776818 0.9991623962
2461578.8718374041 0.9998356505
2461578.8719971264 0.9998921800
2461578.8721568487 0.9995075792
2461578.8723165710 1.0003551466
2461578.8724762932 0.9988992552
2461578.8726360155 1.0006390442
2461578.8727957373 1.0007669506
2461578.8729554596 1.0001771699
2461578.8731151819 0.9989380984
2461578.8732749042 0.9993380724
2461578.8734346265 0.9997488763
2461578.8735943488 1.0000211062
2461578.8737540711 0.9993161418
2461578.8739137929 1.0007374065
2461578.8740735152 1.0005834522
2461578.8742332375 1.0003777132
2461578.8743929598 1.0010528091
2461578.8745526820 1.0004242805
2461578.8747124043 1.0002738947
2461578.8748721266 1.0001684836
2461578.8750318484 1.0002827528
2461578.8751915707 0.9996625275
2461578.8753512930 1.0005421496
2461578.8755110153 1.0002344891
2461578.8756707376 0.9992477051
2461578.8758304599 1.0013317465
2461578.8759901822 1.0010969111
2461578.8761499040 1.0006018000
2461578.8763096263 0.9999490525
2461578.8764693486 0.9990970159
2461578.8766290708 0.9996266329
2461578.8767887931 0.9993041897
2461578.8769485154 0.9993458860
2461578.8771082377 0.9998664994
2461578.8772679595 0.9990121778
2461578.8774276818 0.9998572406
2461578.8775874041 0.9999321577
2461578.8777471264 0.9992372767
2461578.8779068487 0.9998695527
2461578.8780665710 1.0005630668
2461578.8782262933 1.0005695174
2461578.8783860151 1.0005402465
2461578.8785457378 0.9997634572
2461578.8787054596 0.9997767242
2461578.8788651819 1.0004126135
2461578.8790249042 1.0006970537
2461578.8791846265 0.9999212369
2461578.8793443488 0.9998804508
2461578.8795040706 1.0011119568
2461578.8796637934 0.9994017109
2461578.8798235152 0.9991342633
2461578.8799832375 1.0012636434
2461578.8801429598 1.0000575561
2461578.8803026821 1.0001151645
2461578.8804624043 1.0002456890
2461578.8806221262 1.0008314165
2461578.8807818489 0.9991270188
2461578.8809415707 0.9993618712
2461578.8811012930 1.0007321805
2461578.8812610153 0.9993177400
2461578.8814207376 0.9996981005
2461578.8815804599 0.9997415098
2461578.8817401822 1.0008427772
2461578.8818999045 0.9985575378
2461578.8820596263 0.9996574850
2461578.8822193486 1.0001203734
2461578.8823790709 0.9991448501
2461578.8825387931 0.9996933913
2461578.8826985154 1.0009009590
2461578.8828582377 0.9998585122
2461578.8830179600 0.9995740565
2461578.8831776818 1.0002075257
2461578.8833374041 1.0001734329
2461578.8834971264 0.9997589991
2461578.8836568487 0.9986077434
2461578.8838165710 1.0006265831
2461578.8839762933 0.9985943659
2461578.8841360155 0.9999332750
2461578.8842957374 1.0001604341
2461578.8844554597 1.0003005688
2461578.8846151819 0.9984514431
2461578.8847749042 0.9989073749
2461578.8849346265 0.9997477068
2461578.8850943488 1.0001999217
2461578.8852540711 0.9993373680
2461578.8854137929 0.9999219127
2461578.8855735152 1.0001359459
2461578.8857332375 1.0001801721
2461578.8858929598 0.9996213506
2461578.8860526821 1.0016264470
2461578.8862124044 0.9992728105
2461578.8863721266 0.9999170389
2461578.8865318485 1.0000775769
2461578.8866915707 1.0003034430
2461578.8868512930 1.0001568542
2461578.8870110153 0.9987706925
2461578.8871707376 1.0002555700
2461578.8873304599 0.9999908171
2461578.8874901822 0.9997519995
2461578.8876499040 1.0001403215
2461578.8878096263 1.0008619124
2461578.8879693486 1.0006754467
2461578.8881290709 1.0007374246
2461578.8882887932 1.0004755208
2461578.8884485154 1.0006692446
2461578.8886082377 1.0000323522
2461578.8887679596 0.9988549455
2461578.8889276818 0.9997328721
2461578.8890874041 1.0011221245
2461578.8892471264 0.9987230942
2461578.8894068487 1.0005577626
2461578.8895665710 1.0000788937
2461578.8897262933 1.0001004420
2461578.8898860151 0.9990486005
2461578.8900457374 1.0000594326
2461578.8902054597 1.0004400998
2461578.8903651820 0.9994403286
2461578.8905249042 1.0001815367
2461578.8906846265 0.9989725184
2461578.8908443488 1.0000856004
2461578.8910040706 0.9989891943
2461578.8911637929 0.9997528582
2461578.8913235152 1.0003789017
2461578.8914832375 0.9996548027
2461578.8916429598 1.0001168623
2461578.8918026821 0.9997031350
2461578.8919624044 1.0001602378
2461578.8921221262 0.9992421041
2461578.8922818489 0.9994943814
2461578.8924415708 1.0001339836
2461578.8926012930 1.0006676029
2461578.8927610153 0.9986148736
2461578.8929207376 1.0003288849
2461578.8930804599 1.0002690095
2461578.8932401817 1.0003713548
2461578.8933999045 1.0004697294
2461578.8935596263 0.9994991669
2461578.8937193486 0.9985861844
2461578.8938790709 1.0002514903
2461578.8940387932 0.9991544446
2461578.8941985155 1.0002661123
2461578.8943582373 1.0006846105
2461578.8945179600 1.0005995623
2461578.8946776818 1.0002510395
2461578.8948374041 0.9996445510
2461578.8949971264 1.0012448249
2461578.8951568487 0.9998437381
2461578.8953165710 0.9985862645
2461578.8954762933 1.0002266423
2461578.8956360156 1.0006288007
2461578.8957957374 0.9998647307
2461578.8959554597 1.0010707166
2461578.8961151820 1.0001810100
2461578.8962749043 1.0006724211
2461578.8964346265 0.9992493171
2461578.8965943488 1.0006474476
2461578.8967540711 0.9999696534
2461578.8969137929 0.9998247026
2461578.8970735152 1.0004245952
2461578.8972332375 1.0004891536
2461578.8973929598 0.9991577891
2461578.8975526821 1.0008027930
2461578.8977124044 1.0000590095
2461578.8978721267 1.0004852294
2461578.8980318485 1.0001136022
2461578.8981915708 1.0002005532
2461578.8983512931 0.9994798886
2461578.8985110153 0.9985263313
2461578.8986707376 1.0008813043
2461578.8988304599 0.9988800988
2461578.8989901822 1.0015478087
2461578.8991499040 0.9988402480
2461578.8993096263 1.0006303931
2461578.8994693486 1.0009565551
2461578.8996290709 0.9996390102
2461578.8997887932 1.0007537144
2461578.8999485155 0.9996280959
2461578.9001082378 0.9999043952
2461578.9002679596 0.9996618039
2461578.9004276819 0.9989838231
2461578.9005874041 0.9996988645
2461578.9007471264 0.9995095365
2461578.9009068487 0.9981809845
2461578.9010665710 0.9997032817
2461578.9012262933 0.9992018426
2461578.9013860151 0.9989125247
2461578.9015457374 1.0015222631
2461578.9017054597 0.9989813132
2461578.9018651820 1.0008801454
2461578.9020249043 1.0000730088
2461578.9021846266 1.0001566731
2461578.9023443488 1.0018864161
2461578.9025040707 0.9993143295
2461578.9026637929 0.9990546065
2461578.9028235152 0.9996148374
2461578.9029832375 1.0002932942
2461578.9031429598 0.9994826268
2461578.9033026821 1.0010565663
2461578.9034624044 0.9998103750
2461578.9036221262 0.9998262048
2461578.9037818485 0.9995579779
2461578.9039415708 1.0008049984
2461578.9041012931 1.0001444699
2461578.9042610154 1.0007435048
2461578.9044207376 0.9993807514
2461578.9045804599 1.0009291767
2461578.9047401818 1.0000461716
2461578.9048999040 1.0011408179
2461578.9050596263 1.0001759450
2461578.9052193486 1.0017760101
2461578.9053790709 1.0005237723
2461578.9055387932 0.9999052546
2461578.9056985155 0.9994297803
2461578.9058582373 1.0012675244
2461578.9060179600 0.9996803084
2461578.9061776819 1.0005341797
2461578.9063374042 1.0009853934
2461578.9064971264 0.9993826443
2461578.9066568487 1.0004037652
2461578.9068165710 1.0009344275
2461578.9069762928 1.0007459218
2461578.9071360156 1.0011245291
2461578.9072957374 0.9996685715
2461578.9074554597 1.0013385032
2461578.9076151820 1.0015728752
2461578.9077749043 0.9994865971
2461578.9079346266 0.9995378840
2461578.9080943484 0.9996108677
2461578.9082540711 1.0001157413
2461578.9084137930 1.0005951365
2461578.9085735152 1.0009863644
2461578.9087332375 1.0005981165
2461578.9088929598 1.0004833949
2461578.9090526821 0.9993998071
2461578.9092124044 1.0009102380
2461578.9093721267 0.9989888147
2461578.9095318485 0.9997893053
2461578.9096915708 1.0003870187
2461578.9098512931 0.9999256379
2461578.9100110154 1.0007031393
2461578.9101707377 0.9995995580
2461578.9103304599 0.9996483803
2461578.9104901822 0.9999480464
2461578.9106499040 1.0006956720
2461578.9108096263 0.9997959975
2461578.9109693486 0.9995466588
2461578.9111290709 1.0004218084
2461578.9112887932 0.9998074726
2461578.9114485155 1.0008214652
2461578.9116082378 1.0015595416
2461578.9117679596 0.9992160993
2461578.9119276819 0.9994126421
2461578.9120874042 1.0002372125
2461578.9122471265 1.0002024399
2461578.9124068487 0.9995716937
2461578.9125665710 0.9999878330
2461578.9127262933 1.0003263772
2461578.9128860151 0.9997911646
2461578.9130457374 0.9999938340
2461578.9132054597 0.9989149284
2461578.9133651820 1.0012242652
2461578.9135249043 0.9993944857
2461578.9136846266 0.9991459954
2461578.9138443489 0.9987208312
2461578.9140040707 1.0001746806
2461578.9141637930 1.0010381188
2461578.9143235153 1.0002883174
2461578.9144832375 1.0002688217
2461578.9146429598 0.9994846799
2461578.9148026821 1.0010207439
2461578.9149624044 1.0002376412
2461578.9151221262 1.0008515404
2461578.9152818485 0.9987826760
2461578.9154415708 1.0002045134
2461578.9156012931 1.0001855825
2461578.9157610154 0.9990200722
2461578.9159207377 0.9990605011
2461578.9160804600 1.0013128118
2461578.9162401818 1.0009977022
2461578.9163999041 1.0005349303
2461578.9165596263 1.0007324423
2461578.9167193486 0.9999551370
2461578.9168790709 0.9989509967
2461578.9170387932 0.9988801879
2461578.9171985155 1.0004623269
2461578.9173582373 1.0006557455
2461578.9175179596 1.0010975069
2461578.9176776819 1.0009572990
2461578.9178374042 1.0004901482
2461578.9179971265 1.0005534229
2461578.9181568488 1.0000363582
2461578.9183165710 0.9993711584
2461578.9184762929 1.0004740415
2461578.9186360152 0.9996348774
2461578.9187957374 0.9993996185
2461578.9189554597 0.9994361785
2461578.9191151820 1.0001232254
2461578.9192749043 0.9983338032
2461578.9194346266 0.9992766661
2461578.9195943484 0.9997450877
2461578.9197540712 0.9997726338
2461578.9199137930 1.0009054081
2461578.9200735153 1.0001574895
2461578.9202332376 1.0002973901
2461578.9203929598 1.0002767958
2461578.9205526821 0.9996881265
2461578.9207124040 0.9995053015
2461578.9208721267 0.9995933889
2461578.9210318485 0.9999302806
2461578.9211915708 0.9992225093
2461578.9213512931 1.0012702416
2461578.9215110154 1.0009943950
2461578.9216707377 0.9999197948
2461578.9218304595 1.0013566895
2461578.9219901823 0.9987925726
2461578.9221499041 0.9996766975
2461578.9223096264 1.0005990068
2461578.9224693486 1.0010135943
2461578.9226290709 0.9991133856
2461578.9227887932 1.0010469030
2461578.9229485150 1.0002200329
2461578.9231082378 0.9989427782
2461578.9232679596 0.9990319181
2461578.9234276819 0.9985912474
2461578.9235874042 1.0001295546
2461578.9237471265 1.0012926665
2461578.9239068488 0.9997164205
2461578.9240665711 0.9998534286
2461578.9242262933 0.9993509685
2461578.9243860152 0.9999390332
2461578.9245457374 0.9995545146
2461578.9247054597 1.0009644299
2461578.9248651820 1.0000672852
2461578.9250249043 0.9993574666
2461578.9251846266 0.9999570578
2461578.9253443489 1.0009242309
2461578.9255040707 1.0007091415
2461578.9256637930 0.9998633233
2461578.9258235153 1.0010730962
2461578.9259832376 1.0001178586
2461578.9261429599 1.0002189872
2461578.9263026821 0.9987664131
2461578.9264624044 0.9997409907
2461578.9266221263 1.0009525718
2461578.9267818485 1.0002729724
2461578.9269415708 0.9996260791
2461578.9271012931 1.0003622426
2461578.9272610154 0.9993891902
2461578.9274207377 1.0003620513
2461578.9275804600 1.0003720123
2461578.9277401818 1.0000180227
2461578.9278999041 0.9999209472
2461578.9280596264 1.0001686615
2461578.9282193487 0.9986025340
2461578.9283790709 0.9990872931
2461578.9285387932 0.9996291350
2461578.9286985155 0.9986029130
2461578.9288582373 0.9993967563
2461578.9290179596 0.9999356610
2461578.9291776819 1.0008627959
2461578.9293374042 0.9996725317
2461578.9294971265 0.9992591859
2461578.9296568488 0.9990501527
2461578.9298165711 0.9997402064
2461578.9299762929 0.9991469881
2461578.9301360152 1.0002245835
2461578.9302957375 0.9997106704
2461578.9304554597 1.0000062186
2461578.9306151820 0.9995289248
2461578.9307749043 0.9997823120
2461578.9309346266 1.0001056418
2461578.9310943484 1.0006223743
2461578.9312540707 0.9991647529
2461578.9314137930 0.9998541072
2461578.9315735153 0.9998287259
2461578.9317332376 1.0000619375
2461578.9318929599 0.9993898755
2461578.9320526822 1.0001879823
2461578.9322124040 0.9993390395
2461578.9323721263 1.0010936972
2461578.9325318485 1.0005077948
2461578.9326915708 0.9993813976
2461578.9328512931 1.0010818440
2461578.9330110154 1.0013303229
2461578.9331707377 1.0000698361
2461578.9333304595 1.0006761751
2461578.9334901823 0.9999390898
2461578.9336499041 0.9991366843
2461578.9338096264 1.0004082448
2461578.9339693487 0.9989827467
2461578.9341290710 1.0004416740
2461578.9342887932 0.9997556183
2461578.9344485151 1.0001540954
2461578.9346082378 0.9999603560
2461578.9347679596 0.9991988896
2461578.9349276819 1.0004624135
2461578.9350874042 0.9999499850
2461578.9352471265 0.9981628622
2461578.9354068488 1.0009051339
2461578.9355665706 0.9996962350
2461578.9357262934 1.0000566875
2461578.9358860152 0.9994918163
2461578.9360457375 1.0011185712
2461578.9362054598 1.0007480217
2461578.9363651820 0.9997221192
2461578.9365249043 0.9992772885
2461578.9366846262 1.0001324433
2461578.9368443489 1.0009939859
2461578.9370040707 0.9982996249
2461578.9371637930 0.9991681875
2461578.9373235153 0.9988467632
2461578.9374832376 0.9992608386
2461578.9376429599 0.9997941850
2461578.9378026822 0.9995120692
2461578.9379624045 0.9994722025
2461578.9381221263 0.9999478098
2461578.9382818486 0.9999830205
2461578.9384415708 1.0004527885
2461578.9386012931 0.9998092700
2461578.9387610154 0.9999489005
2461578.9389207377 1.0007676212
2461578.9390804600 1.0006557061
2461578.9392401818 0.9988544275
2461578.9393999041 1.0001895304
2461578.9395596264 1.0006486694
2461578.9397193487 1.0001317555
2461578.9398790710 0.9998457248
2461578.9400387933 1.0005375272
2461578.9401985155 1.0006063868
2461578.9403582374 1.0010266981
2461578.9405179597 1.0005906325
2461578.9406776819 0.9997473345
2461578.9408374042 0.9997944317
2461578.9409971265 0.9996842271
2461578.9411568488 0.9995621007
2461578.9413165711 0.9994562434
2461578.9414762929 0.9989601500
2461578.9416360152 1.0007713529
2461578.9417957375 0.9996832716
2461578.9419554598 0.9999246971
2461578.9421151821 0.9993382390
2461578.9422749043 1.0006211977
2461578.9424346266 0.9989848035
2461578.9425943485 1.0000471567
2461578.9427540707 0.9991826665
2461578.9429137930 0.9994929582
2461578.9430735153 0.9993984445
2461578.9432332376 1.0001048466
2461578.9433929599 0.9994729308
2461578.9435526822 0.9997764717
2461578.9437124040 0.9989860158
2461578.9438721263 0.9998233032
2461578.9440318486 0.9982830822
2461578.9441915709 1.0002263846
2461578.9443512931 0.9994681137
2461578.9445110154 0.9991150036
2461578.9446707377 1.0004709187
2461578.9448304595 1.0000684540
2461578.9449901818 1.0013182798
2461578.9451499041 0.9998217803
2461578.9453096264 0.9999467170
2461578.9454693487 0.9995975950
2461578.9456290710 0.9998174094
2461578.9457887933 0.9998008910
2461578.9459485151 1.0019715244
2461578.9461082374 0.9997786507
2461578.9462679597 0.9992309957
2461578.9464276819 0.9990603630
2461578.9465874042 0.9996570802
2461578.9467471265 1.0000948537
2461578.9469068488 0.9986853340
2461578.9470665706 1.0004376950
2461578.9472262934 0.9997303392
2461578.9473860152 1.0003527846
2461578.9475457375 1.0009323501
2461578.9477054598 1.0005588063
2461578.9478651821 0.9998955625
2461578.9480249044 0.9997284383
2461578.9481846262 1.0005285487
2461578.9483443489 1.0000723170
2461578.9485040708 0.9993261717
2461578.9486637930 1.0007500029
2461578.9488235153 1.0012381798
2461578.9489832376 1.0000120291
2461578.9491429599 0.9996399627
2461578.9493026817 0.9983348993
2461578.9494624045 1.0009108190
2461578.9496221263 0.9995197278
2461578.9497818486 0.9995044242
2461578.9499415709 1.0005448559
2461578.9501012932 1.0001578493
2461578.9502610154 0.9994257522
2461578.9504207373 0.9990888317
2461578.9505804600 0.9993791327
2461578.9507401818 0.9995904109
2461578.9508999041 0.9989656359
2461578.9510596264 1.0000709941
2461578.9512193487 0.9995115616
2461578.9513790710 1.0008223830
2461578.9515387933 1.0012192587
2461578.9516985156 1.0004442605
2461578.9518582374 0.9995641016
2461578.9520179597 1.0008278076
2461578.9521776820 1.0005662649
2461578.9523374042 0.9991031702
2461578.9524971265 1.0004732693
2461578.9526568488 1.0004322395
2461578.9528165711 1.0001245397
2461578.9529762929 1.0005600941
2461578.9531360152 0.9993506598
2461578.9532957375 0.9994677692
2461578.9534554598 1.0002023169
2461578.9536151821 1.0008829551
2461578.9537749044 0.9990025556
2461578.9539346267 1.0005485143
2461578.9540943485 0.9988953594
2461578.9542540708 1.0002224861
2461578.9544137930 1.0009294560
2461578.9545735153 1.0000616635
2461578.9547332376 1.0001155017
2461578.9548929599 1.0011480751
2461578.9550526822 1.0006252827
2461578.9552124040 0.9997320307
2461578.9553721263 0.9998755201
2461578.9555318486 0.9979302661
2461578.9556915709 1.0003147798
2461578.9558512932 1.0009904541
2461578.9560110155 1.0015595965
2461578.9561707377 0.9997238778
2461578.9563304596 0.9993543086
2461578.9564901819 0.9999083431
2461578.9566499041 0.9993314540
2461578.9568096264 0.9996198645
2461578.9569693487 1.0001790495
2461578.9571290710 0.9997273265
2461578.9572887933 1.0002967482
2461578.9574485151 1.0005822550
2461578.9576082374 1.0000976268
2461578.9577679597 1.0002933822
2461578.9579276820 0.9984047765
2461578.9580874043 0.9993205404
2461578.9582471265 0.9991109530
2461578.9584068488 1.0002196060
2461578.9585665707 0.9990646922
2461578.9587262929 1.0004332559
2461578.9588860152 0.9998645467
2461578.9590457375 0.9998087901
2461578.9592054598 0.9994005977
2461578.9593651821 0.9988923376
2461578.9595249044 0.9999392434
2461578.9596846262 0.9994244096
2461578.9598443485 0.9998763284
2461578.9600040708 1.0003667774
2461578.9601637931 0.9995505889
2461578.9603235153 0.9989548513
2461578.9604832376 0.9996815237
2461578.9606429599 0.9986957224
2461578.9608026817 1.0006400778
2461578.9609624045 0.9997549759
2461578.9611221263 1.0002660743
2461578.9612818486 0.9997748583
2461578.9614415709 1.0000853269
2461578.9616012932 0.9998729024
2461578.9617610155 1.0002149756
2461578.9619207373 0.9993529888
2461578.9620804600 1.0000785011
2461578.9622401819 0.9998766285
2461578.9623999042 1.0000920154
2461578.9625596264 0.9997288888
2461578.9627193487 0.9994172416
2461578.9628790710 1.0000660697
2461578.9630387928 1.0000030126
2461578.9631985156 1.0001705799
2461578.9633582374 1.0009981131
2461578.9635179597 0.9992491809
2461578.9636776820 0.9998340206
2461578.9638374043 0.9990876338
2461578.9639971266 0.9999697551
2461578.9641568484 0.9999914444
2461578.9643165711 0.9995492768
2461578.9644762930 0.9995100522
2461578.9646360152 0.9993707698
2461578.9647957375 0.9999118450
2461578.9649554598 1.0002808823
2461578.9651151821 1.0001305386
2461578.9652749044 1.0011602134
2461578.9654346267 0.9992600100
2461578.9655943485 0.9999578944
2461578.9657540708 1.0014719153
2461578.9659137931 1.0010218331
2461578.9660735154 0.9994272300
2461578.9662332376 1.0009728158
2461578.9663929599 0.9995958038
2461578.9665526822 1.0015936110
2461578.9667124040 1.0004667479
2461578.9668721263 1.0003364636
2461578.9670318486 1.0001218770
2461578.9671915709 0.9998576194
2461578.9673512932 1.0007220014
2461578.9675110155 1.0000070922
2461578.9676707378 1.0006337453
2461578.9678304596 1.0008208176
2461578.9679901819 0.9998426956
2461578.9681499042 0.9998507856
2461578.9683096264 1.0004718225
2461578.9684693487 1.0026388117
2461578.9686290710 1.0003172611
2461578.9687887933 0.9994145365
2461578.9689485151 0.9995790122
2461578.9691082374 1.0006494508
2461578.9692679597 0.9995102103
2461578.9694276820 1.0003346823
2461578.9695874043 1.0003434310
2461578.9697471266 1.0009013099
2461578.9699068489 1.0011841190
2461578.9700665707 0.9994954793
2461578.9702262930 1.0005346404
2461578.9703860153 0.9997585838
2461578.9705457375 0.9985829652
2461578.9707054598 1.0001388673
2461578.9708651821 1.0002075867
2461578.9710249044 1.0006428528
2461578.9711846262 0.9994269443
2461578.9713443485 0.9994245883
2461578.9715040708 1.0005729554
2461578.9716637931 0.9999416771
2461578.9718235154 1.0009848148
2461578.9719832377 1.0009312648
2461578.9721429599 0.9998616402
2461578.9723026818 0.9994436108
2461578.9724624041 0.9991395961
2461578.9726221263 1.0002600399
2461578.9727818486 0.9997029266
2461578.9729415709 1.0003468139
2461578.9731012932 1.0008479191
2461578.9732610155 1.0001458337
2461578.9734207373 1.0003978433
2461578.9735804596 1.0008983678
2461578.9737401819 1.0009624210
2461578.9738999042 1.0013923068
2461578.9740596265 1.0006287542
2461578.9742193487 0.9999316874
2461578.9743790710 1.0002533972
2461578.9745387929 0.9998747795
2461578.9746985156 0.9991964020
2461578.9748582374 0.9995530573
2461578.9750179597 1.0015257443
2461578.9751776820 0.9996611877
2461578.9753374043 0.9999612421
2461578.9754971266 0.9998235247
2461578.9756568484 0.9994940989
2461578.9758165712 0.9989410020
2461578.9759762930 0.9999682012
2461578.9761360153 0.9992164024
2461578.9762957375 0.9998154788
2461578.9764554598 0.9993329757
2461578.9766151821 1.0003824506
2461578.9767749039 1.0005270611
2461578.9769346267 0.9996721917
2461578.9770943485 0.9986631313
2461578.9772540708 0.9998552794
2461578.9774137931 1.0013324328
2461578.9775735154 0.9998861837
2461578.9777332377 1.0001268038
2461578.9778929595 1.0008935651
2461578.9780526822 0.9999960963
2461578.9782124041 0.9990734619
2461578.9783721264 1.0007708543
2461578.9785318486 0.9992103924
2461578.9786915709 0.9997744936
2461578.9788512932 1.0000271131
2461578.9790110155 0.9990170899
2461578.9791707378 0.9986801526
2461578.9793304596 0.9995761205
2461578.9794901819 1.0008634821
2461578.9796499042 1.0003698147
2461578.9798096265 0.9998837055
2461578.9799693488 1.0009879228
2461578.9801290710 1.0000267166
2461578.9802887933 1.0002107315
2461578.9804485152 1.0003990117
2461578.9806082374 0.9998720160
2461578.9807679597 0.9996492610
2461578.9809276820 0.9986950898
2461578.9810874043 1.0012491373
2461578.9812471266 1.0000785656
2461578.9814068489 1.0006458440
2461578.9815665707 1.0004474921
2461578.9817262930 1.0007133600
2461578.9818860153 1.0012036330
2461578.9820457376 0.9984365531
2461578.9822054598 1.0002584643
2461578.9823651821 0.9993641119
2461578.9825249044 1.0001672540
2461578.9826846262 1.0001823418
2461578.9828443485 0.9990679077
2461578.9830040708 0.9989589069
2461578.9831637931 0.9996834484
2461578.9833235154 1.0001479352
2461578.9834832377 1.0003173293
2461578.9836429600 0.9999959441
2461578.9838026818 0.9992186532
2461578.9839624041 0.9982841760
2461578.9841221264 1.0003453107
2461578.9842818487 0.9997431635
2461578.9844415709 1.0006908745
2461578.9846012932 0.9998907208
2461578.9847610155 1.0006482485
2461578.9849207373 0.9987170575
2461578.9850804596 1.0009759334
2461578.9852401819 1.0001135199
2461578.9853999042 1.0008076984
2461578.9855596265 0.9994897667
2461578.9857193488 0.9995294161
2461578.9858790711 1.0000245005
2461578.9860387929 1.0000958481
2461578.9861985152 1.0001803283
2461578.9863582375 0.9993321454
2461578.9865179597 1.0007809676
2461578.9866776820 1.0007244810
2461578.9868374043 1.0004043298
2461578.9869971266 0.9997463231
2461578.9871568484 1.0012915922
2461578.9873165707 0.9997494379
2461578.9874762930 1.0003969966
2461578.9876360153 0.9988302151
2461578.9877957376 1.0001793360
2461578.9879554599 0.9995117479
2461578.9881151821 0.9999959854
2461578.9882749040 0.9999454763
2461578.9884346267 0.9992695140
2461578.9885943485 1.0001645510
2461578.9887540708 0.9997716707
2461578.9889137931 1.0001869885
2461578.9890735154 1.0009592835
2461578.9892332377 1.0012548766
2461578.9893929595 0.9999006036
2461578.9895526823 1.0022237573
2461578.9897124041 0.9986061973
2461578.9898721264 0.9999262388
2461578.9900318487 0.9995842540
2461578.9901915709 0.9980368702
2461578.9903512932 1.0008569911
2461578.9905110151 0.9989559732
2461578.9906707378 1.0002201041
2461578.9908304596 0.9998016473
2461578.9909901819 1.0007656188
2461578.9911499042 0.9998079727
2461578.9913096265 1.0003982498
2461578.9914693488 1.0007605367
2461578.9916290706 0.9993424007
2461578.9917887934 0.9999390202
2461578.9919485152 1.0006425778
2461578.9921082375 0.9998602035
2461578.9922679598 1.0008650801
2461578.9924276820 0.9994441304
2461578.9925874043 0.9999657588
2461578.9927471266 0.9988167067
2461578.9929068489 0.9998777992
2461578.9930665707 1.0002529504
2461578.9932262930 0.9995654368
2461578.9933860153 1.0003663124
2461578.9935457376 1.0003180320
2461578.9937054599 0.9994548926
2461578.9938651822 1.0000003962
2461578.9940249044 0.9989666501
2461578.9941846263 0.9997681455
2461578.9943443486 0.9993805252
2461578.9945040708 1.0001548000
2461578.9946637931 0.9997327473
2461578.9948235154 1.0004866313
2461578.9949832377 1.0008681195
2461578.9951429600 1.0003483912
2461578.9953026818 0.9991447257
2461578.9954624041 0.9988377817
2461578.9956221264 1.0003577839
2461578.9957818487 0.9997585933
2461578.9959415710 0.9992814171
2461578.9961012932 1.0010902977
2461578.9962610155 0.9996837612
2461578.9964207374 1.0004244979
2461578.9965804596 1.0002253200
2461578.9967401819 0.9994242183
2461578.9968999042 0.9989529988
2461578.9970596265 1.0001626331
2461578.9972193488 0.9999140138
2461578.9973790711 0.9993685292
2461578.9975387929 0.9989536836
2461578.9976985152 1.0000250348
2461578.9978582375 0.9994882613
2461578.9980179598 0.9994606044
2461578.9981776820 1.0001984032
2461578.9983374043 1.0000798535
2461578.9984971266 0.9998948994
2461578.9986568484 1.0007702185
2461578.9988165707 0.9988332598
2461578.9989762930 1.0003665282
2461578.9991360153 1.0000935701
2461578.9992957376 1.0000005928
2461578.9994554599 1.0002695626
2461578.9996151822 0.9984832462
2461578.9997749040 0.9991645560
2461578.9999346263 0.9992511217
2461579.0000943486 1.0007127026
2461579.0002540709 0.9989730169
2461579.0004137931 1.0006564378
2461579.0005735154 0.9997058284
2461579.0007332377 1.0007387040
2461579.0008929595 1.0001536031
2461579.0010526818 1.0004675001
2461579.0012124041 1.0007305791
2461579.0013721264 0.9992837161
2461579.0015318487 1.0000087419
2461579.0016915710 1.0006444105
2461579.0018512933 0.9976283658
2461579.0020110151 1.0018562597
2461579.0021707374 1.0006551401
2461579.0023304597 0.9998644681
2461579.0024901819 1.0005148435
2461579.0026499042 0.9997377686
2461579.0028096265 1.0016643419
2461579.0029693488 0.9987737260
2461579.0031290706 0.9998226168
2461579.0032887934 0.9986888813
2461579.0034485152 0.9995079455
2461579.0036082375 0.9990002770
2461579.0037679598 1.0006773458
2461579.0039276821 1.0004690216
2461579.0040874043 0.9992941546
2461579.0042471262 0.9998799919
2461579.0044068489 0.9996032222
2461579.0045665707 1.0000879036
2461579.0047262930 0.9997918108
2461579.0048860153 1.0003798498
2461579.0050457376 1.0003250631
2461579.0052054599 0.9990284581
2461579.0053651817 0.9995945862
2461579.0055249045 1.0004691318
2461579.0056846263 1.0006655607
2461579.0058443486 1.0000350724
2461579.0060040709 0.9996760780
2461579.0061637932 0.9995426479
2461579.0063235154 1.0002271073
2461579.0064832377 1.0000376075
2461579.0066429600 1.0005636064
2461579.0068026818 0.9985523382
2461579.0069624041 0.9989504450
2461579.0071221264 1.0001277468
2461579.0072818487 1.0009413399
2461579.0074415710 1.0000387688
2461579.0076012933 0.9991813896
2461579.0077610156 1.0006743179
2461579.0079207374 1.0003872740
2461579.0080804597 0.9993715159
2461579.0082401820 0.9997888267
2461579.0083999042 0.9990227373
2461579.0085596265 0.9998387035
2461579.0087193488 1.0001526724
2461579.0088790711 1.0009822609
2461579.0090387929 0.9996347094
2461579.0091985152 1.0005178093
2461579.0093582375 1.0000294656
2461579.0095179598 1.0000437230
2461579.0096776821 1.0008835478
2461579.0098374044 0.9998171051
2461579.0099971266 0.9991556664
2461579.0101568485 0.9995216337
2461579.0103165708 0.9989332793
2461579.0104762930 1.0002962333
2461579.0106360153 1.0004289079
2461579.0107957376 1.0002781014
2461579.0109554599 0.9997857765
2461579.0111151822 1.0009395310
2461579.0112749040 1.0010113180
2461579.0114346263 0.9990496564
2461579.0115943486 0.9993554264
2461579.0117540709 1.0014373129
2461579.0119137932 1.0005716417
2461579.0120735154 1.0004539544
2461579.0122332377 0.9998649577
2461579.0123929596 1.0004781780
2461579.0125526818 0.9995623636
2461579.0127124041 1.0003015331
2461579.0128721264 0.9996107755
2461579.0130318487 1.0009102367
2461579.0131915710 0.9998399295
2461579.0133512933 1.0000797799
2461579.0135110151 1.0000085563
2461579.0136707374 0.9999149575
2461579.0138304597 1.0002206608
2461579.0139901820 1.0013142052
2461579.0141499043 1.0007210663
2461579.0143096265 0.9986046554
2461579.0144693488 0.9998663722
2461579.0146290706 1.0005095632
2461579.0147887929 0.9986321634
2461579.0149485152 1.0009028950
2461579.0151082375 0.9994914419
2461579.0152679598 0.9999775413
2461579.0154276821 0.9990176595
2461579.0155874044 0.9990495150
2461579.0157471262 1.0007401187
2461579.0159068485 1.0005198348
2461579.0160665708 1.0003827452
2461579.0162262931 0.9990004018
2461579.0163860153 0.9992202651
2461579.0165457376 1.0003387540
2461579.0167054599 0.9999451190
2461579.0168651817 1.0011387405
2461579.0170249045 1.0000980057
2461579.0171846263 1.0015932399
2461579.0173443486 0.9998021410
2461579.0175040709 1.0000529761
2461579.0176637932 1.0005097355
2461579.0178235155 0.9994351900
2461579.0179832373 1.0001247881
2461579.0181429600 0.9995491444
2461579.0183026819 1.0013396412
2461579.0184624041 1.0000859300
2461579.0186221264 1.0007971950
2461579.0187818487 0.9983403625
2461579.0189415710 0.9996158471
2461579.0191012928 0.9985487704
2461579.0192610156 1.0000845183
2461579.0194207374 1.0006034795
2461579.0195804597 1.0000107452
2461579.0197401820 0.9990122951
2461579.0198999043 1.0009365713
2461579.0200596265 0.9996125630
2461579.0202193488 0.9999697866
2461579.0203790711 0.9996962707
2461579.0205387929 1.0004245106
2461579.0206985152 1.0013044301
2461579.0208582375 0.9992798346
2461579.0210179598 1.0009589559
2461579.0211776821 0.9995204778
2461579.0213374044 1.0004968847
2461579.0214971267 1.0003398744
2461579.0216568485 1.0003114580
2461579.0218165708 0.9991505582
2461579.0219762931 1.0000769486
2461579.0221360154 0.9996599612
2461579.0222957376 0.9999167724
2461579.0224554599 0.9994758439
2461579.0226151822 1.0006333631
2461579.0227749040 1.0006103048
2461579.0229346263 0.9999242003
2461579.0230943486 0.9997067419
2461579.0232540709 0.9997852598
2461579.0234137932 0.9989145517
2461579.0235735155 0.9996166758
2461579.0237332378 1.0006569295
2461579.0238929596 1.0002965789
2461579.0240526819 0.9999714143
2461579.0242124042 1.0004889883
2461579.0243721264 0.9999822123
2461579.0245318487 1.0009827016
2461579.0246915710 1.0002657520
2461579.0248512933 0.9992633847
2461579.0250110151 0.9998273031
2461579.0251707374 1.0003854743
2461579.0253304597 1.0005914959
2461579.0254901820 0.9993658071
2461579.0256499043 1.0010835601
2461579.0258096266 0.9992427319
2461579.0259693488 1.0002045671
2461579.0261290707 1.0010253109
2461579.0262887930 0.9981390389
2461579.0264485152 1.0021489085
2461579.0266082375 1.0005794045
2461579.0267679598 0.9983775673
2461579.0269276821 1.0007388206
2461579.0270874044 0.9996212390
2461579.0272471262 0.9995439710
2461579.0274068485 1.0008960393
2461579.0275665708 1.0000743734
2461579.0277262931 0.9993139083
2461579.0278860154 1.0004699153
2461579.0280457377 0.9990088370
2461579.0282054599 1.0007908213
2461579.0283651818 0.9999058679
2461579.0285249040 0.9999832804
2461579.0286846263 0.9993635139
2461579.0288443486 1.0005195755
2461579.0290040709 1.0003325581
2461579.0291637932 1.0000452656
2461579.0293235155 0.9997785370
2461579.0294832373 0.9995450655
2461579.0296429596 1.0007000449
2461579.0298026819 1.0005125845
2461579.0299624042 0.9995932499
2461579.0301221265 0.9990607059
2461579.0302818487 0.9996893063
2461579.0304415710 1.0005617446
2461579.0306012928 1.0004949497
2461579.0307610156 0.9982665578
2461579.0309207374 0.9998314351
2461579.0310804597 1.0014854633
2461579.0312401820 1.0011957518
2461579.0313999043 0.9992658857
2461579.0315596266 0.9998024423
2461579.0317193484 0.9997116581
2461579.0318790711 0.9996254848
2461579.0320387930 1.0002984631
2461579.0321985153 0.9995764959
2461579.0323582375 1.0003720297
2461579.0325179598 1.0002312324
2461579.0326776821 1.0001480737
2461579.0328374039 1.0000409576
2461579.0329971267 1.0005570486
2461579.0331568485 0.9986561028
2461579.0333165708 0.9990518211
2461579.0334762931 1.0008587631
2461579.0336360154 1.0003242393
2461579.0337957377 0.9991685328
2461579.0339554599 0.9988369183
2461579.0341151822 0.9999621302
2461579.0342749041 0.9996890470
2461579.0344346263 0.9999116398
2461579.0345943486 1.0001835561
2461579.0347540709 0.9995182930
2461579.0349137932 1.0002133142
2461579.0350735155 1.0002490866
2461579.0352332378 1.0003282848
2461579.0353929596 0.9999975558
2461579.0355526819 1.0010118928
2461579.0357124042 1.0005081997
2461579.0358721265 0.9999149914
2461579.0360318488 1.0007166026
2461579.0361915710 1.0001202388
2461579.0363512933 1.0006748277
2461579.0365110151 1.0007561258
2461579.0366707374 1.0010891489
2461579.0368304597 0.9998183508
2461579.0369901820 0.9992271662
2461579.0371499043 0.9989660756
2461579.0373096266 0.9995102742
2461579.0374693489 1.0005168322
2461579.0376290707 1.0004246010
2461579.0377887930 1.0012481372
2461579.0379485153 1.0000127741
2461579.0381082376 0.9996976502
2461579.0382679598 0.9997805568
2461579.0384276821 1.0000824057
2461579.0385874044 1.0003969254
2461579.0387471262 0.9994971014
2461579.0389068485 1.0006722697
2461579.0390665708 0.9993649140
2461579.0392262931 1.0007444286
2461579.0393860154 1.0005477686
2461579.0395457377 0.9992467368
2461579.0397054600 1.0000181700
2461579.0398651818 0.9998940655
2461579.0400249041 1.0009908060
2461579.0401846264 1.0001865474
2461579.0403443486 0.9998067837
2461579.0405040709 1.0003203505
2461579.0406637932 1.0000194860
2461579.0408235155 1.0001441376
2461579.0409832373 1.0007960572
2461579.0411429596 0.9999513289
2461579.0413026819 0.9983774781
2461579.0414624042 0.9988189988
2461579.0416221265 1.0005734422
2461579.0417818488 1.0007281773
2461579.0419415710 0.9999972747
2461579.0421012929 1.0007888470
2461579.0422610152 1.0008495398
2461579.0424207374 0.9991995990
2461579.0425804597 1.0005611399
2461579.0427401820 0.9999429328
2461579.0428999043 1.0004225243
2461579.0430596266 1.0002224260
2461579.0432193484 1.0005967691
2461579.0433790707 0.9993541958
2461579.0435387930 0.9997250161
2461579.0436985153 0.9987886701
2461579.0438582376 1.0006941562
2461579.0440179599 0.9993387824
2461579.0441776821 1.0008162801
2461579.0443374040 0.9991211131
2461579.0444971267 0.9992591214
2461579.0446568485 0.9992440357
2461579.0448165708 1.0000185597
2461579.0449762931 1.0004052499
2461579.0451360154 1.0009424348
2461579.0452957377 1.0001069759
2461579.0454554595 0.9998737212
2461579.0456151823 0.9996977412
2461579.0457749041 0.9995850162
2461579.0459346264 0.9995772012
2461579.0460943487 1.0007355540
2461579.0462540709 0.9999319387
2461579.0464137932 1.0005634729
2461579.0465735151 0.9988778728
2461579.0467332378 1.0002139000
2461579.0468929596 1.0011236740
2461579.0470526819 0.9988503904
2461579.0472124042 1.0000828023
2461579.0473721265 0.9998780255
2461579.0475318488 0.9994354799
2461579.0476915711 0.9990665399
2461579.0478512933 0.9987836244
2461579.0480110152 0.9997830134
2461579.0481707375 0.9999466808
2461579.0483304597 0.9992718999
2461579.0484901820 0.9986566672
2461579.0486499043 0.9992738150
2461579.0488096266 1.0007211871
2461579.0489693489 0.9997710791
2461579.0491290707 1.0019939929
2461579.0492887930 1.0019062605
2461579.0494485153 1.0001123554
2461579.0496082376 0.9998047797
2461579.0497679599 1.0003019656
2461579.0499276822 0.9994220932
2461579.0500874044 1.0009671861
2461579.0502471263 0.9990755729
2461579.0504068485 1.0006477703
2461579.0505665708 1.0000009514
2461579.0507262931 1.0004642546
2461579.0508860154 0.9999738641
2461579.0510457377 0.9997120001
2461579.0512054600 1.0001912089
2461579.0513651818 0.9993976577
2461579.0515249041 1.0002535258
2461579.0516846264 0.9995195538
2461579.0518443487 0.9996497406
2461579.0520040710 0.9986748211
2461579.0521637932 1.0012060150
2461579.0523235155 0.9991719007
2461579.0524832373 0.9987138772
2461579.0526429596 0.9995500475
2461579.0528026819 1.0006598278
2461579.0529624042 0.9992306150
2461579.0531221265 1.0004787789
2461579.0532818488 1.0005951491
2461579.0534415711 1.0000744256
2461579.0536012929 1.0000200173
2461579.0537610152 0.9989113338
2461579.0539207375 0.9997587291
2461579.0540804598 1.0005150258
2461579.0542401820 1.0000769131
2461579.0543999043 1.0003808187
2461579.0545596266 1.0007709080
2461579.0547193484 1.0004235949
2461579.0548790707 1.0003839250
2461579.0550387930 1.0001514625
2461579.0551985153 1.0004910674
2461579.0553582376 1.0005028885
2461579.0555179599 0.9999321776
2461579.0556776822 1.0004548642
2461579.0558374040 1.0012295543
2461579.0559971263 0.9998232534
2461579.0561568486 0.9996297605
2461579.0563165708 1.0006088037
2461579.0564762931 1.0001228029
2461579.0566360154 0.9998528708
2461579.0567957377 0.9994516077
2461579.0569554595 1.0001518906
2461579.0571151818 0.9995650537
2461579.0572749041 0.9998572857
2461579.0574346264 1.0002404362
2461579.0575943487 0.9991152385
2461579.0577540710 1.0002546945
2461579.0579137933 0.9997041638
2461579.0580735151 0.9998589139
2461579.0582332378 1.0009501769
2461579.0583929596 1.0004897358
2461579.0585526819 0.9996384593
2461579.0587124042 0.9996171762
2461579.0588721265 1.0010212175
2461579.0590318488 1.0009312567
2461579.0591915706 1.0005187662
2461579.0593512934 0.9996626721
2461579.0595110152 1.0001353977
2461579.0596707375 0.9991870936
2461579.0598304598 0.9995616075
2461579.0599901821 0.9999132228
2461579.0601499043 1.0002715964
2461579.0603096262 0.9990612819
2461579.0604693489 0.9997833943
2461579.0606290707 0.9999173155
2461579.0607887930 0.9995785207
2461579.0609485153 0.9997336518
2461579.0611082376 0.9998148806
2461579.0612679599 0.9990019635
2461579.0614276822 1.0002980135
2461579.0615874045 1.0005677224
2461579.0617471263 0.9999085160
2461579.0619068486 0.9995776373
2461579.0620665709 1.0010050060
2461579.0622262931 0.9988763008
2461579.0623860154 0.9993441474
2461579.0625457377 0.9995373355
2461579.0627054600 0.9995336630
2461579.0628651818 0.9988133663
2461579.0630249041 1.0008186638
2461579.0631846264 0.9993684127
2461579.0633443487 1.0004038659
2461579.0635040710 1.0005285479
2461579.0636637933 0.9997824442
2461579.0638235155 1.0005523835
2461579.0639832374 1.0003747881
2461579.0641429597 1.0000187728
2461579.0643026819 0.9996688075
2461579.0644624042 1.0006304785
2461579.0646221265 0.9992837500
2461579.0647818488 1.0002200670
2461579.0649415711 1.0002337621
2461579.0651012929 0.9990802904
2461579.0652610152 0.9994315740
2461579.0654207375 1.0003395099
2461579.0655804598 1.0005650074
2461579.0657401821 0.9979894248
2461579.0658999044 0.9991669542
2461579.0660596266 0.9990906140
2461579.0662193485 1.0006418864
2461579.0663790707 1.0006594808
2461579.0665387930 0.9988252542
2461579.0666985153 0.9999139019
2461579.0668582376 0.9987646911
2461579.0670179599 1.0001313702
2461579.0671776822 0.9992355769
2461579.0673374040 0.9994776107
2461579.0674971263 0.9994764917
2461579.0676568486 0.9996652895
2461579.0678165709 0.9994859926
2461579.0679762932 1.0003289385
2461579.0681360154 0.9994196753
2461579.0682957377 1.0001947599
2461579.0684554596 0.9988119519
2461579.0686151818 1.0003291257
2461579.0687749041 0.9995667129
2461579.0689346264 0.9992899788
2461579.0690943487 1.0001721657
2461579.0692540710 0.9992788890
2461579.0694137933 1.0006129578
2461579.0695735151 0.9997164146
2461579.0697332374 0.9990323707
2461579.0698929597 0.9994743972
2461579.0700526820 1.0013597782
2461579.0702124042 1.0001001382
2461579.0703721265 0.9998053404
2461579.0705318488 0.9987395583
2461579.0706915706 0.9998607565
2461579.0708512929 0.9996648066
2461579.0710110152 1.0002442508
2461579.0711707375 1.0012566581
2461579.0713304598 1.0003446141
2461579.0714901821 1.0005155236
2461579.0716499044 0.9991688033
2461579.0718096262 0.9995549598
2461579.0719693489 1.0006622532
2461579.0721290708 0.9989314433
2461579.0722887930 0.9993199715
2461579.0724485153 1.0003823860
2461579.0726082376 1.0000202016
2461579.0727679599 0.9986859942
2461579.0729276817 1.0006545994
2461579.0730874045 1.0001719377
2461579.0732471263 0.9990866998
2461579.0734068486 0.9997399342
2461579.0735665709 0.9996679038
2461579.0737262932 1.0009599785
2461579.0738860155 1.0006930840
2461579.0740457373 1.0010875258
2461579.0742054600 0.9998573523
2461579.0743651818 1.0002024449
2461579.0745249041 0.9991146955
2461579.0746846264 1.0002521692
2461579.0748443487 1.0005907272
2461579.0750040710 0.9999152115
2461579.0751637933 1.0000207320
2461579.0753235156 1.0004952107
2461579.0754832374 0.9990732263
2461579.0756429597 1.0011781838
2461579.0758026820 0.9994625606
2461579.0759624043 1.0000009886
2461579.0761221265 1.0000973779
2461579.0762818488 1.0006891990
2461579.0764415711 1.0000159044
2461579.0766012929 0.9998967526
2461579.0767610152 1.0007928300
2461579.0769207375 1.0004870719
2461579.0770804598 1.0008075421
2461579.0772401821 0.9999472106
2461579.0773999044 0.9991009386
2461579.0775596267 0.9999772278
2461579.0777193485 1.0003894165
2461579.0778790708 1.0006648123
2461579.0780387931 1.0001909045
2461579.0781985153 1.0001834511
2461579.0783582376 0.9999992172
2461579.0785179599 0.9998354603
2461579.0786776822 1.0005605308
2461579.0788374040 1.0002565851
2461579.0789971263 0.9993015595
2461579.0791568486 0.9988774595
2461579.0793165709 1.0005017104
2461579.0794762932 1.0004804727
2461579.0796360155 1.0000718030
2461579.0797957378 0.9997930175
2461579.0799554596 1.0007320341
2461579.0801151819 0.9992596867
2461579.0802749041 1.0001655462
2461579.0804346264 0.9999923303
2461579.0805943487 1.0009646574
2461579.0807540710 0.9992850058
