2461380.6515527084 0.9968952548
2461380.6517124306 0.9968250853
2461380.6518721529 0.9982220499
2461380.6520318752 0.9965159880
2461380.6521915970 0.9964897113
2461380.6523513193 0.9978129548
2461380.6525110416 0.9957157969
2461380.6526707639 0.9961532797
2461380.6528304862 0.9972287320
2461380.6529902085 0.9972495646
2461380.6531499308 0.9971261289
2461380.6533096526 0.9967525006
2461380.6534693749 0.9974298521
2461380.6536290972 0.9985327258
2461380.6537888194 0.9986522384
2461380.6539485417 0.9982784284
2461380.6541082640 0.9976412245
2461380.6542679863 0.9980480042
2461380.6544277081 0.9976152167
2461380.6545874304 0.9987655534
2461380.6547471527 0.9976632928
2461380.6549068750 0.9991192772
2461380.6550665973 0.9986857989
2461380.6552263196 0.9982458977
2461380.6553860418 0.9980900006
2461380.6555457637 0.9977896287
2461380.6557054860 0.9983716675
2461380.6558652082 0.9979731499
2461380.6560249305 0.9990502958
2461380.6561846528 0.9994123535
2461380.6563443751 0.9996123802
2461380.6565040974 0.9978808860
2461380.6566638192 0.9986999545
2461380.6568235415 0.9990598903
2461380.6569832638 0.9992257995
2461380.6571429861 0.9984476115
2461380.6573027084 0.9989528076
2461380.6574624307 0.9993100705
2461380.6576221529 0.9988865040
2461380.6577818748 0.9989981786
2461380.6579415970 0.9993899387
2461380.6581013193 0.9986747943
2461380.6582610416 0.9989992063
2461380.6584207639 0.9981764647
2461380.6585804862 0.9992355903
2461380.6587402085 0.9995871625
2461380.6588999303 0.9986092861
2461380.6590596526 1.0003403421
2461380.6592193749 0.9993497022
2461380.6593790972 0.9987820902
2461380.6595388195 0.9989616217
2461380.6596985417 0.9989182839
2461380.6598582640 0.9975727165
2461380.6600179859 0.9990556683
2461380.6601777081 0.9980638744
2461380.6603374304 0.9988594028
2461380.6604971527 1.0004113531
2461380.6606568750 0.9992340843
2461380.6608165973 0.9998437988
2461380.6609763196 0.9989346523
2461380.6611360414 0.9991572507
2461380.6612957637 0.9981881014
2461380.6614554860 0.9984384275
2461380.6616152083 0.9986954747
2461380.6617749305 0.9989096726
2461380.6619346528 0.9995885283
2461380.6620943751 0.9991200551
2461380.6622540969 0.9991745387
2461380.6624138197 0.9997769067
2461380.6625735415 0.9993553413
2461380.6627332638 0.9988106889
2461380.6628929861 0.9985877466
2461380.6630527084 0.9992148783
2461380.6632124307 0.9995892802
2461380.6633721525 1.0002942422
2461380.6635318752 0.9989052003
2461380.6636915971 0.9990149660
2461380.6638513193 0.9996108844
2461380.6640110416 0.9997287698
2461380.6641707639 0.9991661947
2461380.6643304862 1.0009623637
2461380.6644902080 1.0003064727
2461380.6646499308 0.9993310091
2461380.6648096526 0.9983130199
2461380.6649693749 0.9987831989
2461380.6651290972 0.9996812604
2461380.6652888195 0.9991468660
2461380.6654485418 0.9993650238
2461380.6656082636 0.9994082253
2461380.6657679863 0.9993313175
2461380.6659277081 1.0000769052
2461380.6660874304 0.9989419210
2461380.6662471527 1.0003814037
2461380.6664068750 0.9991461522
2461380.6665665973 0.9994461464
2461380.6667263196 0.9999032405
2461380.6668860419 1.0002607419
2461380.6670457637 1.0000133328
2461380.6672054860 0.9999335900
2461380.6673652083 0.9989258272
2461380.6675249306 0.9998215466
2461380.6676846528 0.9997613874
2461380.6678443751 0.9994796381
2461380.6680040974 0.9996289391
2461380.6681638192 0.9993573405
2461380.6683235415 1.0002806540
2461380.6684832638 0.9991661016
2461380.6686429861 1.0002951744
2461380.6688027084 1.0006815023
2461380.6689624307 0.9994483734
2461380.6691221530 1.0005559707
2461380.6692818748 0.9987475855
2461380.6694415971 0.9997113217
2461380.6696013194 1.0003652726
2461380.6697610416 0.9984787812
2461380.6699207639 0.9990304406
2461380.6700804862 0.9989720654
2461380.6702402085 1.0004658044
2461380.6703999303 0.9991581807
2461380.6705596526 1.0003382881
2461380.6707193749 1.0002090539
2461380.6708790972 0.9991101908
2461380.6710388195 1.0012062580
2461380.6711985418 0.9995180375
2461380.6713582641 0.9994146575
2461380.6715179859 0.9991734069
2461380.6716777082 1.0001928304
2461380.6718374304 0.9992425156
2461380.6719971527 0.9999326295
2461380.6721568750 0.9992845860
2461380.6723165973 1.0001048473
2461380.6724763196 1.0005889668
2461380.6726360414 1.0003528803
2461380.6727957637 1.0000176109
2461380.6729554860 0.9993546692
2461380.6731152083 0.9985561355
2461380.6732749306 0.9994318587
2461380.6734346529 1.0003214847
2461380.6735943751 1.0004269788
2461380.6737540970 0.9995995034
2461380.6739138192 1.0008162127
2461380.6740735415 0.9986615920
2461380.6742332638 1.0012294705
2461380.6743929861 1.0002578852
2461380.6745527084 1.0001794502
2461380.6747124307 0.9983046570
2461380.6748721525 0.9999863095
2461380.6750318748 0.9993335472
2461380.6751915971 1.0006830575
2461380.6753513194 0.9994860332
2461380.6755110417 0.9998656597
2461380.6756707639 0.9988762162
2461380.6758304862 0.9997074899
2461380.6759902081 1.0011554377
2461380.6761499308 0.9985559320
2461380.6763096526 0.9991247542
2461380.6764693749 1.0000613884
2461380.6766290972 0.9997999175
2461380.6767888195 1.0010049504
2461380.6769485418 0.9995658010
2461380.6771082636 0.9993937048
2461380.6772679863 0.9990371617
2461380.6774277082 0.9999636209
2461380.6775874305 0.9997206260
2461380.6777471527 0.9992805258
2461380.6779068750 0.9985589836
2461380.6780665973 0.9997211148
2461380.6782263191 0.9991148483
2461380.6783860419 0.9993855882
2461380.6785457637 0.9999763127
2461380.6787054860 1.0009631856
2461380.6788652083 0.9991981667
2461380.6790249306 0.9992380038
2461380.6791846529 0.9996507346
2461380.6793443747 1.0002943906
2461380.6795040974 0.9992660985
2461380.6796638193 0.9999379841
2461380.6798235415 1.0005246353
2461380.6799832638 1.0000040818
2461380.6801429861 0.9993912561
2461380.6803027084 1.0008252176
2461380.6804624307 0.9998511056
2461380.6806221530 1.0019253825
2461380.6807818748 1.0000098728
2461380.6809415971 0.9993723240
2461380.6811013194 1.0004369013
2461380.6812610417 0.9998142832
2461380.6814207640 1.0001506139
2461380.6815804862 1.0003639894
2461380.6817402085 0.9991401686
2461380.6818999304 0.9982455621
2461380.6820596526 1.0000414226
2461380.6822193749 0.9999619347
2461380.6823790972 0.9995053592
2461380.6825388195 0.9996817549
2461380.6826985418 1.0010508847
2461380.6828582641 0.9997772578
2461380.6830179859 0.9995903332
2461380.6831777082 0.9996284507
2461380.6833374305 0.9996046082
2461380.6834971528 0.9995929617
2461380.6836568750 1.0003859137
2461380.6838165973 1.0007440123
2461380.6839763196 0.9984554646
2461380.6841360414 1.0004782107
2461380.6842957637 1.0007382886
2461380.6844554860 0.9997758231
2461380.6846152083 0.9980754930
2461380.6847749306 0.9998135914
2461380.6849346529 1.0001234080
2461380.6850943752 1.0005052166
2461380.6852540970 1.0000151317
2461380.6854138193 1.0004705860
2461380.6855735416 0.9992609825
2461380.6857332638 1.0000965139
2461380.6858929861 0.9993417776
2461380.6860527084 1.0000481962
2461380.6862124307 1.0004965992
2461380.6863721525 1.0001509537
2461380.6865318748 0.9996950520
2461380.6866915971 0.9992222545
2461380.6868513194 1.0000014501
2461380.6870110417 0.9995873248
2461380.6871707640 0.9999238376
2461380.6873304863 0.9997773493
2461380.6874902081 0.9983235298
2461380.6876499304 0.9996454268
2461380.6878096526 1.0005594829
2461380.6879693749 1.0008620798
2461380.6881290972 1.0004554697
2461380.6882888195 0.9990931728
2461380.6884485418 0.9995547947
2461380.6886082636 1.0003610252
2461380.6887679859 0.9999190067
2461380.6889277082 1.0010988750
2461380.6890874305 0.9990230701
2461380.6892471528 1.0003561877
2461380.6894068751 0.9994617847
2461380.6895665973 0.9996219995
2461380.6897263192 1.0001263685
2461380.6898860419 0.9988499363
2461380.6900457637 0.9995807812
2461380.6902054860 0.9999919014
2461380.6903652083 0.9995567219
2461380.6905249306 1.0001972713
2461380.6906846529 1.0010227329
2461380.6908443747 1.0002132528
2461380.6910040975 0.9992482654
2461380.6911638193 1.0000185598
2461380.6913235416 0.9998899239
2461380.6914832639 0.9993716795
2461380.6916429861 0.9989895759
2461380.6918027084 0.9989879529
2461380.6919624303 0.9994172783
2461380.6921221530 1.0004275141
2461380.6922818748 1.0001667442
2461380.6924415971 1.0005505886
2461380.6926013194 1.0000533817
2461380.6927610417 0.9992370671
2461380.6929207640 0.9996261953
2461380.6930804858 0.9996548453
2461380.6932402086 1.0000639121
2461380.6933999304 1.0003915697
2461380.6935596527 0.9998588867
2461380.6937193749 0.9991623904
2461380.6938790972 0.9987096289
2461380.6940388195 1.0007994936
2461380.6941985418 0.9985300446
2461380.6943582641 0.9990787638
2461380.6945179859 0.9995308476
2461380.6946777082 1.0003683594
2461380.6948374305 1.0003861671
2461380.6949971528 0.9993854754
2461380.6951568751 1.0000699481
2461380.6953165974 0.9987306976
2461380.6954763196 0.9992368065
2461380.6956360415 0.9999789419
2461380.6957957637 0.9997658592
2461380.6959554860 0.9997957413
2461380.6961152083 1.0003598941
2461380.6962749306 1.0000018634
2461380.6964346529 0.9999928761
2461380.6965943752 0.9993201841
2461380.6967540970 1.0002368498
2461380.6969138193 1.0008341491
2461380.6970735416 0.9992592256
2461380.6972332639 0.9986853966
2461380.6973929862 1.0016588868
2461380.6975527084 0.9989557917
2461380.6977124307 1.0001538496
2461380.6978721526 1.0008069769
2461380.6980318748 1.0005196538
2461380.6981915971 0.9999783231
2461380.6983513194 1.0000410276
2461380.6985110417 0.9997013077
2461380.6986707640 0.9988155002
2461380.6988304863 1.0002957890
2461380.6989902081 0.9984130676
2461380.6991499304 0.9994745778
2461380.6993096527 1.0005473990
2461380.6994693750 1.0005884608
2461380.6996290972 0.9998684708
2461380.6997888195 1.0008215699
2461380.6999485418 0.9999287175
2461380.7001082636 1.0003756450
2461380.7002679859 1.0010791504
2461380.7004277082 0.9998741914
2461380.7005874305 0.9997180825
2461380.7007471528 1.0002407136
2461380.7009068751 1.0001741325
2461380.7010665974 0.9999676679
2461380.7012263192 1.0004750121
2461380.7013860415 0.9998900321
2461380.7015457638 0.9994904460
2461380.7017054860 1.0012959157
2461380.7018652083 0.9995901364
2461380.7020249306 0.9983847490
2461380.7021846529 0.9990112392
2461380.7023443747 1.0009208438
2461380.7025040970 0.9997026067
2461380.7026638193 0.9998395805
2461380.7028235416 0.9998805382
2461380.7029832639 1.0005248530
2461380.7031429862 0.9994343708
2461380.7033027085 0.9992512061
2461380.7034624303 1.0008463621
2461380.7036221530 0.9987067170
2461380.7037818749 1.0002628307
2461380.7039415971 0.9993082377
2461380.7041013194 1.0002887623
2461380.7042610417 0.9996741228
2461380.7044207640 0.9995300682
2461380.7045804858 1.0014552731
2461380.7047402086 1.0005324266
2461380.7048999304 1.0009923847
2461380.7050596527 1.0009217468
2461380.7052193750 0.9984410604
2461380.7053790973 1.0002236594
2461380.7055388195 1.0004301832
2461380.7056985414 0.9995615287
2461380.7058582641 0.9996845747
2461380.7060179859 0.9998435612
2461380.7061777082 1.0004116197
2461380.7063374305 1.0001859780
2461380.7064971528 0.9995458203
2461380.7066568751 0.9997256396
2461380.7068165969 0.9993628410
2461380.7069763197 1.0003820608
2461380.7071360415 1.0002854129
2461380.7072957638 0.9987064233
2461380.7074554861 1.0006157971
2461380.7076152083 0.9998571887
2461380.7077749306 1.0005713357
2461380.7079346529 1.0013027013
2461380.7080943752 1.0004118232
2461380.7082540970 0.9994846976
2461380.7084138193 0.9990610878
2461380.7085735416 0.9992324703
2461380.7087332639 0.9984902588
2461380.7088929862 0.9995576238
2461380.7090527085 0.9991662387
2461380.7092124308 0.9997218443
2461380.7093721526 0.9999729366
2461380.7095318749 1.0009402543
2461380.7096915971 0.9995317199
2461380.7098513194 0.9993759688
2461380.7100110417 1.0016774878
2461380.7101707640 0.9993650504
2461380.7103304863 0.9996573750
2461380.7104902081 1.0000989996
2461380.7106499304 1.0004178438
2461380.7108096527 1.0003150651
2461380.7109693750 1.0003122634
2461380.7111290973 0.9998276985
2461380.7112888196 1.0013540058
2461380.7114485418 0.9991990995
2461380.7116082637 0.9998092115
2461380.7117679860 0.9998801029
2461380.7119277082 0.9996284107
2461380.7120874305 0.9991743053
2461380.7122471528 0.9990883238
2461380.7124068751 0.9995310814
2461380.7125665974 1.0006240821
2461380.7127263192 1.0007778564
2461380.7128860415 1.0006815397
2461380.7130457638 1.0002803518
2461380.7132054861 0.9995414752
2461380.7133652084 1.0004521072
2461380.7135249306 0.9989344614
2461380.7136846529 0.9990471613
2461380.7138443748 0.9995743576
2461380.7140040970 0.9994522293
2461380.7141638193 1.0007777149
2461380.7143235416 1.0002687120
2461380.7144832639 1.0008523557
2461380.7146429862 1.0006108508
2461380.7148027085 1.0013091197
2461380.7149624303 1.0010257864
2461380.7151221526 0.9996083169
2461380.7152818749 1.0000450627
2461380.7154415972 1.0012138952
2461380.7156013194 0.9991082428
2461380.7157610417 0.9993261393
2461380.7159207640 1.0002628042
2461380.7160804858 1.0003598641
2461380.7162402081 0.9999046544
2461380.7163999304 0.9995091907
2461380.7165596527 0.9998454583
2461380.7167193750 0.9998044003
2461380.7168790973 1.0008481576
2461380.7170388196 1.0002895862
2461380.7171985414 1.0007794485
2461380.7173582641 0.9987560854
2461380.7175179860 0.9995060672
2461380.7176777082 1.0002591242
2461380.7178374305 1.0000701380
2461380.7179971528 0.9994961520
2461380.7181568751 0.9997973384
2461380.7183165969 0.9995479652
2461380.7184763197 0.9984439143
2461380.7186360415 1.0006257802
2461380.7187957638 1.0005093140
2461380.7189554861 1.0003163585
2461380.7191152084 1.0004916073
2461380.7192749307 0.9990676725
2461380.7194346525 0.9994915668
2461380.7195943752 1.0006887135
2461380.7197540971 1.0010260399
2461380.7199138193 0.9996525489
2461380.7200735416 1.0014777556
2461380.7202332639 1.0007394144
2461380.7203929862 0.9995640607
2461380.7205527080 1.0002937775
2461380.7207124308 1.0001152302
2461380.7208721526 1.0006507115
2461380.7210318749 1.0002449686
2461380.7211915972 0.9994911721
2461380.7213513195 0.9998759450
2461380.7215110417 0.9999935171
2461380.7216707640 1.0004170377
2461380.7218304863 0.9992557570
2461380.7219902081 1.0003896646
2461380.7221499304 0.9991928658
2461380.7223096527 0.9994336179
2461380.7224693750 0.9995531933
2461380.7226290973 0.9993645635
2461380.7227888196 0.9992767558
2461380.7229485419 0.9993410367
2461380.7231082637 0.9991387676
2461380.7232679860 0.9997652314
2461380.7234277083 0.9998499943
2461380.7235874305 0.9990563773
2461380.7237471528 1.0011181374
2461380.7239068751 1.0000514236
2461380.7240665974 0.9988357393
2461380.7242263192 1.0004655331
2461380.7243860415 1.0016009315
2461380.7245457638 1.0006225945
2461380.7247054861 1.0004536898
2461380.7248652084 1.0004837055
2461380.7250249307 0.9994885813
2461380.7251846530 1.0001806153
2461380.7253443748 1.0005027670
2461380.7255040971 0.9999882986
2461380.7256638194 1.0001689911
2461380.7258235416 0.9998412700
2461380.7259832639 1.0001280419
2461380.7261429862 1.0005504621
2461380.7263027085 1.0000190068
2461380.7264624303 1.0003527670
2461380.7266221526 1.0000764673
2461380.7267818749 1.0010257651
2461380.7269415972 0.9999497561
2461380.7271013195 0.9996754661
2461380.7272610418 0.9997003348
2461380.7274207640 0.9996139682
2461380.7275804859 1.0006309281
2461380.7277402082 1.0007490383
2461380.7278999304 1.0016953289
2461380.7280596527 1.0007376582
2461380.7282193750 0.9996074920
2461380.7283790973 0.9986457245
2461380.7285388196 0.9986677732
2461380.7286985414 1.0000758280
2461380.7288582637 1.0007843592
2461380.7290179860 1.0001268684
2461380.7291777083 1.0002625537
2461380.7293374306 1.0000025186
2461380.7294971528 1.0000775904
2461380.7296568751 0.9996375091
2461380.7298165970 0.9999355064
2461380.7299763192 1.0001554275
2461380.7301360415 1.0009373277
2461380.7302957638 1.0003867418
2461380.7304554861 1.0005039446
2461380.7306152084 0.9994253985
2461380.7307749307 0.9995008618
2461380.7309346525 0.9999814997
2461380.7310943753 0.9990603611
2461380.7312540971 1.0003800574
2461380.7314138194 0.9999875843
2461380.7315735416 1.0003651772
2461380.7317332639 0.9995882759
2461380.7318929862 0.9999654616
2461380.7320527080 0.9988059274
2461380.7322124308 1.0001747748
2461380.7323721526 1.0011036359
2461380.7325318749 0.9997795208
2461380.7326915972 1.0002148123
2461380.7328513195 0.9995689705
2461380.7330110418 0.9997539406
2461380.7331707636 0.9997212428
2461380.7333304863 0.9994352694
2461380.7334902082 1.0006900579
2461380.7336499305 0.9999972754
2461380.7338096527 0.9995064351
2461380.7339693750 1.0002969850
2461380.7341290973 0.9991425086
2461380.7342888191 0.9999340272
2461380.7344485419 0.9995994425
2461380.7346082637 0.9994921390
2461380.7347679860 0.9981287686
2461380.7349277083 1.0003429301
2461380.7350874306 1.0003484334
2461380.7352471529 1.0003282366
2461380.7354068751 0.9996985549
2461380.7355665974 1.0006129531
2461380.7357263193 0.9996649686
2461380.7358860415 1.0005523426
2461380.7360457638 0.9994269253
2461380.7362054861 1.0006770577
2461380.7363652084 0.9996654794
2461380.7365249307 1.0005844225
2461380.7366846530 1.0008816288
2461380.7368443748 0.9995680443
2461380.7370040971 1.0001826082
2461380.7371638194 0.9983999670
2461380.7373235417 0.9998969904
2461380.7374832639 0.9993522871
2461380.7376429862 0.9995830487
2461380.7378027085 0.9992200999
2461380.7379624303 0.9986966358
2461380.7381221526 0.9996986729
2461380.7382818749 0.9999130449
2461380.7384415972 0.9996393850
2461380.7386013195 0.9997931618
2461380.7387610418 1.0006352041
2461380.7389207641 1.0007738509
2461380.7390804859 1.0002806678
2461380.7392402082 0.9989072543
2461380.7393999305 1.0014845945
2461380.7395596527 1.0007617356
2461380.7397193750 0.9999116107
2461380.7398790973 0.9983534263
2461380.7400388196 1.0004969059
2461380.7401985414 0.9988378144
2461380.7403582637 1.0002913073
2461380.7405179860 0.9993937008
2461380.7406777083 0.9994445317
2461380.7408374306 0.9997241952
2461380.7409971529 1.0007113299
2461380.7411568752 0.9999164148
2461380.7413165970 0.9987055585
2461380.7414763193 1.0003448413
2461380.7416360416 1.0003345303
2461380.7417957638 1.0001009708
2461380.7419554861 1.0008964060
2461380.7421152084 0.9987633808
2461380.7422749307 1.0001363034
2461380.7424346525 1.0004483740
2461380.7425943748 0.9998096210
2461380.7427540971 0.9996457375
2461380.7429138194 0.9997774105
2461380.7430735417 1.0003208083
2461380.7432332640 1.0003392246
2461380.7433929862 1.0001327709
2461380.7435527081 1.0000510515
2461380.7437124304 1.0005218961
2461380.7438721526 1.0003389142
2461380.7440318749 0.9997647360
2461380.7441915972 0.9999462116
2461380.7443513195 1.0002156023
2461380.7445110418 1.0008806342
2461380.7446707636 0.9999101271
2461380.7448304859 1.0000050022
2461380.7449902082 1.0003393301
2461380.7451499305 1.0000701180
2461380.7453096528 0.9977743660
2461380.7454693750 1.0001357799
2461380.7456290973 1.0007346876
2461380.7457888192 1.0001298719
2461380.7459485419 1.0001622617
2461380.7461082637 1.0004806781
2461380.7462679860 1.0004879607
2461380.7464277083 1.0001717219
2461380.7465874306 1.0010229596
2461380.7467471529 0.9993663197
2461380.7469068747 1.0001687839
2461380.7470665975 0.9995498567
2461380.7472263193 1.0000918128
2461380.7473860416 0.9994512688
2461380.7475457639 0.9997230544
2461380.7477054861 1.0000199929
2461380.7478652084 0.9996111106
2461380.7480249302 1.0003601674
2461380.7481846530 1.0000054908
2461380.7483443748 0.9988212283
2461380.7485040971 1.0002533449
2461380.7486638194 0.9994522430
2461380.7488235417 0.9994492429
2461380.7489832640 0.9999111262
2461380.7491429863 0.9996249967
2461380.7493027085 1.0013198753
2461380.7494624304 0.9996067916
2461380.7496221527 0.9999569558
2461380.7497818749 0.9994470473
2461380.7499415972 1.0005555557
2461380.7501013195 1.0000687523
2461380.7502610418 0.9998916120
2461380.7504207641 1.0003868395
2461380.7505804859 1.0014793764
2461380.7507402082 1.0001133066
2461380.7508999305 1.0000378917
2461380.7510596528 0.9997223815
2461380.7512193751 1.0008966276
2461380.7513790973 1.0006779218
2461380.7515388196 0.9999400051
2461380.7516985415 0.9992446849
2461380.7518582637 0.9996967539
2461380.7520179860 0.9993736385
2461380.7521777083 0.9990377046
2461380.7523374306 1.0002759288
2461380.7524971529 0.9990704175
2461380.7526568752 1.0006043227
2461380.7528165970 1.0007302239
2461380.7529763193 0.9992201405
2461380.7531360416 1.0008446385
2461380.7532957639 0.9997229791
2461380.7534554861 0.9997075321
2461380.7536152084 0.9989364660
2461380.7537749307 0.9996772489
2461380.7539346525 1.0004106532
2461380.7540943748 1.0014192886
2461380.7542540971 0.9990861931
2461380.7544138194 1.0005691133
2461380.7545735417 0.9989238088
2461380.7547332640 1.0010714052
2461380.7548929863 1.0012259379
2461380.7550527081 1.0008695396
2461380.7552124304 0.9995820668
2461380.7553721527 1.0004850534
2461380.7555318750 1.0001708211
2461380.7556915972 1.0002991286
2461380.7558513195 0.9990117576
2461380.7560110418 0.9999418278
2461380.7561707636 0.9998363274
2461380.7563304859 1.0005333651
2461380.7564902082 0.9995914096
2461380.7566499305 0.9998966711
2461380.7568096528 1.0009896963
2461380.7569693751 0.9991360413
2461380.7571290974 0.9986545369
2461380.7572888192 0.9989178326
2461380.7574485415 0.9993757343
2461380.7576082638 0.9997732454
2461380.7577679860 0.9991135471
2461380.7579277083 1.0008508325
2461380.7580874306 0.9994272212
2461380.7582471529 0.9998003561
2461380.7584068747 1.0004552540
2461380.7585665970 1.0003581559
2461380.7587263193 1.0008376651
2461380.7588860416 1.0002823442
2461380.7590457639 1.0015581102
2461380.7592054862 0.9992406369
2461380.7593652084 1.0000220509
2461380.7595249303 1.0005788448
2461380.7596846530 1.0008706822
2461380.7598443748 1.0003909244
2461380.7600040971 0.9980660333
2461380.7601638194 0.9991915405
2461380.7603235417 0.9991598743
2461380.7604832640 1.0002324272
2461380.7606429858 0.9995647099
2461380.7608027086 0.9993167634
2461380.7609624304 1.0000572562
2461380.7611221527 1.0000459171
2461380.7612818750 1.0007319625
2461380.7614415972 0.9998408788
2461380.7616013195 0.9993752813
2461380.7617610414 0.9998925742
2461380.7619207641 0.9988124468
2461380.7620804859 1.0002965989
2461380.7622402082 0.9989489286
2461380.7623999305 0.9992496299
2461380.7625596528 0.9994968736
2461380.7627193751 1.0012267207
2461380.7628790974 1.0001365744
2461380.7630388197 1.0001141151
2461380.7631985415 0.9996827772
2461380.7633582638 1.0003714615
2461380.7635179861 1.0004491891
2461380.7636777083 0.9986535145
2461380.7638374306 1.0002831589
2461380.7639971529 0.9984932622
2461380.7641568752 0.9986882617
2461380.7643165970 0.9981507469
2461380.7644763193 1.0002046813
2461380.7646360416 0.9989955980
2461380.7647957639 0.9992457126
2461380.7649554862 1.0009610870
2461380.7651152085 0.9997743393
2461380.7652749307 0.9997262989
2461380.7654346526 1.0003066454
2461380.7655943749 0.9991748939
2461380.7657540971 1.0003321033
2461380.7659138194 1.0009495643
2461380.7660735417 1.0006091801
2461380.7662332640 0.9987509876
2461380.7663929863 1.0000283019
2461380.7665527081 1.0007276651
2461380.7667124304 1.0005648917
2461380.7668721527 1.0002747854
2461380.7670318750 0.9994134329
2461380.7671915973 1.0004237444
2461380.7673513195 0.9988530683
2461380.7675110418 0.9996334335
2461380.7676707637 1.0001999122
2461380.7678304859 0.9993237335
2461380.7679902082 1.0008875536
2461380.7681499305 1.0003002813
2461380.7683096528 0.9998500787
2461380.7684693751 1.0000021087
2461380.7686290974 1.0007949699
2461380.7687888192 1.0006500943
2461380.7689485415 1.0005849666
2461380.7691082638 1.0004195841
2461380.7692679861 1.0009401935
2461380.7694277084 1.0004977571
2461380.7695874306 0.9995583941
2461380.7697471529 0.9994192657
2461380.7699068747 1.0002044864
2461380.7700665970 1.0002969865
2461380.7702263193 0.9995780635
2461380.7703860416 0.9985513008
2461380.7705457639 1.0001404388
2461380.7707054862 0.9995660013
2461380.7708652085 1.0002149133
2461380.7710249303 1.0003350590
2461380.7711846526 0.9994761294
2461380.7713443749 0.9999984207
2461380.7715040972 0.9998592078
2461380.7716638194 1.0000795607
2461380.7718235417 1.0005561171
2461380.7719832640 0.9991205543
2461380.7721429858 1.0004641809
2461380.7723027081 0.9995435024
2461380.7724624304 1.0003764152
2461380.7726221527 0.9985332154
2461380.7727818750 1.0001236159
2461380.7729415973 0.9999461623
2461380.7731013196 1.0006429033
2461380.7732610414 0.9991065292
2461380.7734207641 1.0008088452
2461380.7735804860 1.0008799341
2461380.7737402082 0.9994897234
2461380.7738999305 0.9999384544
2461380.7740596528 0.9996721318
2461380.7742193751 0.9999196484
2461380.7743790969 1.0002562234
2461380.7745388197 1.0000331451
2461380.7746985415 1.0002122868
2461380.7748582638 0.9986460778
2461380.7750179861 1.0012008652
2461380.7751777084 1.0000805123
2461380.7753374306 0.9990133634
2461380.7754971525 0.9997754089
2461380.7756568752 1.0004433745
2461380.7758165970 0.9993028714
2461380.7759763193 1.0004472358
2461380.7761360416 0.9990134847
2461380.7762957639 0.9989128732
2461380.7764554862 1.0005507946
2461380.7766152085 1.0000959725
2461380.7767749308 0.9999240459
2461380.7769346526 1.0000907356
2461380.7770943749 0.9989955254
2461380.7772540972 1.0004397368
2461380.7774138195 1.0002898594
2461380.7775735417 0.9992765143
2461380.7777332640 1.0006858685
2461380.7778929863 1.0006629017
2461380.7780527081 0.9982982225
2461380.7782124304 0.9985731779
2461380.7783721527 1.0006443511
2461380.7785318750 1.0001839821
2461380.7786915973 1.0000485960
2461380.7788513196 1.0008534589
2461380.7790110419 1.0004569394
2461380.7791707637 0.9991237560
2461380.7793304860 0.9991150934
2461380.7794902083 0.9991992908
2461380.7796499305 0.9992583910
2461380.7798096528 0.9994214008
2461380.7799693751 0.9999947236
2461380.7801290974 1.0008839978
2461380.7802888192 0.9995165974
2461380.7804485415 0.9991165351
2461380.7806082638 0.9994087487
2461380.7807679861 0.9999184694
2461380.7809277084 0.9998587306
2461380.7810874307 0.9992446205
2461380.7812471529 0.9996184152
2461380.7814068748 0.9990406806
2461380.7815665971 1.0004414387
2461380.7817263193 1.0001939374
2461380.7818860416 1.0006696672
2461380.7820457639 0.9996176467
2461380.7822054862 0.9997276894
2461380.7823652085 1.0005360489
2461380.7825249303 1.0001005476
2461380.7826846526 1.0011072073
2461380.7828443749 1.0016491195
2461380.7830040972 0.9989619365
2461380.7831638195 1.0008052817
2461380.7833235417 0.9996639551
2461380.7834832640 0.9998440756
2461380.7836429859 1.0007252092
2461380.7838027081 0.9992050526
2461380.7839624304 0.9989933803
2461380.7841221527 1.0000695954
2461380.7842818750 0.9989432894
2461380.7844415973 0.9989289762
2461380.7846013196 1.0014552589
2461380.7847610414 0.9993078364
2461380.7849207637 0.9999083511
2461380.7850804860 0.9997343638
2461380.7852402083 1.0001916962
2461380.7853999306 1.0000210321
2461380.7855596528 0.9996063481
2461380.7857193751 0.9994384746
2461380.7858790969 0.9995309495
2461380.7860388192 1.0007720712
2461380.7861985415 1.0009081848
2461380.7863582638 0.9999605179
2461380.7865179861 1.0006297255
2461380.7866777084 0.9995184437
2461380.7868374307 1.0005777751
2461380.7869971525 0.9995576980
2461380.7871568752 1.0006186693
2461380.7873165971 1.0001057863
2461380.7874763194 0.9997385993
2461380.7876360416 0.9995924628
2461380.7877957639 1.0001350631
2461380.7879554862 0.9998210452
2461380.7881152080 1.0008951105
2461380.7882749308 1.0004687688
2461380.7884346526 0.9989746967
2461380.7885943749 0.9998028816
2461380.7887540972 0.9993008714
2461380.7889138195 1.0006450697
2461380.7890735418 1.0004648046
2461380.7892332636 0.9994055716
2461380.7893929863 0.9998108301
2461380.7895527082 1.0002684941
2461380.7897124304 0.9994299150
2461380.7898721527 0.9994749199
2461380.7900318750 1.0008318187
2461380.7901915973 0.9998240376
2461380.7903513196 1.0007434111
2461380.7905110419 0.9995215321
2461380.7906707637 0.9997125646
2461380.7908304860 0.9992347148
2461380.7909902083 0.9994008804
2461380.7911499306 0.9999255604
2461380.7913096529 1.0016678449
2461380.7914693751 1.0003444028
2461380.7916290974 1.0012641402
2461380.7917888192 1.0002744601
2461380.7919485415 0.9992542736
2461380.7921082638 0.9999632653
2461380.7922679861 0.9984764369
2461380.7924277084 0.9995962683
2461380.7925874307 1.0007857646
2461380.7927471530 0.9991532683
2461380.7929068748 1.0000765628
2461380.7930665971 1.0009672847
2461380.7932263194 0.9996549293
2461380.7933860417 0.9999599936
2461380.7935457639 1.0004296483
2461380.7937054862 0.9994983533
2461380.7938652085 0.9996465166
2461380.7940249303 1.0003087803
2461380.7941846526 1.0000472384
2461380.7943443749 1.0006445530
2461380.7945040972 1.0005740844
2461380.7946638195 1.0007726609
2461380.7948235418 0.9987437896
2461380.7949832641 0.9999003771
2461380.7951429859 1.0001437908
2461380.7953027082 0.9994789743
2461380.7954624305 1.0004775199
2461380.7956221527 1.0001949079
2461380.7957818750 0.9999673175
2461380.7959415973 0.9991363753
2461380.7961013196 0.9992213415
2461380.7962610414 0.9994215888
2461380.7964207637 1.0001541404
2461380.7965804860 1.0001712498
2461380.7967402083 1.0002351999
2461380.7968999306 1.0010916577
2461380.7970596529 0.9995023587
2461380.7972193751 1.0005049243
2461380.7973790970 1.0008355757
2461380.7975388193 1.0003481537
2461380.7976985415 1.0003724373
2461380.7978582638 1.0015560681
2461380.7980179861 0.9997699483
2461380.7981777084 0.9999746335
2461380.7983374307 1.0008838055
2461380.7984971525 1.0003226938
2461380.7986568748 1.0008648151
2461380.7988165971 1.0006618962
2461380.7989763194 0.9987969756
2461380.7991360417 1.0000151489
2461380.7992957640 1.0013319443
2461380.7994554862 1.0007808786
2461380.7996152081 1.0014268778
2461380.7997749303 0.9989079229
2461380.7999346526 1.0003286988
2461380.8000943749 0.9997888804
2461380.8002540972 0.9992991423
2461380.8004138195 1.0009852184
2461380.8005735418 1.0001673559
2461380.8007332636 1.0007371208
2461380.8008929864 0.9986760838
2461380.8010527082 1.0006311787
2461380.8012124305 0.9999276633
2461380.8013721528 1.0001631987
2461380.8015318750 0.9998291079
2461380.8016915973 0.9985361847
2461380.8018513191 1.0006656659
2461380.8020110419 0.9999115026
2461380.8021707637 0.9996645882
2461380.8023304860 0.9987223500
2461380.8024902083 0.9994307465
2461380.8026499306 1.0008663202
2461380.8028096529 1.0005900140
2461380.8029693747 1.0008978498
2461380.8031290974 1.0007408295
2461380.8032888193 1.0005840905
2461380.8034485416 1.0000129392
2461380.8036082638 0.9998954587
2461380.8037679861 0.9996257014
2461380.8039277084 0.9992026362
2461380.8040874307 1.0004984866
2461380.8042471530 0.9987425259
2461380.8044068748 0.9998700497
2461380.8045665971 0.9997937951
2461380.8047263194 0.9994993595
2461380.8048860417 1.0001350393
2461380.8050457640 1.0002888321
2461380.8052054862 0.9993672680
2461380.8053652085 1.0000101166
2461380.8055249304 0.9995986908
2461380.8056846526 0.9999281100
2461380.8058443749 1.0014669558
2461380.8060040972 1.0001715937
2461380.8061638195 0.9997361344
2461380.8063235418 0.9993233614
2461380.8064832641 0.9996391320
2461380.8066429859 0.9993320915
2461380.8068027082 0.9996740504
2461380.8069624305 1.0008214675
2461380.8071221528 1.0007915632
2461380.8072818751 1.0006683329
2461380.8074415973 1.0006307315
2461380.8076013196 1.0007282249
2461380.8077610414 1.0003382870
2461380.8079207637 1.0013850330
2461380.8080804860 1.0005760259
2461380.8082402083 0.9996958236
2461380.8083999306 1.0005716833
2461380.8085596529 0.9997215775
2461380.8087193752 0.9993523335
2461380.8088790970 1.0002226566
2461380.8090388193 0.9988393226
2461380.8091985416 0.9989317588
2461380.8093582639 0.9998253834
2461380.8095179861 0.9987681951
2461380.8096777084 1.0005296670
2461380.8098374307 1.0003021450
2461380.8099971525 1.0007355048
2461380.8101568748 1.0005319779
2461380.8103165971 1.0003094864
2461380.8104763194 1.0004436368
2461380.8106360417 0.9991801601
2461380.8107957640 0.9995769465
2461380.8109554863 0.9997189137
2461380.8111152081 1.0009047328
2461380.8112749304 1.0002206368
2461380.8114346527 0.9997453541
2461380.8115943749 0.9998020715
2461380.8117540972 0.9999050165
2461380.8119138195 1.0000045545
2461380.8120735418 0.9991954055
2461380.8122332636 1.0012018769
2461380.8123929859 1.0001680220
2461380.8125527082 1.0007579253
2461380.8127124305 0.9988516097
2461380.8128721528 0.9993422194
2461380.8130318751 1.0003798838
2461380.8131915973 1.0001738260
2461380.8133513192 0.9999915156
2461380.8135110415 1.0000112721
2461380.8136707637 0.9984850852
2461380.8138304860 1.0006970701
2461380.8139902083 1.0002821353
2461380.8141499306 1.0011916096
2461380.8143096529 0.9998100878
2461380.8144693747 1.0010285679
2461380.8146290975 0.9997890616
2461380.8147888193 0.9993228725
2461380.8149485416 1.0002450461
2461380.8151082639 0.9992767981
2461380.8152679862 1.0004045365
2461380.8154277084 1.0007871264
2461380.8155874303 1.0012304228
2461380.8157471530 1.0004859563
2461380.8159068748 1.0001479800
2461380.8160665971 1.0002412607
2461380.8162263194 1.0002066977
2461380.8163860417 1.0004243949
2461380.8165457640 0.9991022754
2461380.8167054858 1.0006056044
2461380.8168652086 0.9997143040
2461380.8170249304 1.0003569835
2461380.8171846527 0.9994791430
2461380.8173443750 0.9990582462
2461380.8175040972 0.9998864838
2461380.8176638195 1.0012250001
2461380.8178235418 0.9998818351
2461380.8179832641 0.9998541576
2461380.8181429859 0.9997469464
2461380.8183027082 1.0000832371
2461380.8184624305 1.0000772200
2461380.8186221528 1.0000404217
2461380.8187818751 1.0006042530
2461380.8189415974 0.9991737506
2461380.8191013196 1.0003102602
2461380.8192610415 1.0000547414
2461380.8194207638 0.9996048968
2461380.8195804860 1.0004972215
2461380.8197402083 1.0001084470
2461380.8198999306 1.0003949867
2461380.8200596529 0.9990580784
2461380.8202193752 0.9990608899
2461380.8203790970 0.9998724488
2461380.8205388193 0.9993421758
2461380.8206985416 0.9998747672
2461380.8208582639 1.0004154425
2461380.8210179862 0.9993639468
2461380.8211777085 0.9993049417
2461380.8213374307 0.9994410939
2461380.8214971526 0.9993020617
2461380.8216568748 0.9982057197
2461380.8218165971 0.9999809121
2461380.8219763194 1.0001375735
2461380.8221360417 1.0001714750
2461380.8222957640 1.0006026854
2461380.8224554863 1.0005179389
2461380.8226152081 0.9983124730
2461380.8227749304 0.9995630321
2461380.8229346527 0.9997079021
2461380.8230943750 0.9997510567
2461380.8232540973 0.9999114124
2461380.8234138195 1.0010167617
2461380.8235735418 1.0005208530
2461380.8237332636 0.9994146980
2461380.8238929859 0.9992550359
2461380.8240527082 1.0004756055
2461380.8242124305 1.0000945009
2461380.8243721528 1.0003646540
2461380.8245318751 0.9999175090
2461380.8246915974 1.0001582116
2461380.8248513192 1.0004566432
2461380.8250110415 1.0011174846
2461380.8251707638 0.9992063246
2461380.8253304861 1.0003098217
2461380.8254902083 0.9997392620
2461380.8256499306 0.9984183401
2461380.8258096529 1.0011821663
2461380.8259693747 0.9998859431
2461380.8261290970 0.9997440981
2461380.8262888193 0.9994120965
2461380.8264485416 0.9998079387
2461380.8266082639 1.0004769951
2461380.8267679862 1.0006428686
2461380.8269277085 0.9992740133
2461380.8270874303 0.9998913585
2461380.8272471526 0.9990736154
2461380.8274068749 1.0000799237
2461380.8275665971 1.0002941361
2461380.8277263194 0.9994558632
2461380.8278860417 1.0007424761
2461380.8280457640 0.9997078576
2461380.8282054858 1.0007414931
2461380.8283652086 0.9995977974
2461380.8285249304 1.0003938188
2461380.8286846527 0.9995946603
2461380.8288443750 0.9998949652
2461380.8290040973 0.9992418266
2461380.8291638196 1.0002893723
2461380.8293235414 0.9999690238
2461380.8294832641 1.0002597086
2461380.8296429859 0.9991269944
2461380.8298027082 1.0002675026
2461380.8299624305 0.9996341726
2461380.8301221528 1.0015491499
2461380.8302818751 1.0004168005
2461380.8304415969 1.0007576778
2461380.8306013197 0.9993759359
2461380.8307610415 0.9995820687
2461380.8309207638 0.9991518966
2461380.8310804861 0.9982932417
2461380.8312402084 1.0001992282
2461380.8313999306 1.0007028921
2461380.8315596529 0.9989593073
2461380.8317193752 0.9996958797
2461380.8318790970 0.9996323218
2461380.8320388193 1.0006754629
2461380.8321985416 1.0007467038
2461380.8323582639 1.0005214360
2461380.8325179862 1.0003822338
2461380.8326777085 0.9997816409
2461380.8328374308 0.9999741073
2461380.8329971526 0.9988692160
2461380.8331568749 0.9990825745
2461380.8333165972 0.9992532726
2461380.8334763194 1.0007620544
2461380.8336360417 0.9994775499
2461380.8337957640 1.0005238144
2461380.8339554863 0.9994391150
2461380.8341152081 1.0025628653
2461380.8342749304 1.0003221140
2461380.8344346527 1.0012325234
2461380.8345943750 1.0010620879
2461380.8347540973 0.9986745058
2461380.8349138196 1.0004256125
2461380.8350735418 0.9993638067
2461380.8352332637 1.0003623487
2461380.8353929860 0.9989749264
2461380.8355527082 1.0002065617
2461380.8357124305 1.0002634721
2461380.8358721528 0.9993230239
2461380.8360318751 0.9995791227
2461380.8361915974 0.9996261982
2461380.8363513192 0.9983847699
2461380.8365110415 1.0005697728
2461380.8366707638 1.0011254891
2461380.8368304861 1.0010343470
2461380.8369902084 0.9993462006
2461380.8371499307 0.9999015074
2461380.8373096529 0.9995884064
2461380.8374693748 0.9993772480
2461380.8376290970 0.9997361877
2461380.8377888193 0.9994920103
2461380.8379485416 0.9994657571
2461380.8381082639 0.9999055442
2461380.8382679862 0.9988457214
2461380.8384277085 0.9999977859
2461380.8385874303 0.9995142087
2461380.8387471526 0.9999243609
2461380.8389068749 1.0004323351
2461380.8390665972 1.0003701829
2461380.8392263195 1.0006493397
2461380.8393860417 1.0006464368
2461380.8395457640 1.0007762144
2461380.8397054859 0.9991897310
2461380.8398652081 1.0004546146
2461380.8400249304 0.9994765722
2461380.8401846527 0.9999558506
2461380.8403443750 1.0002265435
2461380.8405040973 0.9997596838
2461380.8406638196 0.9998427115
2461380.8408235414 0.9990785121
2461380.8409832637 0.9992339154
2461380.8411429860 0.9994554059
2461380.8413027083 0.9998394592
2461380.8414624305 0.9996373217
2461380.8416221528 1.0002836214
2461380.8417818751 0.9998591202
2461380.8419415969 0.9991473229
2461380.8421013197 1.0001231533
2461380.8422610415 0.9992318454
2461380.8424207638 1.0003150199
2461380.8425804861 1.0000289102
2461380.8427402084 0.9992151642
2461380.8428999307 1.0002514059
2461380.8430596525 1.0009599982
2461380.8432193752 0.9989932482
2461380.8433790971 0.9993758565
2461380.8435388193 0.9989970297
2461380.8436985416 0.9987795352
2461380.8438582639 0.9999699010
2461380.8440179862 1.0000053392
2461380.8441777080 0.9994543866
2461380.8443374308 1.0003735316
2461380.8444971526 0.9997156947
2461380.8446568749 1.0011841815
2461380.8448165972 1.0012393025
2461380.8449763195 0.9994547333
2461380.8451360418 0.9999997610
2461380.8452957636 1.0008352586
2461380.8454554863 1.0013290392
2461380.8456152081 1.0005376131
2461380.8457749304 0.9995698563
2461380.8459346527 0.9992779068
2461380.8460943750 0.9995376654
2461380.8462540973 1.0009924997
2461380.8464138196 1.0001150508
2461380.8465735419 0.9992111426
2461380.8467332637 1.0002699516
2461380.8468929860 0.9990685023
2461380.8470527083 0.9996281067
2461380.8472124306 0.9992750222
2461380.8473721528 0.9998920081
2461380.8475318751 1.0007408534
2461380.8476915974 1.0006604512
2461380.8478513192 1.0003714372
2461380.8480110415 0.9999245872
2461380.8481707638 0.9994634891
2461380.8483304861 1.0007688237
2461380.8484902084 1.0008490196
2461380.8486499307 0.9991596790
2461380.8488096530 0.9999205138
2461380.8489693748 0.9996594282
2461380.8491290971 1.0003867781
2461380.8492888194 1.0000313522
2461380.8494485416 0.9988490258
2461380.8496082639 0.9999325875
2461380.8497679862 0.9992687295
2461380.8499277085 0.9997180144
2461380.8500874303 0.9993912030
2461380.8502471526 1.0013196712
2461380.8504068749 0.9983282515
2461380.8505665972 1.0003851629
2461380.8507263195 0.9997774861
2461380.8508860418 0.9999378831
2461380.8510457641 1.0003382429
2461380.8512054859 1.0006605526
2461380.8513652082 0.9991604573
2461380.8515249304 0.9998323286
2461380.8516846527 1.0002538452
2461380.8518443750 0.9988022668
2461380.8520040973 0.9992673418
2461380.8521638196 0.9993488553
2461380.8523235414 0.9986841059
2461380.8524832637 1.0003057991
2461380.8526429860 0.9996827315
2461380.8528027083 1.0010162666
2461380.8529624306 1.0007267980
2461380.8531221529 1.0002213549
2461380.8532818751 0.9990501642
2461380.8534415970 1.0001627542
2461380.8536013192 1.0004324816
2461380.8537610415 1.0010889655
2461380.8539207638 0.9997067539
2461380.8540804861 0.9997773770
2461380.8542402084 0.9993475061
2461380.8543999307 0.9991137515
2461380.8545596525 1.0003342633
2461380.8547193748 0.9996383584
2461380.8548790971 1.0006904641
2461380.8550388194 1.0018172166
2461380.8551985417 1.0006768136
2461380.8553582639 0.9990994878
2461380.8555179862 0.9993975548
2461380.8556777081 0.9996802215
2461380.8558374308 0.9998442498
2461380.8559971526 1.0003327469
2461380.8561568749 0.9985821744
2461380.8563165972 0.9990180776
2461380.8564763195 1.0001307425
2461380.8566360418 1.0005671011
2461380.8567957636 0.9993445260
2461380.8569554863 0.9992215728
2461380.8571152082 0.9990121302
2461380.8572749305 0.9986697238
2461380.8574346527 0.9993928418
2461380.8575943750 0.9987008574
2461380.8577540973 0.9993617660
2461380.8579138191 0.9994944618
2461380.8580735419 1.0000532982
2461380.8582332637 0.9995481458
2461380.8583929860 1.0004884971
2461380.8585527083 0.9998898808
2461380.8587124306 0.9998537310
2461380.8588721529 1.0005624668
2461380.8590318747 0.9993416949
2461380.8591915974 1.0003516019
2461380.8593513193 1.0002881261
2461380.8595110415 0.9990733753
2461380.8596707638 0.9997160734
2461380.8598304861 0.9997543413
2461380.8599902084 1.0001498144
2461380.8601499307 0.9997702043
2461380.8603096530 1.0001296311
2461380.8604693748 0.9991982351
2461380.8606290971 0.9993113541
2461380.8607888194 0.9990583107
2461380.8609485417 0.9996523499
2461380.8611082640 1.0001355017
2461380.8612679862 0.9988474710
2461380.8614277085 0.9998146511
2461380.8615874304 1.0010982674
2461380.8617471526 0.9991776470
2461380.8619068749 1.0003577556
2461380.8620665972 0.9997119151
2461380.8622263195 1.0002186387
2461380.8623860418 1.0008895158
2461380.8625457641 1.0003938135
2461380.8627054859 1.0006028574
2461380.8628652082 1.0001156491
2461380.8630249305 0.9985849806
2461380.8631846528 0.9998601608
2461380.8633443750 0.9997711931
2461380.8635040973 1.0002027523
2461380.8636638196 0.9994751681
2461380.8638235414 1.0003979637
2461380.8639832637 1.0015196800
2461380.8641429860 0.9992862413
2461380.8643027083 0.9991530659
2461380.8644624306 1.0002389818
2461380.8646221529 1.0010652934
2461380.8647818752 0.9999544776
2461380.8649415970 1.0000086035
2461380.8651013193 0.9996400301
2461380.8652610416 1.0003338002
2461380.8654207638 1.0003279150
2461380.8655804861 1.0004271765
2461380.8657402084 0.9978606464
2461380.8658999307 0.9995874529
2461380.8660596525 0.9998154390
2461380.8662193748 0.9996651514
2461380.8663790971 0.9991661622
2461380.8665388194 0.9993796741
2461380.8666985417 0.9992747602
2461380.8668582640 0.9997557884
2461380.8670179863 0.9987904945
2461380.8671777081 0.9996333042
2461380.8673374304 0.9994258293
2461380.8674971526 0.9998006013
2461380.8676568749 1.0014067543
2461380.8678165972 1.0000310858
2461380.8679763195 1.0002652864
2461380.8681360418 0.9992271107
2461380.8682957636 0.9992193321
2461380.8684554859 0.9997775255
2461380.8686152082 1.0002835575
2461380.8687749305 0.9997689503
2461380.8689346528 0.9988845662
2461380.8690943751 1.0003016438
2461380.8692540973 0.9996917959
2461380.8694138192 0.9985059228
2461380.8695735419 0.9997687126
2461380.8697332637 1.0014459912
2461380.8698929860 0.9999223381
2461380.8700527083 0.9998400842
2461380.8702124306 1.0006349418
2461380.8703721529 0.9991027947
2461380.8705318747 1.0017066473
2461380.8706915975 0.9996846229
2461380.8708513193 0.9996811404
2461380.8710110416 1.0007481351
2461380.8711707639 1.0000717018
2461380.8713304861 0.9993046761
2461380.8714902084 1.0004902721
2461380.8716499303 0.9997446334
2461380.8718096530 0.9998794412
2461380.8719693748 0.9996012252
2461380.8721290971 1.0003893885
2461380.8722888194 0.9998330836
2461380.8724485417 0.9986875021
2461380.8726082640 0.9991707153
2461380.8727679858 0.9996696758
2461380.8729277086 0.9984112981
2461380.8730874304 1.0022640964
2461380.8732471527 1.0000463312
2461380.8734068749 0.9998714472
2461380.8735665972 1.0007370516
2461380.8737263195 0.9998644519
2461380.8738860418 0.9986060719
2461380.8740457641 0.9996557739
2461380.8742054859 0.9987760651
2461380.8743652082 1.0004771708
2461380.8745249305 0.9992396800
2461380.8746846528 0.9998499561
2461380.8748443751 0.9999964250
2461380.8750040974 1.0003597817
2461380.8751638196 1.0004109867
2461380.8753235415 1.0002773388
2461380.8754832637 0.9992834058
2461380.8756429860 0.9991093340
2461380.8758027083 0.9999871486
2461380.8759624306 1.0005137942
2461380.8761221529 0.9993704166
2461380.8762818752 1.0000257096
2461380.8764415970 1.0007466832
2461380.8766013193 0.9994742536
2461380.8767610416 0.9999023764
2461380.8769207639 0.9995633053
2461380.8770804862 0.9988894031
2461380.8772402084 0.9998862277
2461380.8773999307 0.9993949313
2461380.8775596526 1.0007374015
2461380.8777193748 0.9996002884
2461380.8778790971 1.0005828708
2461380.8780388194 1.0001622523
2461380.8781985417 0.9986927131
2461380.8783582640 1.0005108728
2461380.8785179863 0.9997227977
2461380.8786777081 1.0002959612
2461380.8788374304 1.0002186808
2461380.8789971527 1.0000267680
2461380.8791568750 0.9987725218
2461380.8793165972 1.0010735649
2461380.8794763195 0.9991365459
2461380.8796360418 0.9992570825
2461380.8797957636 1.0004298321
2461380.8799554859 0.9994097467
2461380.8801152082 1.0001539936
2461380.8802749305 1.0001356293
2461380.8804346528 0.9991923106
2461380.8805943751 0.9995699351
2461380.8807540974 1.0005181427
2461380.8809138192 1.0000016509
2461380.8810735415 1.0000635178
2461380.8812332638 0.9997048190
2461380.8813929860 0.9986808227
2461380.8815527083 0.9988391541
2461380.8817124306 0.9995347164
2461380.8818721529 0.9993329765
2461380.8820318747 1.0011158828
2461380.8821915970 0.9984969754
2461380.8823513193 0.9999332417
2461380.8825110416 1.0001673811
2461380.8826707639 0.9997956136
2461380.8828304862 0.9996606012
2461380.8829902085 0.9987857836
2461380.8831499303 0.9996619384
2461380.8833096530 0.9996664077
2461380.8834693749 0.9998559175
2461380.8836290971 1.0005094803
2461380.8837888194 0.9997427898
2461380.8839485417 0.9983586790
2461380.8841082640 0.9993895473
2461380.8842679858 0.9996690007
2461380.8844277086 1.0009634087
2461380.8845874304 0.9999759300
2461380.8847471527 0.9990098700
2461380.8849068750 1.0002367173
2461380.8850665973 1.0005057621
2461380.8852263195 1.0008666406
2461380.8853860414 0.9998094109
2461380.8855457641 0.9997652677
2461380.8857054859 0.9995924371
2461380.8858652082 1.0012747652
2461380.8860249305 0.9998794474
2461380.8861846528 0.9996543813
2461380.8863443751 1.0003075276
2461380.8865040969 0.9995751836
2461380.8866638197 1.0000510136
2461380.8868235415 0.9998202786
2461380.8869832638 1.0006637710
2461380.8871429861 1.0010852274
2461380.8873027083 1.0001094393
2461380.8874624306 1.0008965088
2461380.8876221529 1.0008112085
2461380.8877818752 0.9998533725
2461380.8879415970 1.0000422034
2461380.8881013193 0.9987404996
2461380.8882610416 1.0007353696
2461380.8884207639 0.9987979550
2461380.8885804862 0.9999811140
2461380.8887402085 0.9999267400
2461380.8888999308 0.9980417493
2461380.8890596526 0.9980214595
2461380.8892193749 0.9998037715
2461380.8893790971 1.0009847424
2461380.8895388194 0.9994989421
2461380.8896985417 1.0003807389
2461380.8898582640 1.0009465459
2461380.8900179863 0.9995978039
2461380.8901777081 1.0010816428
2461380.8903374304 0.9987346423
2461380.8904971527 0.9996418424
2461380.8906568750 0.9988363824
2461380.8908165973 0.9995190271
2461380.8909763196 1.0013109107
2461380.8911360418 0.9991538130
2461380.8912957637 0.9991211130
2461380.8914554860 0.9999411183
2461380.8916152082 1.0002959297
2461380.8917749305 0.9986724040
2461380.8919346528 1.0004151982
2461380.8920943751 0.9981174575
2461380.8922540974 1.0004387452
2461380.8924138192 0.9995885001
2461380.8925735415 0.9995021696
2461380.8927332638 0.9997348175
2461380.8928929861 1.0004499241
2461380.8930527084 0.9988964502
2461380.8932124306 0.9998826585
2461380.8933721529 0.9998225289
2461380.8935318748 1.0004006093
2461380.8936915970 0.9985564158
2461380.8938513193 0.9988562515
2461380.8940110416 1.0012012517
2461380.8941707639 0.9989552506
2461380.8943304862 0.9999216385
2461380.8944902085 0.9995553488
2461380.8946499303 0.9997307971
2461380.8948096526 0.9995839304
2461380.8949693749 1.0006801231
2461380.8951290972 0.9989058008
2461380.8952888194 1.0004315736
2461380.8954485417 1.0000018831
2461380.8956082640 1.0000670537
2461380.8957679858 0.9991550203
2461380.8959277081 0.9998674384
2461380.8960874304 0.9997508933
2461380.8962471527 0.9992507581
2461380.8964068750 0.9998002884
2461380.8965665973 0.9988425608
2461380.8967263196 0.9978337329
2461380.8968860414 1.0008707373
2461380.8970457641 1.0006136224
2461380.8972054860 1.0004184123
2461380.8973652082 1.0000355285
2461380.8975249305 0.9992933173
2461380.8976846528 0.9992900321
2461380.8978443751 0.9993778534
2461380.8980040969 0.9992262337
2461380.8981638197 0.9992065116
2461380.8983235415 1.0004586798
2461380.8984832638 1.0009174524
2461380.8986429861 1.0014956943
2461380.8988027084 1.0000128874
2461380.8989624307 0.9997616507
2461380.8991221525 0.9983217176
2461380.8992818752 1.0005475601
2461380.8994415971 0.9993000177
2461380.8996013193 1.0006136737
2461380.8997610416 1.0003095895
2461380.8999207639 1.0001440838
2461380.9000804862 1.0004867487
2461380.9002402080 1.0013930947
2461380.9003999308 1.0002280726
2461380.9005596526 0.9984340949
2461380.9007193749 1.0001534250
2461380.9008790972 1.0002159542
2461380.9010388195 1.0004008693
2461380.9011985417 0.9994422079
2461380.9013582640 0.9984465405
2461380.9015179863 0.9993448668
2461380.9016777081 0.9997603797
2461380.9018374304 1.0013441925
2461380.9019971527 1.0009319694
2461380.9021568750 1.0004924138
2461380.9023165973 1.0002764976
2461380.9024763196 0.9999435885
2461380.9026360419 1.0008409005
2461380.9027957637 0.9998724400
2461380.9029554860 1.0000522649
2461380.9031152083 0.9996045187
2461380.9032749305 0.9987213071
2461380.9034346528 1.0003864241
2461380.9035943751 0.9992251380
2461380.9037540974 0.9995643360
2461380.9039138192 0.9994351733
2461380.9040735415 1.0006174374
2461380.9042332638 1.0008828558
2461380.9043929861 1.0011500681
2461380.9045527084 0.9996541525
2461380.9047124307 1.0016073639
2461380.9048721530 1.0002556578
2461380.9050318748 1.0004212031
2461380.9051915971 1.0004675799
2461380.9053513194 0.9997533876
2461380.9055110416 1.0003004342
2461380.9056707639 1.0005924027
2461380.9058304862 1.0004548225
2461380.9059902085 1.0001772029
2461380.9061499303 0.9990155798
2461380.9063096526 1.0000744995
2461380.9064693749 0.9984897534
2461380.9066290972 1.0013128105
2461380.9067888195 1.0008081036
2461380.9069485418 0.9995023406
2461380.9071082640 0.9999782130
2461380.9072679859 0.9999635090
2461380.9074277082 1.0008230335
2461380.9075874304 1.0010996724
2461380.9077471527 0.9996812738
2461380.9079068750 1.0002363468
2461380.9080665973 0.9993938756
2461380.9082263196 0.9998690524
2461380.9083860414 1.0001680778
2461380.9085457637 1.0001428482
2461380.9087054860 0.9994259222
2461380.9088652083 1.0006465861
2461380.9090249306 0.9992136455
2461380.9091846528 1.0006077081
2461380.9093443751 0.9993184066
2461380.9095040970 1.0004963674
2461380.9096638192 1.0004055847
2461380.9098235415 1.0009336196
2461380.9099832638 1.0015470629
2461380.9101429861 1.0000306480
2461380.9103027084 0.9994446966
2461380.9104624307 1.0015185844
2461380.9106221525 0.9999294541
2461380.9107818753 0.9998272694
2461380.9109415971 0.9996476592
2461380.9111013194 0.9999198090
2461380.9112610416 0.9998967992
2461380.9114207639 1.0015729538
2461380.9115804862 0.9995180786
2461380.9117402080 0.9992770639
2461380.9118999308 1.0004860711
2461380.9120596526 1.0004007727
2461380.9122193749 0.9997616611
2461380.9123790972 1.0007475553
2461380.9125388195 0.9996038703
2461380.9126985418 0.9985814471
2461380.9128582636 0.9989288485
2461380.9130179863 0.9983721531
2461380.9131777082 1.0003512889
2461380.9133374305 1.0004470829
2461380.9134971527 0.9999429083
2461380.9136568750 0.9991356836
2461380.9138165973 0.9993604572
2461380.9139763191 0.9997674194
2461380.9141360419 1.0002212363
2461380.9142957637 1.0007371376
2461380.9144554860 1.0003947386
2461380.9146152083 0.9992763763
2461380.9147749306 0.9989228878
2461380.9149346529 0.9989419067
2461380.9150943751 1.0003455264
2461380.9152540974 0.9991043039
2461380.9154138193 0.9994444898
2461380.9155735415 1.0007589695
2461380.9157332638 1.0007441246
2461380.9158929861 1.0001821042
2461380.9160527084 1.0001561635
2461380.9162124307 1.0007765887
2461380.9163721530 0.9991791324
2461380.9165318748 1.0010803864
2461380.9166915971 0.9994262940
2461380.9168513194 0.9994532391
2461380.9170110417 1.0007138140
2461380.9171707639 0.9996102683
2461380.9173304862 1.0002855642
2461380.9174902085 1.0002788663
2461380.9176499303 1.0001937418
2461380.9178096526 1.0003878464
2461380.9179693749 0.9993012134
2461380.9181290972 1.0006991663
2461380.9182888195 1.0011182768
2461380.9184485418 1.0007506320
2461380.9186082641 1.0015131496
2461380.9187679859 1.0002349683
2461380.9189277082 1.0001593334
2461380.9190874305 0.9995684383
2461380.9192471527 1.0002884857
2461380.9194068750 1.0004607775
2461380.9195665973 1.0006317163
2461380.9197263196 1.0012022811
2461380.9198860414 0.9988892880
2461380.9200457637 0.9998774917
2461380.9202054860 0.9990498931
2461380.9203652083 0.9995438002
2461380.9205249306 1.0009218946
2461380.9206846529 1.0006006264
2461380.9208443752 0.9999312107
2461380.9210040970 0.9983687110
2461380.9211638193 0.9994393741
2461380.9213235416 0.9996361214
2461380.9214832638 1.0003708554
2461380.9216429861 1.0013179242
2461380.9218027084 1.0012771677
2461380.9219624307 0.9993510355
2461380.9221221525 0.9992059592
2461380.9222818748 1.0005069380
2461380.9224415971 0.9988047633
2461380.9226013194 1.0002292447
2461380.9227610417 1.0005713612
2461380.9229207640 0.9995056370
2461380.9230804862 0.9998876820
2461380.9232402081 0.9999300583
2461380.9233999304 0.9985222304
2461380.9235596526 0.9992577903
2461380.9237193749 1.0002610167
2461380.9238790972 1.0000199376
2461380.9240388195 0.9991106181
2461380.9241985418 0.9999778472
2461380.9243582636 0.9998783635
2461380.9245179859 0.9999521525
2461380.9246777082 0.9999441217
2461380.9248374305 1.0006215131
2461380.9249971528 0.9998474801
2461380.9251568750 0.9996429777
2461380.9253165973 1.0005086925
2461380.9254763192 0.9990695737
2461380.9256360419 1.0013823680
2461380.9257957637 0.9996340878
2461380.9259554860 0.9993678676
2461380.9261152083 0.9998511564
2461380.9262749306 1.0005085968
2461380.9264346529 1.0004689476
2461380.9265943747 0.9998960798
2461380.9267540975 1.0004404119
2461380.9269138193 1.0009297836
2461380.9270735416 1.0002156215
2461380.9272332639 1.0000485033
2461380.9273929861 0.9998329115
2461380.9275527084 1.0011036963
2461380.9277124302 0.9993633258
2461380.9278721530 1.0014653286
2461380.9280318748 0.9989027412
2461380.9281915971 0.9999088132
2461380.9283513194 0.9990977431
2461380.9285110417 0.9998414001
2461380.9286707640 0.9989376041
2461380.9288304863 1.0009277120
2461380.9289902085 1.0011219725
2461380.9291499304 1.0006017718
2461380.9293096527 1.0001104095
2461380.9294693749 0.9996841195
2461380.9296290972 1.0006752396
2461380.9297888195 1.0001397833
2461380.9299485418 1.0001704359
2461380.9301082641 1.0006774430
2461380.9302679859 1.0009498225
2461380.9304277082 0.9990912535
2461380.9305874305 1.0000770764
2461380.9307471528 1.0002283780
2461380.9309068751 0.9997988880
2461380.9310665973 0.9997910943
2461380.9312263196 1.0001863709
2461380.9313860415 1.0004952764
2461380.9315457637 0.9998363208
2461380.9317054860 0.9998739286
2461380.9318652083 1.0003940241
2461380.9320249306 0.9987699767
2461380.9321846529 0.9994675580
2461380.9323443752 1.0004026593
2461380.9325040970 0.9999611304
2461380.9326638193 1.0004345188
2461380.9328235416 1.0001425385
2461380.9329832639 1.0004299293
2461380.9331429861 0.9997931467
2461380.9333027084 1.0011212303
2461380.9334624307 0.9992502662
2461380.9336221525 1.0003939318
2461380.9337818748 0.9980848180
2461380.9339415971 1.0007960649
2461380.9341013194 1.0005352412
2461380.9342610417 1.0001381497
2461380.9344207640 0.9996404877
2461380.9345804863 1.0008243245
2461380.9347402081 1.0009133559
2461380.9348999304 0.9991007680
2461380.9350596527 0.9992928933
2461380.9352193750 1.0003884502
2461380.9353790972 0.9996041341
2461380.9355388195 1.0003347977
2461380.9356985418 0.9997008846
2461380.9358582636 0.9998197895
2461380.9360179859 1.0002867836
2461380.9361777082 1.0000866254
2461380.9363374305 0.9993128959
2461380.9364971528 0.9986349614
2461380.9366568751 1.0007214190
2461380.9368165974 0.9996248114
2461380.9369763192 1.0008634552
2461380.9371360415 0.9995174948
2461380.9372957638 0.9992174370
2461380.9374554860 0.9991577660
2461380.9376152083 0.9989731846
2461380.9377749306 1.0001868713
2461380.9379346529 0.9996072110
2461380.9380943747 0.9995900737
2461380.9382540970 1.0003028244
2461380.9384138193 1.0001528376
2461380.9385735416 1.0008723575
2461380.9387332639 1.0001200302
2461380.9388929862 1.0005737851
2461380.9390527084 0.9995288045
2461380.9392124303 0.9995553262
2461380.9393721530 0.9999098165
2461380.9395318748 0.9996672569
2461380.9396915971 0.9990978654
2461380.9398513194 1.0005635024
2461380.9400110417 0.9997487541
2461380.9401707640 1.0013510781
2461380.9403304858 1.0000465136
2461380.9404902086 1.0002931627
2461380.9406499304 1.0000514352
2461380.9408096527 1.0001552910
2461380.9409693750 1.0003540597
2461380.9411290972 1.0005608825
2461380.9412888195 1.0002281115
2461380.9414485414 0.9992226783
2461380.9416082641 1.0003368054
2461380.9417679859 1.0011504042
2461380.9419277082 1.0003245900
2461380.9420874305 0.9986385115
2461380.9422471528 1.0006568336
2461380.9424068751 0.9992294525
2461380.9425665974 0.9990093548
2461380.9427263197 1.0004273102
2461380.9428860415 1.0010070943
2461380.9430457638 0.9990491134
2461380.9432054861 0.9997851139
2461380.9433652083 0.9984531465
2461380.9435249306 1.0001073385
2461380.9436846529 1.0009262092
2461380.9438443752 1.0006193289
2461380.9440040970 1.0002341398
2461380.9441638193 1.0005367892
2461380.9443235416 0.9998413956
2461380.9444832639 0.9996901576
2461380.9446429862 0.9995062854
2461380.9448027085 1.0003345592
2461380.9449624307 0.9997978906
2461380.9451221526 1.0002266513
2461380.9452818749 1.0006176673
2461380.9454415971 0.9996451193
2461380.9456013194 0.9994684247
2461380.9457610417 1.0001591035
2461380.9459207640 0.9999241813
2461380.9460804863 1.0000198363
2461380.9462402081 1.0000769992
2461380.9463999304 1.0000330841
2461380.9465596527 1.0008135746
2461380.9467193750 0.9992312408
2461380.9468790973 1.0000132554
2461380.9470388195 0.9998722898
2461380.9471985418 0.9999471243
2461380.9473582637 0.9993624865
2461380.9475179859 0.9990405700
2461380.9476777082 1.0004057077
2461380.9478374305 1.0003518215
2461380.9479971528 1.0000512235
2461380.9481568751 1.0004627911
2461380.9483165974 0.9997629155
2461380.9484763192 0.9997454501
2461380.9486360415 0.9997213294
2461380.9487957638 1.0007325775
2461380.9489554861 1.0005690984
2461380.9491152084 0.9999443768
2461380.9492749306 1.0007847099
2461380.9494346529 0.9992645167
2461380.9495943747 0.9981386625
2461380.9497540970 0.9992994935
2461380.9499138193 0.9995837036
2461380.9500735416 1.0008118225
2461380.9502332639 1.0000351522
2461380.9503929862 1.0001997136
2461380.9505527085 1.0003296413
2461380.9507124303 0.9997917171
2461380.9508721526 0.9987200820
2461380.9510318749 0.9988212669
2461380.9511915972 1.0016083536
2461380.9513513194 0.9995643684
2461380.9515110417 0.9992453601
2461380.9516707640 0.9998994290
2461380.9518304858 1.0004785406
2461380.9519902081 1.0005399530
2461380.9521499304 1.0005257411
2461380.9523096527 0.9981891480
2461380.9524693750 1.0010359218
2461380.9526290973 0.9993773481
2461380.9527888196 1.0000798346
2461380.9529485414 0.9994155619
2461380.9531082641 0.9999122027
2461380.9532679860 0.9996715310
2461380.9534277082 1.0001409516
2461380.9535874305 1.0004974760
2461380.9537471528 1.0004914823
2461380.9539068751 0.9994979078
2461380.9540665969 0.9997634734
2461380.9542263197 0.9991752327
2461380.9543860415 0.9993071019
2461380.9545457638 1.0002688347
2461380.9547054861 1.0000181847
2461380.9548652084 0.9994164854
2461380.9550249306 1.0005985659
2461380.9551846525 1.0000066752
2461380.9553443752 0.9998107618
2461380.9555040970 0.9992097219
2461380.9556638193 0.9989743838
2461380.9558235416 0.9996938637
2461380.9559832639 1.0007264811
2461380.9561429862 1.0000022658
2461380.9563027085 1.0011369828
2461380.9564624308 1.0003807502
2461380.9566221526 1.0007903593
2461380.9567818749 0.9994740967
2461380.9569415972 0.9994163302
2461380.9571013195 1.0001488128
2461380.9572610417 0.9995871180
2461380.9574207640 1.0002483678
2461380.9575804863 1.0009264737
2461380.9577402081 0.9998340544
2461380.9578999304 1.0002175976
2461380.9580596527 0.9997641739
2461380.9582193750 1.0002383996
2461380.9583790973 0.9990042280
2461380.9585388196 1.0001388676
2461380.9586985419 1.0002738550
2461380.9588582637 0.9993672641
2461380.9590179860 1.0010534553
2461380.9591777083 1.0001088312
2461380.9593374305 0.9995970502
2461380.9594971528 1.0010750418
2461380.9596568751 1.0013298055
2461380.9598165974 0.9994550007
2461380.9599763192 0.9996185294
2461380.9601360415 0.9994724014
2461380.9602957638 1.0002511011
2461380.9604554861 1.0004375017
2461380.9606152084 1.0009465361
2461380.9607749307 0.9998496707
2461380.9609346529 1.0001251122
2461380.9610943748 1.0004067161
2461380.9612540971 1.0000475337
2461380.9614138193 1.0002176815
2461380.9615735416 0.9998670315
2461380.9617332639 0.9997760984
2461380.9618929862 1.0008578747
2461380.9620527085 0.9994067976
2461380.9622124303 0.9999601628
2461380.9623721526 0.9993098955
2461380.9625318749 1.0003181255
2461380.9626915972 0.9997312942
2461380.9628513195 0.9997789305
2461380.9630110417 1.0005723925
2461380.9631707640 0.9995271898
2461380.9633304859 1.0002115934
2461380.9634902081 0.9998658630
2461380.9636499304 0.9995810076
2461380.9638096527 0.9994364883
2461380.9639693750 0.9995195036
2461380.9641290973 0.9981526105
2461380.9642888196 1.0000043190
2461380.9644485414 1.0001885919
2461380.9646082637 0.9995581991
2461380.9647679860 1.0004837728
2461380.9649277083 1.0003374318
2461380.9650874306 0.9992429024
2461380.9652471528 1.0001523297
2461380.9654068751 1.0005964026
2461380.9655665969 1.0003728610
2461380.9657263192 1.0004891419
2461380.9658860415 0.9994465077
2461380.9660457638 1.0014218651
2461380.9662054861 0.9994458619
2461380.9663652084 0.9996216528
2461380.9665249307 0.9992375414
2461380.9666846525 1.0000984001
2461380.9668443752 0.9996007744
2461380.9670040971 1.0005294928
2461380.9671638194 0.9998068171
2461380.9673235416 0.9993758503
2461380.9674832639 0.9996665707
2461380.9676429862 1.0001803697
2461380.9678027080 1.0010120097
2461380.9679624308 1.0000952114
2461380.9681221526 0.9997905614
2461380.9682818749 0.9991590036
2461380.9684415972 0.9993313338
2461380.9686013195 0.9988228218
2461380.9687610418 1.0002253302
2461380.9689207636 1.0000652189
2461380.9690804863 0.9996877157
2461380.9692402082 0.9992509319
2461380.9693999304 1.0002309044
2461380.9695596527 1.0000320867
2461380.9697193750 1.0003913202
2461380.9698790973 0.9999943722
2461380.9700388196 0.9993832799
2461380.9701985419 0.9992143055
2461380.9703582637 1.0005022562
2461380.9705179860 1.0000884232
2461380.9706777083 0.9998470431
2461380.9708374306 0.9994299805
2461380.9709971529 0.9996567139
2461380.9711568751 0.9993909533
2461380.9713165974 1.0004742479
2461380.9714763192 1.0003145495
2461380.9716360415 0.9997812539
2461380.9717957638 1.0009481296
2461380.9719554861 0.9993398978
2461380.9721152084 0.9998579444
2461380.9722749307 1.0001036575
2461380.9724346530 0.9995593665
2461380.9725943748 0.9998806910
2461380.9727540971 0.9989319247
2461380.9729138194 1.0002029085
2461380.9730735417 1.0005945665
2461380.9732332639 1.0004507639
2461380.9733929862 0.9999131661
2461380.9735527085 0.9992939933
2461380.9737124303 1.0001608692
2461380.9738721526 1.0018069881
2461380.9740318749 1.0012207177
2461380.9741915972 1.0007526816
2461380.9743513195 1.0000990958
2461380.9745110418 0.9996611845
2461380.9746707641 1.0005863455
2461380.9748304859 1.0004858154
2461380.9749902082 0.9995459063
2461380.9751499305 1.0006254328
2461380.9753096527 1.0002030725
2461380.9754693750 1.0006612392
2461380.9756290973 1.0010053976
2461380.9757888196 0.9988204658
2461380.9759485414 0.9999377398
2461380.9761082637 0.9990384911
2461380.9762679860 0.9987387283
2461380.9764277083 1.0008364277
2461380.9765874306 1.0002515977
2461380.9767471529 0.9999461058
2461380.9769068751 0.9994219156
2461380.9770665970 0.9997443228
2461380.9772263193 1.0007268415
2461380.9773860415 0.9995830326
2461380.9775457638 1.0001016163
2461380.9777054861 1.0002646089
2461380.9778652084 1.0010593713
2461380.9780249307 1.0001255614
2461380.9781846525 0.9998067242
2461380.9783443748 0.9993347489
2461380.9785040971 0.9999520047
2461380.9786638194 0.9991175467
2461380.9788235417 0.9995591049
2461380.9789832640 0.9997869506
2461380.9791429862 1.0004950906
2461380.9793027081 0.9997125433
2461380.9794624303 1.0002813094
2461380.9796221526 1.0003646107
2461380.9797818749 1.0007473435
2461380.9799415972 0.9987854884
2461380.9801013195 1.0005307424
2461380.9802610418 1.0007989887
2461380.9804207636 0.9993124321
2461380.9805804864 0.9996182107
2461380.9807402082 1.0001296683
2461380.9808999305 1.0005555124
2461380.9810596528 0.9998118941
2461380.9812193750 0.9990532266
2461380.9813790973 1.0006436223
2461380.9815388191 0.9994993680
2461380.9816985419 1.0009345572
2461380.9818582637 1.0007675843
2461380.9820179860 0.9993794885
2461380.9821777083 1.0005931685
2461380.9823374306 1.0001284283
2461380.9824971529 0.9992025559
2461380.9826568747 1.0007006109
2461380.9828165974 0.9990642215
2461380.9829763193 0.9995346993
2461380.9831360416 1.0007424648
2461380.9832957638 0.9998755692
2461380.9834554861 0.9993783825
2461380.9836152084 0.9987034218
2461380.9837749307 0.9996979892
2461380.9839346530 0.9997528126
2461380.9840943748 0.9998639895
2461380.9842540971 1.0011515443
2461380.9844138194 0.9994866486
2461380.9845735417 0.9999704188
2461380.9847332640 0.9999068252
2461380.9848929862 1.0000439633
2461380.9850527085 0.9990186956
2461380.9852124304 0.9997026906
2461380.9853721526 1.0006641130
2461380.9855318749 1.0014518529
2461380.9856915972 1.0002172765
2461380.9858513195 1.0000388100
2461380.9860110418 1.0006339055
2461380.9861707641 0.9994423182
2461380.9863304859 1.0001879220
2461380.9864902082 1.0003516803
2461380.9866499305 1.0006583329
2461380.9868096528 1.0007467162
2461380.9869693751 1.0005676784
2461380.9871290973 0.9994728512
2461380.9872888196 0.9999644021
2461380.9874485414 1.0010736161
2461380.9876082637 1.0009065725
2461380.9877679860 0.9991348318
2461380.9879277083 0.9999643846
2461380.9880874306 0.9997749044
2461380.9882471529 1.0005308445
2461380.9884068752 1.0018047280
2461380.9885665970 0.9998885797
2461380.9887263193 0.9989361405
2461380.9888860416 0.9995715632
2461380.9890457639 1.0000091842
2461380.9892054861 1.0000539545
2461380.9893652084 1.0013801839
2461380.9895249307 1.0001909304
2461380.9896846525 0.9999891470
2461380.9898443748 0.9983685788
2461380.9900040971 1.0002446699
2461380.9901638194 1.0001592987
2461380.9903235417 0.9990846137
2461380.9904832640 1.0000362366
2461380.9906429863 0.9998131735
2461380.9908027081 0.9999809307
2461380.9909624304 1.0003517468
2461380.9911221527 1.0001949929
2461380.9912818749 0.9999067182
2461380.9914415972 1.0005920147
2461380.9916013195 1.0007120908
2461380.9917610418 1.0006074484
2461380.9919207636 1.0003930482
2461380.9920804859 0.9993994731
2461380.9922402082 1.0015464331
2461380.9923999305 1.0001333685
2461380.9925596528 0.9998919911
2461380.9927193751 0.9999762114
2461380.9928790973 1.0002715909
2461380.9930388192 1.0003251952
2461380.9931985415 0.9998292573
2461380.9933582637 1.0001919876
2461380.9935179860 1.0001834784
2461380.9936777083 0.9996955982
2461380.9938374306 1.0008002552
2461380.9939971529 0.9995069890
2461380.9941568747 1.0007278437
2461380.9943165975 1.0007869827
2461380.9944763193 1.0004871973
2461380.9946360416 1.0003080790
2461380.9947957639 0.9997596530
2461380.9949554862 1.0004122308
2461380.9951152084 1.0005510965
2461380.9952749303 0.9989531701
2461380.9954346530 1.0006960515
2461380.9955943748 0.9990167227
2461380.9957540971 1.0007056824
2461380.9959138194 0.9989544749
2461380.9960735417 0.9990645168
2461380.9962332640 0.9992767097
2461380.9963929858 0.9994027400
2461380.9965527086 0.9990279303
2461380.9967124304 1.0008015979
2461380.9968721527 1.0006608620
2461380.9970318750 0.9997212602
2461380.9971915972 0.9991428849
2461380.9973513195 1.0008414376
2461380.9975110418 0.9993215275
2461380.9976707641 1.0000087963
2461380.9978304859 0.9999690747
2461380.9979902082 1.0004460580
2461380.9981499305 0.9991860407
2461380.9983096528 1.0007341257
2461380.9984693751 0.9995115343
2461380.9986290974 0.9999737778
2461380.9987888196 1.0004788226
2461380.9989485415 1.0001641081
2461380.9991082638 1.0010638339
2461380.9992679860 1.0011855196
2461380.9994277083 0.9998050117
2461380.9995874306 1.0011810365
2461380.9997471529 0.9997850617
2461380.9999068752 1.0005472578
2461381.0000665970 0.9996875631
2461381.0002263193 0.9999871818
2461381.0003860416 1.0008689997
2461381.0005457639 1.0018509533
2461381.0007054862 0.9990808439
2461381.0008652085 1.0000020664
2461381.0010249307 0.9999116146
2461381.0011846526 1.0008648708
2461381.0013443748 0.9996059302
2461381.0015040971 1.0005764584
2461381.0016638194 1.0004590459
2461381.0018235417 1.0009143530
2461381.0019832640 1.0000773550
2461381.0021429863 1.0011018317
2461381.0023027081 1.0002916417
2461381.0024624304 0.9987873677
2461381.0026221527 1.0002843865
2461381.0027818750 0.9998912323
2461381.0029415973 1.0008563367
2461381.0031013195 0.9999400461
2461381.0032610418 1.0000825666
2461381.0034207636 1.0013812297
2461381.0035804859 1.0003037450
2461381.0037402082 0.9986484806
2461381.0038999305 1.0006138460
2461381.0040596528 1.0005254985
2461381.0042193751 1.0001810466
2461381.0043790974 0.9990313118
2461381.0045388192 1.0008925289
2461381.0046985415 0.9998967156
2461381.0048582638 0.9992850322
2461381.0050179861 1.0008313727
2461381.0051777083 1.0004380109
2461381.0053374306 1.0001207720
2461381.0054971529 0.9993599065
2461381.0056568747 1.0006161694
2461381.0058165970 0.9992512120
2461381.0059763193 1.0002447629
2461381.0061360416 0.9997867350
2461381.0062957639 1.0012179019
2461381.0064554862 1.0000407362
2461381.0066152085 0.9995988104
2461381.0067749303 1.0005228681
2461381.0069346526 1.0001168225
2461381.0070943749 0.9997285190
2461381.0072540971 0.9985897761
2461381.0074138194 1.0000624049
2461381.0075735417 0.9993841617
2461381.0077332640 1.0000191841
2461381.0078929858 0.9995583201
2461381.0080527086 0.9995985812
2461381.0082124304 1.0002437017
2461381.0083721527 1.0000082526
2461381.0085318750 0.9994743745
2461381.0086915973 1.0004375859
2461381.0088513196 1.0007268464
2461381.0090110414 1.0003542168
2461381.0091707641 0.9995409366
2461381.0093304859 0.9996964556
2461381.0094902082 0.9995464929
2461381.0096499305 1.0002428342
2461381.0098096528 1.0003695908
2461381.0099693751 1.0003027091
2461381.0101290969 0.9992909789
2461381.0102888197 1.0007545973
2461381.0104485415 1.0004418956
2461381.0106082638 0.9998628377
2461381.0107679861 0.9995736325
2461381.0109277084 0.9998646788
2461381.0110874306 0.9996717172
2461381.0112471529 1.0000085729
2461381.0114068752 1.0009381557
2461381.0115665970 0.9995961673
2461381.0117263193 1.0004845260
2461381.0118860416 1.0004671452
2461381.0120457639 1.0001508597
2461381.0122054862 1.0014335690
2461381.0123652085 1.0004295383
2461381.0125249308 0.9999704029
2461381.0126846526 1.0007310464
2461381.0128443749 1.0003725130
2461381.0130040972 1.0011566462
2461381.0131638194 0.9993817287
2461381.0133235417 0.9995991716
2461381.0134832640 1.0006531299
2461381.0136429863 1.0000403180
2461381.0138027081 1.0008132827
2461381.0139624304 1.0000082327
2461381.0141221527 0.9994223663
2461381.0142818750 0.9994052662
2461381.0144415973 0.9987883617
2461381.0146013196 1.0000235001
2461381.0147610418 0.9991301540
2461381.0149207637 1.0006226487
2461381.0150804860 0.9997553722
2461381.0152402082 1.0001458937
2461381.0153999305 1.0001512059
2461381.0155596528 0.9993650298
2461381.0157193751 0.9998341073
2461381.0158790974 1.0016932999
2461381.0160388192 1.0005534890
2461381.0161985415 1.0001450661
2461381.0163582638 1.0004454949
2461381.0165179861 0.9993038534
2461381.0166777084 0.9997247343
2461381.0168374307 1.0004034411
2461381.0169971529 0.9993587998
2461381.0171568748 1.0003597633
2461381.0173165970 0.9996593874
2461381.0174763193 0.9992665733
2461381.0176360416 0.9988979495
2461381.0177957639 0.9994022445
2461381.0179554862 0.9999992693
2461381.0181152085 1.0008937527
2461381.0182749303 1.0006951734
2461381.0184346526 0.9997042887
2461381.0185943749 0.9999333911
2461381.0187540972 0.9995088990
2461381.0189138195 1.0002279872
2461381.0190735417 0.9999411686
2461381.0192332640 1.0009231105
2461381.0193929859 1.0001369334
2461381.0195527081 0.9991517106
2461381.0197124304 1.0010631873
2461381.0198721527 0.9992852775
2461381.0200318750 0.9990510629
2461381.0201915973 1.0002329101
2461381.0203513196 0.9987851215
2461381.0205110414 1.0001285370
2461381.0206707637 1.0017787922
2461381.0208304860 1.0009835061
2461381.0209902083 1.0005494903
2461381.0211499305 0.9997427231
2461381.0213096528 0.9994468862
2461381.0214693751 0.9995439177
2461381.0216290969 1.0006241557
2461381.0217888197 0.9984552497
2461381.0219485415 1.0010883601
2461381.0221082638 1.0007631092
2461381.0222679861 1.0003296698
2461381.0224277084 1.0003617471
2461381.0225874307 1.0010465051
2461381.0227471525 1.0007181763
2461381.0229068752 1.0006301549
2461381.0230665971 0.9996421293
2461381.0232263193 1.0003540909
2461381.0233860416 1.0002984856
2461381.0235457639 0.9998707914
2461381.0237054862 1.0016152588
2461381.0238652080 1.0006028032
2461381.0240249308 1.0010371436
2461381.0241846526 0.9994824902
2461381.0243443749 0.9988152566
2461381.0245040972 0.9991564288
2461381.0246638195 0.9999140313
2461381.0248235418 0.9998610268
2461381.0249832636 0.9999451028
2461381.0251429863 0.9989692463
2461381.0253027081 0.9994813054
2461381.0254624304 0.9999576669
2461381.0256221527 0.9994063701
2461381.0257818750 0.9994923470
2461381.0259415973 1.0006844512
2461381.0261013196 1.0006976854
2461381.0262610419 1.0002026762
2461381.0264207637 1.0005400934
2461381.0265804860 0.9993388816
2461381.0267402083 1.0009666728
2461381.0268999306 0.9996069559
2461381.0270596528 1.0001104293
2461381.0272193751 0.9990123445
2461381.0273790974 0.9990969161
2461381.0275388192 0.9993312190
2461381.0276985415 1.0012141923
2461381.0278582638 1.0004170535
2461381.0280179861 1.0013897265
2461381.0281777084 1.0006865391
2461381.0283374307 0.9999214809
2461381.0284971530 1.0012732257
2461381.0286568748 0.9996451303
2461381.0288165971 0.9999851273
2461381.0289763194 0.9998752421
2461381.0291360416 0.9999966744
2461381.0292957639 0.9997499487
2461381.0294554862 0.9989169855
2461381.0296152085 1.0005608832
2461381.0297749303 1.0004317814
2461381.0299346526 1.0012359247
2461381.0300943749 0.9991511939
2461381.0302540972 1.0007862459
2461381.0304138195 1.0000197851
2461381.0305735418 1.0000609660
2461381.0307332641 1.0000282822
2461381.0308929859 1.0008866297
2461381.0310527082 1.0011462160
2461381.0312124304 1.0002472297
2461381.0313721527 1.0001059654
2461381.0315318750 1.0006896769
2461381.0316915973 1.0002381789
2461381.0318513196 1.0004763864
2461381.0320110414 0.9995989891
2461381.0321707637 1.0005764311
2461381.0323304860 1.0001363567
2461381.0324902083 0.9994758662
2461381.0326499306 1.0001066102
2461381.0328096529 1.0000045093
2461381.0329693751 0.9991608203
2461381.0331290970 0.9999269958
2461381.0332888192 1.0002180036
2461381.0334485415 1.0003157625
2461381.0336082638 0.9992444938
2461381.0337679861 1.0001805758
2461381.0339277084 1.0007117719
2461381.0340874307 0.9998817963
2461381.0342471525 1.0005796987
2461381.0344068748 1.0006773100
2461381.0345665971 1.0000690242
2461381.0347263194 0.9999879896
2461381.0348860417 1.0001718265
2461381.0350457639 1.0000116513
2461381.0352054862 1.0000662871
2461381.0353652081 0.9997806388
2461381.0355249308 0.9999065037
2461381.0356846526 1.0008164834
2461381.0358443749 1.0005722296
2461381.0360040972 1.0002307662
2461381.0361638195 0.9996701079
2461381.0363235418 1.0007522365
2461381.0364832636 0.9993859101
2461381.0366429863 1.0000036845
2461381.0368027082 1.0012299264
2461381.0369624305 0.9995368200
2461381.0371221527 0.9991669723
2461381.0372818750 0.9985736876
2461381.0374415973 1.0004368596
2461381.0376013191 1.0014832730
2461381.0377610419 1.0006839464
2461381.0379207637 0.9989507054
2461381.0380804860 1.0000488063
2461381.0382402083 1.0001482896
2461381.0383999306 0.9991085904
2461381.0385596529 0.9993543732
2461381.0387193747 1.0000309224
2461381.0388790974 0.9990152979
2461381.0390388193 1.0010620763
2461381.0391985415 1.0000617386
2461381.0393582638 0.9999431081
2461381.0395179861 1.0003022416
2461381.0396777084 1.0006130129
2461381.0398374307 1.0001229057
2461381.0399971530 0.9997132890
2461381.0401568748 0.9988492654
2461381.0403165971 1.0008784495
2461381.0404763194 1.0011082001
2461381.0406360417 1.0011468539
2461381.0407957640 0.9987786635
2461381.0409554862 1.0004400918
2461381.0411152085 1.0007723936
2461381.0412749304 1.0005701374
2461381.0414346526 0.9997640895
2461381.0415943749 0.9996277919
2461381.0417540972 0.9990136596
2461381.0419138195 0.9998688615
2461381.0420735418 0.9994561304
2461381.0422332641 0.9998520062
2461381.0423929859 1.0003284167
2461381.0425527082 1.0000569383
2461381.0427124305 1.0003312206
2461381.0428721528 1.0000079744
2461381.0430318750 0.9997115230
2461381.0431915973 1.0002601217
2461381.0433513196 0.9992258999
2461381.0435110414 0.9998069269
2461381.0436707637 1.0007992924
2461381.0438304860 1.0011867794
2461381.0439902083 0.9998642234
2461381.0441499306 0.9998177151
2461381.0443096529 0.9979707125
2461381.0444693752 1.0004241792
2461381.0446290970 0.9991859319
2461381.0447888193 0.9997188618
2461381.0449485416 1.0007390788
2461381.0451082638 1.0005568111
2461381.0452679861 0.9998402181
2461381.0454277084 1.0007987835
2461381.0455874307 0.9994203827
2461381.0457471525 0.9997595910
2461381.0459068748 0.9995055491
2461381.0460665971 0.9989780761
2461381.0462263194 1.0001533095
2461381.0463860417 1.0001429608
2461381.0465457640 1.0009959202
2461381.0467054863 1.0006157269
2461381.0468652081 0.9983054995
2461381.0470249304 1.0001821493
2461381.0471846526 0.9998781444
2461381.0473443749 0.9994190151
2461381.0475040972 0.9997926804
2461381.0476638195 0.9991579828
2461381.0478235418 0.9997188078
2461381.0479832636 0.9990685931
2461381.0481429859 1.0000078684
2461381.0483027082 1.0008186365
2461381.0484624305 1.0008302028
2461381.0486221528 1.0006637026
2461381.0487818751 1.0000932888
2461381.0489415973 1.0002406584
2461381.0491013192 1.0001316923
2461381.0492610419 1.0003414957
2461381.0494207637 0.9998940078
2461381.0495804860 0.9998293439
2461381.0497402083 1.0001739667
2461381.0498999306 0.9994947230
2461381.0500596529 1.0000224652
2461381.0502193747 0.9993707064
2461381.0503790975 0.9996402943
2461381.0505388193 1.0000167043
2461381.0506985416 1.0001750358
2461381.0508582639 0.9998967122
2461381.0510179861 0.9994176594
2461381.0511777084 0.9998885326
2461381.0513374303 0.9996912701
2461381.0514971530 1.0000353784
2461381.0516568748 0.9999489010
2461381.0518165971 1.0009029352
2461381.0519763194 0.9996607997
2461381.0521360417 1.0000586648
2461381.0522957640 1.0003806996
2461381.0524554858 1.0000818943
2461381.0526152086 1.0006830269
2461381.0527749304 0.9995477674
2461381.0529346527 0.9994174309
2461381.0530943749 0.9981797050
2461381.0532540972 1.0004984052
2461381.0534138195 0.9989743004
2461381.0535735418 1.0002604175
2461381.0537332641 1.0009163762
2461381.0538929859 1.0006019077
2461381.0540527082 1.0008213667
2461381.0542124305 1.0002549826
2461381.0543721528 1.0000020499
2461381.0545318751 0.9991456351
2461381.0546915974 0.9994126970
2461381.0548513196 1.0002404873
2461381.0550110415 1.0004045003
2461381.0551707637 0.9989375096
2461381.0553304860 1.0007370245
2461381.0554902083 1.0011703857
2461381.0556499306 1.0005162116
2461381.0558096529 0.9993641586
2461381.0559693752 0.9997383769
2461381.0561290970 0.9996941521
2461381.0562888193 0.9994081260
2461381.0564485416 1.0005741292
2461381.0566082639 0.9994554308
2461381.0567679862 1.0003919765
2461381.0569277084 0.9997820926
2461381.0570874307 1.0007961715
2461381.0572471526 1.0012702357
2461381.0574068748 1.0003719441
2461381.0575665971 1.0021996640
2461381.0577263194 1.0001932720
2461381.0578860417 1.0005297795
2461381.0580457640 0.9995956406
2461381.0582054863 1.0010266629
2461381.0583652081 0.9995402698
2461381.0585249304 1.0001037770
2461381.0586846527 1.0013122356
2461381.0588443750 1.0001240049
2461381.0590040972 1.0007802336
2461381.0591638195 1.0009719006
2461381.0593235418 1.0013918635
2461381.0594832636 0.9994555317
2461381.0596429859 1.0002494358
2461381.0598027082 1.0010447588
2461381.0599624305 1.0007875562
2461381.0601221528 0.9996410940
2461381.0602818751 0.9998854366
2461381.0604415974 0.9996561567
2461381.0606013192 0.9998378758
2461381.0607610415 1.0018571468
2461381.0609207638 1.0000581900
2461381.0610804860 0.9988588351
2461381.0612402083 0.9994109444
2461381.0613999306 0.9995050275
2461381.0615596529 1.0004036446
2461381.0617193747 1.0005323834
2461381.0618790970 0.9995276835
2461381.0620388193 0.9998716663
2461381.0621985416 0.9995907679
2461381.0623582639 0.9989500119
2461381.0625179862 1.0005503788
2461381.0626777085 1.0005417221
2461381.0628374303 0.9999066549
2461381.0629971530 0.9995827523
2461381.0631568749 0.9996256719
2461381.0633165971 1.0003397154
2461381.0634763194 0.9990351928
2461381.0636360417 0.9997751034
2461381.0637957640 1.0005036221
2461381.0639554858 1.0010470895
2461381.0641152086 1.0000096833
2461381.0642749304 0.9997338776
2461381.0644346527 1.0005494050
2461381.0645943750 1.0007195129
2461381.0647540973 1.0010869946
2461381.0649138195 1.0000355432
2461381.0650735414 1.0009432231
2461381.0652332641 0.9990845446
2461381.0653929859 0.9995111200
2461381.0655527082 1.0007004454
2461381.0657124305 1.0000966649
2461381.0658721528 1.0000435862
2461381.0660318751 0.9986462126
2461381.0661915969 0.9995295151
2461381.0663513197 1.0011577147
2461381.0665110415 1.0004831794
2461381.0666707638 1.0001806484
2461381.0668304861 0.9999516074
2461381.0669902083 1.0007176068
2461381.0671499306 0.9994094496
2461381.0673096529 1.0000717444
2461381.0674693752 0.9998082465
2461381.0676290970 0.9981214964
2461381.0677888193 0.9989388528
2461381.0679485416 0.9994669402
2461381.0681082639 0.9992565507
2461381.0682679862 1.0001627609
2461381.0684277085 0.9998721491
2461381.0685874308 1.0009958524
2461381.0687471526 1.0001183945
2461381.0689068749 1.0008508912
2461381.0690665971 0.9991685227
2461381.0692263194 0.9991967609
2461381.0693860417 0.9999104366
2461381.0695457640 1.0009921876
2461381.0697054863 0.9997756532
2461381.0698652081 1.0000855618
2461381.0700249304 1.0007027565
2461381.0701846527 0.9999290588
2461381.0703443750 1.0002764529
2461381.0705040973 0.9994442375
2461381.0706638196 1.0002286296
2461381.0708235418 1.0005824854
2461381.0709832637 0.9997639650
2461381.0711429860 1.0011992042
2461381.0713027082 1.0007587530
2461381.0714624305 1.0005526610
2461381.0716221528 1.0006841376
2461381.0717818751 1.0001428104
2461381.0719415974 0.9990019844
2461381.0721013192 1.0002255885
2461381.0722610415 1.0010584284
2461381.0724207638 1.0002175470
2461381.0725804861 1.0002565693
2461381.0727402084 0.9985859788
2461381.0728999306 1.0002375799
2461381.0730596529 0.9995827099
2461381.0732193748 1.0001045932
2461381.0733790970 1.0001661801
2461381.0735388193 0.9998830357
2461381.0736985416 0.9997723132
2461381.0738582639 1.0000603864
2461381.0740179862 0.9993865605
2461381.0741777085 0.9995382112
2461381.0743374303 0.9992933284
2461381.0744971526 1.0001031723
2461381.0746568749 1.0008197614
2461381.0748165972 0.9988656631
2461381.0749763194 0.9997057129
2461381.0751360417 0.9994842579
2461381.0752957640 1.0002373628
2461381.0754554858 1.0003775450
2461381.0756152081 1.0015327200
2461381.0757749304 0.9997294879
2461381.0759346527 0.9991464951
2461381.0760943750 1.0007252766
2461381.0762540973 1.0008640301
2461381.0764138196 1.0006493262
2461381.0765735414 0.9992860006
2461381.0767332641 0.9996933010
2461381.0768929860 1.0002572246
2461381.0770527082 0.9996245808
2461381.0772124305 1.0003104949
2461381.0773721528 1.0003506809
2461381.0775318751 0.9996247651
2461381.0776915969 1.0006875090
2461381.0778513197 1.0002547885
2461381.0780110415 1.0002345286
2461381.0781707638 0.9995830202
2461381.0783304861 1.0014795702
2461381.0784902084 0.9993103915
2461381.0786499307 1.0004628360
2461381.0788096525 1.0003918172
2461381.0789693752 1.0005405409
2461381.0791290971 1.0001954758
2461381.0792888193 0.9985253751
2461381.0794485416 1.0007284462
2461381.0796082639 1.0003325365
2461381.0797679862 1.0001219697
2461381.0799277080 1.0003544654
2461381.0800874308 0.9999968865
2461381.0802471526 0.9984774241
2461381.0804068749 0.9990526079
2461381.0805665972 0.9993250103
2461381.0807263195 1.0002670998
2461381.0808860417 1.0003759262
2461381.0810457640 0.9996218342
2461381.0812054863 1.0001234556
2461381.0813652081 0.9999686675
2461381.0815249304 0.9994774133
2461381.0816846527 1.0016058276
2461381.0818443750 1.0002839249
2461381.0820040973 0.9994019151
2461381.0821638196 0.9993048850
2461381.0823235419 1.0007430788
2461381.0824832637 0.9994319545
2461381.0826429860 1.0002122650
2461381.0828027083 1.0001599153
2461381.0829624305 0.9999507457
2461381.0831221528 1.0003157468
2461381.0832818751 1.0019568674
2461381.0834415974 0.9994878335
2461381.0836013192 1.0001622913
2461381.0837610415 0.9988358743
2461381.0839207638 0.9995977379
2461381.0840804861 0.9988808627
2461381.0842402084 0.9999586140
2461381.0843999307 0.9998807442
2461381.0845596530 0.9999184707
2461381.0847193748 1.0000455811
2461381.0848790971 1.0000460380
2461381.0850388194 0.9993336662
2461381.0851985416 1.0000633866
2461381.0853582639 1.0004127079
2461381.0855179862 0.9990503294
2461381.0856777085 0.9988740086
2461381.0858374303 0.9992016973
2461381.0859971526 1.0008203506
2461381.0861568749 1.0005890379
2461381.0863165972 0.9994458799
2461381.0864763195 0.9994337633
2461381.0866360418 1.0006513112
2461381.0867957640 1.0010781604
2461381.0869554859 1.0026384453
2461381.0871152082 0.9993856796
2461381.0872749304 1.0003338395
2461381.0874346527 0.9997572850
2461381.0875943750 0.9996084763
2461381.0877540973 0.9999463328
2461381.0879138196 1.0005775610
2461381.0880735414 0.9997015523
2461381.0882332637 1.0009915299
2461381.0883929860 0.9999716994
2461381.0885527083 0.9996457787
2461381.0887124306 1.0000462112
2461381.0888721528 1.0010814035
2461381.0890318751 0.9988032337
2461381.0891915970 1.0014356877
2461381.0893513192 0.9991270284
2461381.0895110415 0.9998308521
2461381.0896707638 0.9991909294
2461381.0898304861 1.0003800660
2461381.0899902084 0.9996006847
2461381.0901499307 0.9997495281
2461381.0903096525 1.0007814401
2461381.0904693753 0.9985206282
2461381.0906290971 1.0011725870
2461381.0907888194 0.9994286180
2461381.0909485416 1.0010176020
2461381.0911082639 1.0005540145
2461381.0912679862 0.9996831507
2461381.0914277080 1.0004248316
2461381.0915874308 0.9996106542
2461381.0917471526 0.9997342563
2461381.0919068749 0.9982702193
2461381.0920665972 1.0006281462
2461381.0922263195 1.0014408378
2461381.0923860418 1.0002108382
2461381.0925457636 1.0008961153
2461381.0927054863 1.0006743869
2461381.0928652082 0.9993976768
2461381.0930249305 1.0008311295
2461381.0931846527 0.9995870361
2461381.0933443750 1.0004669077
2461381.0935040973 0.9987326086
2461381.0936638191 0.9995059790
2461381.0938235419 1.0003816000
2461381.0939832637 0.9997452827
2461381.0941429860 1.0005958355
2461381.0943027083 1.0007048272
2461381.0944624306 0.9999012304
2461381.0946221529 0.9995775496
2461381.0947818751 0.9996494756
2461381.0949415974 1.0011013260
2461381.0951013193 1.0009105697
2461381.0952610415 0.9994691612
2461381.0954207638 0.9996959519
2461381.0955804861 1.0007032025
2461381.0957402084 1.0001877287
2461381.0958999307 1.0001662644
2461381.0960596530 1.0002711602
2461381.0962193748 0.9994505046
2461381.0963790971 0.9994646300
2461381.0965388194 1.0005202586
2461381.0966985417 1.0001566473
2461381.0968582639 0.9998683880
2461381.0970179862 0.9992411769
2461381.0971777085 0.9990541454
2461381.0973374303 0.9998800170
2461381.0974971526 0.9997932852
2461381.0976568749 0.9997259988
2461381.0978165972 1.0000140322
2461381.0979763195 1.0002663876
2461381.0981360418 0.9994058247
2461381.0982957641 0.9997731652
2461381.0984554859 0.9997925145
2461381.0986152082 0.9993726924
2461381.0987749305 0.9998659076
2461381.0989346527 1.0004687173
2461381.0990943750 1.0007891657
2461381.0992540973 1.0001431533
2461381.0994138196 0.9997028842
2461381.0995735414 1.0007261481
2461381.0997332637 1.0000891168
2461381.0998929860 1.0002416203
2461381.1000527083 1.0008332637
2461381.1002124306 0.9996117897
2461381.1003721529 0.9995876778
2461381.1005318752 0.9996891254
2461381.1006915970 1.0003211145
2461381.1008513193 1.0001060322
2461381.1010110416 1.0002550584
2461381.1011707638 1.0002356336
2461381.1013304861 0.9996784535
2461381.1014902084 1.0009510458
2461381.1016499307 1.0001396577
2461381.1018096525 1.0000216059
2461381.1019693748 1.0009654956
2461381.1021290971 0.9999692213
2461381.1022888194 1.0002659433
2461381.1024485417 1.0010836469
2461381.1026082640 1.0001481522
2461381.1027679862 1.0004461106
2461381.1029277081 1.0008348720
2461381.1030874304 1.0000820559
2461381.1032471526 1.0000307945
2461381.1034068749 0.9990464060
2461381.1035665972 1.0007421994
2461381.1037263195 1.0009166375
2461381.1038860418 1.0004402493
2461381.1040457636 1.0006013106
2461381.1042054859 1.0009328120
2461381.1043652082 0.9999507907
2461381.1045249305 0.9993684112
2461381.1046846528 1.0004569428
2461381.1048443750 0.9997918639
2461381.1050040973 1.0013740871
2461381.1051638192 1.0004339244
2461381.1053235419 0.9994952410
2461381.1054832637 1.0013256533
2461381.1056429860 1.0008301824
2461381.1058027083 0.9997083409
2461381.1059624306 1.0007486752
2461381.1061221529 1.0002927928
2461381.1062818747 1.0000244933
2461381.1064415975 1.0001660395
2461381.1066013193 0.9994077258
2461381.1067610416 0.9998746776
2461381.1069207639 0.9997179946
2461381.1070804861 1.0007472051
2461381.1072402084 1.0014138629
2461381.1073999302 0.9997714127
2461381.1075596530 1.0009160074
2461381.1077193748 1.0007519236
2461381.1078790971 1.0006133700
2461381.1080388194 1.0000143189
2461381.1081985417 0.9992755107
2461381.1083582640 0.9998795295
2461381.1085179863 1.0010177310
2461381.1086777085 0.9998005412
2461381.1088374304 1.0003102362
2461381.1089971527 0.9991487344
2461381.1091568749 0.9996061510
2461381.1093165972 1.0000236594
2461381.1094763195 0.9987886085
2461381.1096360418 1.0005233554
2461381.1097957641 1.0016429938
2461381.1099554859 1.0011906176
2461381.1101152082 1.0000098639
2461381.1102749305 0.9999663371
2461381.1104346528 0.9993444358
2461381.1105943751 1.0005950488
2461381.1107540973 1.0001404816
2461381.1109138196 0.9996307799
2461381.1110735415 0.9992127605
2461381.1112332637 1.0006223073
2461381.1113929860 0.9994535581
2461381.1115527083 1.0007034068
2461381.1117124306 0.9999213995
2461381.1118721529 0.9980723524
2461381.1120318752 1.0002128645
2461381.1121915970 0.9991647248
2461381.1123513193 1.0004129370
2461381.1125110416 1.0023339814
2461381.1126707639 1.0000033724
2461381.1128304861 1.0007017079
2461381.1129902084 0.9995444842
2461381.1131499307 0.9998518001
2461381.1133096525 0.9996274163
2461381.1134693748 1.0011002370
2461381.1136290971 1.0001618459
2461381.1137888194 1.0003229893
2461381.1139485417 0.9994344889
2461381.1141082640 0.9996212149
2461381.1142679863 1.0007965513
2461381.1144277081 0.9993850848
2461381.1145874304 0.9988855720
2461381.1147471527 1.0003939449
2461381.1149068750 1.0004167228
2461381.1150665972 0.9997768562
2461381.1152263195 1.0015302109
2461381.1153860418 0.9986885547
2461381.1155457636 1.0010512219
2461381.1157054859 0.9997628631
2461381.1158652082 1.0010890924
2461381.1160249305 1.0011228722
2461381.1161846528 1.0004244904
2461381.1163443751 1.0004671043
2461381.1165040974 1.0006679035
2461381.1166638192 1.0006703792
2461381.1168235415 1.0001974507
2461381.1169832638 0.9987048581
2461381.1171429860 0.9995772377
2461381.1173027083 1.0010867754
2461381.1174624306 0.9996736233
2461381.1176221529 0.9994264780
2461381.1177818747 1.0010799315
2461381.1179415970 0.9989621921
2461381.1181013193 0.9995571145
2461381.1182610416 1.0000209200
2461381.1184207639 1.0003087357
2461381.1185804862 1.0002497929
2461381.1187402084 1.0006922099
2461381.1188999303 1.0008084699
2461381.1190596530 0.9997188357
2461381.1192193748 0.9999496332
2461381.1193790971 1.0004234383
2461381.1195388194 0.9989746851
2461381.1196985417 1.0012292015
2461381.1198582640 1.0004415772
2461381.1200179858 1.0010806003
2461381.1201777086 1.0004464189
2461381.1203374304 1.0007130605
2461381.1204971527 0.9995434508
2461381.1206568750 1.0000075752
2461381.1208165972 1.0000402984
2461381.1209763195 1.0009410395
2461381.1211360414 1.0017694516
2461381.1212957641 1.0001390424
2461381.1214554859 1.0005963200
2461381.1216152082 1.0012791708
2461381.1217749305 0.9997255872
2461381.1219346528 1.0007325260
2461381.1220943751 0.9996887528
2461381.1222540974 0.9996639230
2461381.1224138197 1.0005118612
2461381.1225735415 1.0001353679
2461381.1227332638 1.0008604654
2461381.1228929861 1.0011404026
2461381.1230527083 0.9999279258
2461381.1232124306 1.0006422417
2461381.1233721529 1.0011171763
2461381.1235318752 1.0006333004
2461381.1236915970 0.9999897774
2461381.1238513193 0.9996702875
2461381.1240110416 1.0012708362
2461381.1241707639 1.0004737983
2461381.1243304862 1.0008223236
2461381.1244902085 0.9985974829
2461381.1246499307 1.0001275850
2461381.1248096526 0.9998357476
2461381.1249693749 1.0002149641
2461381.1251290971 0.9985808821
2461381.1252888194 1.0000257237
2461381.1254485417 1.0002089863
2461381.1256082640 1.0000425287
2461381.1257679863 0.9991320617
2461381.1259277081 1.0004042580
2461381.1260874304 0.9997911491
2461381.1262471527 1.0000861961
2461381.1264068750 0.9988341141
2461381.1265665973 1.0000361081
2461381.1267263195 0.9994755940
2461381.1268860418 1.0003287129
2461381.1270457637 0.9999093930
2461381.1272054859 1.0018010906
2461381.1273652082 1.0006468097
2461381.1275249305 1.0006375366
2461381.1276846528 1.0002919167
2461381.1278443751 1.0002165071
2461381.1280040974 0.9994889527
2461381.1281638192 0.9996013337
2461381.1283235415 1.0005381853
2461381.1284832638 1.0000993532
2461381.1286429861 0.9996542722
2461381.1288027084 1.0001049719
2461381.1289624306 1.0009016374
2461381.1291221529 1.0004961638
2461381.1292818747 1.0016419436
2461381.1294415970 1.0001302910
2461381.1296013193 1.0009199520
2461381.1297610416 1.0015008364
2461381.1299207639 0.9993608966
2461381.1300804862 1.0003181074
2461381.1302402085 0.9997111568
2461381.1303999303 0.9996727677
2461381.1305596526 0.9996794692
2461381.1307193749 0.9996704170
2461381.1308790972 1.0014768672
2461381.1310388194 1.0009461684
2461381.1311985417 1.0007614681
2461381.1313582640 1.0008156731
2461381.1315179858 1.0010084942
2461381.1316777081 1.0007780958
2461381.1318374304 1.0010941048
2461381.1319971527 1.0005200333
2461381.1321568750 0.9999071395
2461381.1323165973 1.0005167729
2461381.1324763196 1.0007497199
2461381.1326360414 1.0005180839
2461381.1327957641 0.9999331369
2461381.1329554860 1.0018420892
2461381.1331152082 0.9998384876
2461381.1332749305 1.0016689375
2461381.1334346528 1.0003728153
2461381.1335943751 1.0020523365
2461381.1337540969 0.9996789922
2461381.1339138197 1.0001598765
2461381.1340735415 1.0017824245
2461381.1342332638 1.0001897412
2461381.1343929861 1.0008521714
2461381.1345527084 1.0001049269
2461381.1347124306 1.0000041378
2461381.1348721525 0.9992212360
2461381.1350318752 1.0005034337
2461381.1351915970 1.0002168407
2461381.1353513193 0.9992515879
2461381.1355110416 0.9996479033
2461381.1356707639 1.0005117665
2461381.1358304862 1.0001457360
2461381.1359902085 1.0001841748
2461381.1361499308 0.9996674727
2461381.1363096526 0.9990597211
2461381.1364693749 0.9992748106
2461381.1366290972 0.9995944072
2461381.1367888195 1.0004932839
2461381.1369485417 0.9998972410
2461381.1371082640 1.0007784343
2461381.1372679863 0.9997713288
2461381.1374277081 0.9997154775
2461381.1375874304 0.9994356515
2461381.1377471527 1.0009927562
2461381.1379068750 1.0001831989
2461381.1380665973 0.9987883880
2461381.1382263196 0.9993237916
2461381.1383860419 1.0012923261
2461381.1385457637 1.0013008951
2461381.1387054860 1.0002687583
2461381.1388652083 0.9991443463
2461381.1390249305 1.0003131335
2461381.1391846528 1.0004479269
2461381.1393443751 1.0005754722
2461381.1395040974 1.0006451757
2461381.1396638192 0.9992887817
2461381.1398235415 0.9996219568
2461381.1399832638 0.9992254512
2461381.1401429861 0.9996745831
2461381.1403027084 0.9990000435
2461381.1404624307 1.0017303158
2461381.1406221529 0.9993041647
2461381.1407818748 1.0004692740
2461381.1409415971 0.9991069193
2461381.1411013193 1.0007945689
2461381.1412610416 0.9997479642
2461381.1414207639 1.0014449010
2461381.1415804862 1.0006951558
2461381.1417402085 1.0009033746
2461381.1418999303 1.0005026096
2461381.1420596526 0.9995389422
2461381.1422193749 1.0012942981
2461381.1423790972 0.9986353366
2461381.1425388195 1.0004753765
2461381.1426985417 0.9998918993
2461381.1428582640 1.0002152223
2461381.1430179859 1.0006416351
2461381.1431777081 0.9994252588
2461381.1433374304 0.9998699300
2461381.1434971527 1.0001516562
2461381.1436568750 0.9997321819
2461381.1438165973 0.9989222560
2461381.1439763196 0.9995394710
2461381.1441360414 0.9994796244
2461381.1442957637 1.0001497427
2461381.1444554860 1.0000113342
2461381.1446152083 0.9997605179
2461381.1447749306 1.0004798067
2461381.1449346528 1.0010217815
2461381.1450943751 1.0011974192
2461381.1452540969 0.9994268678
2461381.1454138192 1.0002279449
2461381.1455735415 1.0004369009
2461381.1457332638 0.9999025702
2461381.1458929861 1.0013471740
2461381.1460527084 1.0012743588
2461381.1462124307 0.9986503132
2461381.1463721525 1.0012053269
2461381.1465318752 0.9996353245
2461381.1466915971 0.9994135859
2461381.1468513194 1.0002052273
2461381.1470110416 1.0006755353
2461381.1471707639 1.0004869804
2461381.1473304862 0.9992349411
2461381.1474902080 0.9998965193
2461381.1476499308 0.9993729556
2461381.1478096526 1.0001204037
2461381.1479693749 1.0002760328
2461381.1481290972 1.0001288386
2461381.1482888195 1.0011424908
2461381.1484485418 0.9997407691
2461381.1486082636 1.0008072151
2461381.1487679863 0.9995589064
2461381.1489277082 1.0002708385
2461381.1490874304 1.0003185273
2461381.1492471527 1.0006726928
2461381.1494068750 0.9990213470
2461381.1495665973 1.0002783733
2461381.1497263196 1.0002850280
2461381.1498860419 0.9998824176
2461381.1500457637 1.0002279237
2461381.1502054860 1.0009716814
2461381.1503652083 1.0004011338
2461381.1505249306 1.0001315832
2461381.1506846529 1.0000439868
2461381.1508443751 0.9992318365
2461381.1510040974 1.0008105150
2461381.1511638192 1.0001741007
2461381.1513235415 1.0000538584
2461381.1514832638 1.0009904327
2461381.1516429861 1.0002687685
2461381.1518027084 1.0009562918
2461381.1519624307 1.0019640501
2461381.1521221530 0.9999060860
2461381.1522818748 0.9996572211
2461381.1524415971 1.0010890574
2461381.1526013194 1.0009268806
2461381.1527610417 1.0000611307
2461381.1529207639 1.0001988332
2461381.1530804862 0.9999991677
2461381.1532402085 1.0005748306
2461381.1533999303 1.0004419350
2461381.1535596526 0.9997519080
2461381.1537193749 0.9991213136
2461381.1538790972 0.9995313197
2461381.1540388195 1.0000389118
2461381.1541985418 0.9998288611
2461381.1543582641 0.9997850076
2461381.1545179859 0.9999102086
2461381.1546777082 1.0013172326
2461381.1548374305 1.0005574602
2461381.1549971527 1.0002997365
2461381.1551568750 1.0004753315
2461381.1553165973 1.0004650228
2461381.1554763196 0.9988971437
2461381.1556360414 0.9999260704
2461381.1557957637 1.0008943709
2461381.1559554860 0.9996677879
2461381.1561152083 0.9993752479
2461381.1562749306 0.9998957173
2461381.1564346529 1.0012121513
2461381.1565943751 1.0001398920
2461381.1567540970 1.0001401676
2461381.1569138193 1.0011314569
2461381.1570735415 1.0001572245
2461381.1572332638 1.0002513636
2461381.1573929861 1.0000970902
2461381.1575527084 0.9995021358
2461381.1577124307 0.9999768584
2461381.1578721525 1.0008962671
2461381.1580318748 1.0014086488
2461381.1581915971 1.0004668608
2461381.1583513194 1.0019425441
2461381.1585110417 1.0002391370
2461381.1586707640 0.9998372271
2461381.1588304862 1.0008352745
2461381.1589902081 1.0019016846
2461381.1591499303 1.0017170455
2461381.1593096526 1.0001445204
2461381.1594693749 1.0003748772
2461381.1596290972 1.0010695195
2461381.1597888195 1.0008480013
2461381.1599485418 0.9995749389
2461381.1601082636 0.9995786393
2461381.1602679864 0.9992868623
2461381.1604277082 0.9998185585
2461381.1605874305 0.9994030126
2461381.1607471528 0.9999229787
2461381.1609068750 1.0008103532
2461381.1610665973 1.0002746855
2461381.1612263191 0.9992352520
2461381.1613860419 1.0000085735
2461381.1615457637 1.0005649936
2461381.1617054860 1.0011507764
2461381.1618652083 1.0005812453
2461381.1620249306 0.9998146024
2461381.1621846529 1.0006158195
2461381.1623443747 1.0002578936
2461381.1625040974 0.9999737771
2461381.1626638193 0.9999298227
2461381.1628235416 0.9997803668
2461381.1629832638 0.9999383976
2461381.1631429861 0.9994869073
2461381.1633027084 1.0007689331
2461381.1634624307 0.9997773831
2461381.1636221530 1.0010483304
2461381.1637818748 0.9997979655
2461381.1639415971 1.0006794895
2461381.1641013194 1.0003972015
2461381.1642610417 1.0019215900
2461381.1644207640 1.0002760767
2461381.1645804862 1.0000002390
2461381.1647402085 0.9997473436
2461381.1648999304 1.0015708785
2461381.1650596526 1.0018839648
2461381.1652193749 1.0001045618
2461381.1653790972 1.0013114403
2461381.1655388195 1.0000758402
2461381.1656985418 0.9996205818
2461381.1658582641 1.0013154479
2461381.1660179859 1.0013818313
2461381.1661777082 0.9995037098
2461381.1663374305 1.0005817679
2461381.1664971528 0.9983950423
2461381.1666568751 0.9998187609
2461381.1668165973 1.0002778662
2461381.1669763196 0.9998377820
2461381.1671360414 1.0001634660
2461381.1672957637 1.0011687505
2461381.1674554860 1.0006529083
2461381.1676152083 1.0008814506
2461381.1677749306 1.0008731012
2461381.1679346529 1.0006337155
2461381.1680943752 0.9995915750
2461381.1682540970 0.9995741079
2461381.1684138193 1.0012575461
2461381.1685735416 0.9996626607
2461381.1687332639 1.0002839243
2461381.1688929861 1.0005194089
2461381.1690527084 0.9991295474
2461381.1692124307 1.0004791486
2461381.1693721525 1.0008000824
2461381.1695318748 1.0001763207
2461381.1696915971 1.0001334267
2461381.1698513194 0.9997132471
2461381.1700110417 0.9994526457
2461381.1701707640 1.0003382332
2461381.1703304863 1.0016407202
2461381.1704902081 0.9997651616
2461381.1706499304 0.9997123511
2461381.1708096527 1.0001591377
2461381.1709693749 0.9997975507
2461381.1711290972 1.0001236049
2461381.1712888195 1.0003036630
2461381.1714485418 0.9997788456
2461381.1716082636 1.0005335796
2461381.1717679859 1.0003412857
2461381.1719277082 1.0006238681
2461381.1720874305 1.0008417127
2461381.1722471528 0.9998047744
2461381.1724068751 1.0009065466
2461381.1725665973 0.9997388739
2461381.1727263192 1.0006765800
2461381.1728860415 0.9997822991
2461381.1730457637 0.9993729640
2461381.1732054860 0.9999514802
2461381.1733652083 1.0008877818
2461381.1735249306 1.0019959689
2461381.1736846529 1.0000684881
2461381.1738443747 1.0007052341
2461381.1740040975 0.9997715762
2461381.1741638193 0.9990335205
2461381.1743235416 1.0003419719
2461381.1744832639 0.9999156231
2461381.1746429862 1.0003183557
2461381.1748027084 1.0011566621
2461381.1749624303 0.9999256556
2461381.1751221530 1.0006190087
2461381.1752818748 1.0004330311
2461381.1754415971 1.0002277746
2461381.1756013194 1.0004075576
2461381.1757610417 1.0002179914
2461381.1759207640 0.9993093054
2461381.1760804858 1.0002269468
2461381.1762402086 0.9993808600
2461381.1763999304 1.0000595406
2461381.1765596527 1.0005956864
2461381.1767193750 1.0017309252
2461381.1768790972 1.0003008518
2461381.1770388195 1.0002195612
2461381.1771985418 1.0002856532
2461381.1773582641 1.0001214496
2461381.1775179859 1.0019114424
2461381.1776777082 1.0007182252
2461381.1778374305 0.9994678580
2461381.1779971528 1.0002398051
2461381.1781568751 1.0005758481
2461381.1783165974 1.0004892007
2461381.1784763196 1.0011465407
2461381.1786360415 0.9999428867
2461381.1787957638 0.9997787360
2461381.1789554860 1.0007063719
2461381.1791152083 1.0007603772
2461381.1792749306 1.0004208204
2461381.1794346529 1.0002187455
2461381.1795943752 0.9999524453
2461381.1797540970 0.9991864267
2461381.1799138193 0.9991334970
2461381.1800735416 1.0005562992
2461381.1802332639 1.0004726702
2461381.1803929862 0.9990188418
2461381.1805527085 1.0001001274
2461381.1807124307 0.9997761191
2461381.1808721526 0.9999808775
2461381.1810318748 1.0005189228
2461381.1811915971 1.0003489858
2461381.1813513194 0.9998708823
2461381.1815110417 0.9998617340
2461381.1816707640 1.0007133081
2461381.1818304863 1.0012968365
2461381.1819902081 0.9999898520
2461381.1821499304 0.9981716620
2461381.1823096527 1.0009162801
2461381.1824693750 0.9995541398
2461381.1826290973 0.9995472767
2461381.1827888195 1.0001996312
2461381.1829485418 0.9992017644
2461381.1831082636 0.9993252971
2461381.1832679859 1.0014550918
2461381.1834277082 0.9996931479
2461381.1835874305 1.0004609667
2461381.1837471528 0.9995344195
2461381.1839068751 0.9990493008
2461381.1840665974 0.9997787558
2461381.1842263192 0.9998170916
2461381.1843860415 1.0011356613
2461381.1845457638 1.0007894886
2461381.1847054861 1.0001772292
2461381.1848652083 0.9996222104
2461381.1850249306 0.9998712407
2461381.1851846529 1.0012351103
2461381.1853443747 1.0012374183
2461381.1855040970 0.9996519824
2461381.1856638193 0.9987416589
2461381.1858235416 0.9985144396
2461381.1859832639 0.9982134327
2461381.1861429862 1.0007484963
2461381.1863027085 1.0009371910
2461381.1864624303 1.0005912398
2461381.1866221526 1.0002138827
2461381.1867818749 1.0006212594
2461381.1869415971 1.0004776334
2461381.1871013194 1.0007695490
2461381.1872610417 0.9995073280
2461381.1874207640 1.0010354797
