2461232.2280787700 1.0030794107
2461232.2282384923 1.0029332192
2461232.2283982146 1.0024295348
2461232.2285579368 1.0039637039
2461232.2287176587 1.0026360987
2461232.2288773810 1.0035541508
2461232.2290371032 1.0040870475
2461232.2291968255 1.0027578120
2461232.2293565478 1.0019281494
2461232.2295162701 1.0032659284
2461232.2296759924 1.0037843203
2461232.2298357142 1.0025406487
2461232.2299954365 1.0018424482
2461232.2301551588 1.0018460793
2461232.2303148811 1.0021065958
2461232.2304746034 1.0028035477
2461232.2306343256 1.0021312322
2461232.2307940479 1.0018567917
2461232.2309537698 1.0019586463
2461232.2311134920 1.0027224234
2461232.2312732143 1.0035783339
2461232.2314329366 1.0034084305
2461232.2315926589 1.0034529278
2461232.2317523812 1.0026059957
2461232.2319121035 1.0025022767
2461232.2320718253 1.0015597376
2461232.2322315476 1.0017552479
2461232.2323912699 1.0019996302
2461232.2325509922 1.0029030006
2461232.2327107145 1.0007223932
2461232.2328704367 1.0016224885
2461232.2330301590 1.0020157783
2461232.2331898808 1.0015811452
2461232.2333496031 1.0016244739
2461232.2335093254 1.0018078715
2461232.2336690477 1.0022942671
2461232.2338287700 1.0012758114
2461232.2339884923 1.0019410260
2461232.2341482146 1.0027587519
2461232.2343079364 1.0009564193
2461232.2344676587 1.0027155902
2461232.2346273810 1.0007664368
2461232.2347871033 1.0013601863
2461232.2349468255 1.0015782205
2461232.2351065478 1.0023685087
2461232.2352662701 1.0022085899
2461232.2354259919 1.0014902626
2461232.2355857142 1.0025129410
2461232.2357454365 1.0017335464
2461232.2359051588 1.0010385491
2461232.2360648811 1.0016178287
2461232.2362246034 1.0021776366
2461232.2363843257 1.0021543246
2461232.2365440475 1.0018652061
2461232.2367037698 1.0004115082
2461232.2368634921 1.0019924102
2461232.2370232143 1.0018304774
2461232.2371829366 0.9996822363
2461232.2373426589 1.0008320240
2461232.2375023812 1.0003093080
2461232.2376621030 1.0023624466
2461232.2378218253 1.0005542669
2461232.2379815476 1.0025750223
2461232.2381412699 1.0008766992
2461232.2383009922 1.0015871605
2461232.2384607145 1.0009782769
2461232.2386204368 1.0007549974
2461232.2387801586 1.0014919324
2461232.2389398813 0.9993901444
2461232.2390996031 1.0007334682
2461232.2392593254 1.0030577799
2461232.2394190477 1.0000997375
2461232.2395787700 0.9998631077
2461232.2397384923 1.0001614086
2461232.2398982141 1.0001881972
2461232.2400579369 1.0011640548
2461232.2402176587 1.0009246341
2461232.2403773810 0.9998666631
2461232.2405371033 1.0020339745
2461232.2406968256 0.9998758329
2461232.2408565478 1.0013797059
2461232.2410162697 1.0012190053
2461232.2411759924 1.0009562944
2461232.2413357142 0.9996389021
2461232.2414954365 0.9997445896
2461232.2416551588 1.0009940803
2461232.2418148811 0.9998821475
2461232.2419746034 0.9998296917
2461232.2421343252 1.0004280949
2461232.2422940480 1.0008894865
2461232.2424537698 0.9998484891
2461232.2426134921 1.0011706792
2461232.2427732144 0.9992791715
2461232.2429329366 1.0011041969
2461232.2430926589 1.0008972808
2461232.2432523812 1.0011067924
2461232.2434121035 1.0002126104
2461232.2435718253 0.9996606500
2461232.2437315476 1.0003466981
2461232.2438912699 1.0011961260
2461232.2440509922 1.0019575856
2461232.2442107145 0.9995571475
2461232.2443704368 1.0017984937
2461232.2445301590 1.0010850559
2461232.2446898809 1.0007196884
2461232.2448496032 1.0002014287
2461232.2450093254 1.0008469999
2461232.2451690477 0.9999707738
2461232.2453287700 1.0008712436
2461232.2454884923 0.9998809589
2461232.2456482146 1.0006744550
2461232.2458079364 1.0012356787
2461232.2459676587 1.0014977409
2461232.2461273810 1.0001727668
2461232.2462871033 1.0006057494
2461232.2464468256 1.0005329005
2461232.2466065479 1.0002095042
2461232.2467662701 0.9998184434
2461232.2469259920 1.0013452223
2461232.2470857142 1.0013275007
2461232.2472454365 1.0006078703
2461232.2474051588 0.9998469778
2461232.2475648811 1.0002535224
2461232.2477246034 0.9997726642
2461232.2478843257 1.0010668196
2461232.2480440475 1.0001613766
2461232.2482037698 1.0013224443
2461232.2483634921 1.0002371725
2461232.2485232144 1.0009836941
2461232.2486829367 1.0018249373
2461232.2488426589 1.0005932598
2461232.2490023812 1.0018476998
2461232.2491621030 1.0007848610
2461232.2493218253 1.0007277312
2461232.2494815476 0.9995483502
2461232.2496412699 1.0001607792
2461232.2498009922 1.0000879927
2461232.2499607145 1.0009039381
2461232.2501204368 1.0000360424
2461232.2502801586 0.9995192162
2461232.2504398809 1.0004268342
2461232.2505996032 0.9997523547
2461232.2507593255 1.0010427874
2461232.2509190477 1.0006487890
2461232.2510787700 0.9999242834
2461232.2512384923 0.9993077433
2461232.2513982141 1.0003463731
2461232.2515579364 1.0022020632
2461232.2517176587 1.0001679889
2461232.2518773810 0.9995995509
2461232.2520371033 1.0001926778
2461232.2521968256 1.0006001701
2461232.2523565479 1.0007602993
2461232.2525162697 0.9999252016
2461232.2526759924 1.0000310231
2461232.2528357143 1.0004825418
2461232.2529954365 1.0010524058
2461232.2531551588 1.0013147884
2461232.2533148811 1.0002057428
2461232.2534746034 1.0014307053
2461232.2536343252 0.9999577013
2461232.2537940480 1.0001889403
2461232.2539537698 1.0003560813
2461232.2541134921 0.9991397750
2461232.2542732144 1.0009075020
2461232.2544329367 0.9997036074
2461232.2545926590 0.9995589320
2461232.2547523808 1.0004714142
2461232.2549121035 0.9989621460
2461232.2550718253 1.0015359349
2461232.2552315476 1.0002746976
2461232.2553912699 1.0002815592
2461232.2555509922 0.9999980598
2461232.2557107145 1.0005548207
2461232.2558704363 0.9999565966
2461232.2560301591 1.0002750291
2461232.2561898809 1.0012537223
2461232.2563496032 1.0006273471
2461232.2565093255 1.0003102437
2461232.2566690478 1.0003247320
2461232.2568287700 0.9997737926
2461232.2569884923 0.9989271037
2461232.2571482146 0.9991035904
2461232.2573079364 1.0002989923
2461232.2574676587 0.9999705692
2461232.2576273810 1.0018712437
2461232.2577871033 0.9997767849
2461232.2579468256 0.9992626825
2461232.2581065479 0.9995066992
2461232.2582662702 0.9998365682
2461232.2584259920 1.0000421796
2461232.2585857143 0.9999706517
2461232.2587454366 1.0000797213
2461232.2589051588 1.0007403560
2461232.2590648811 1.0009883822
2461232.2592246034 1.0004618900
2461232.2593843257 1.0004240874
2461232.2595440475 1.0007731190
2461232.2597037698 0.9979357178
2461232.2598634921 0.9995662729
2461232.2600232144 1.0000774522
2461232.2601829367 1.0005634671
2461232.2603426590 1.0005457769
2461232.2605023813 1.0011927162
2461232.2606621031 1.0001509345
2461232.2608218254 1.0002873400
2461232.2609815476 1.0000286853
2461232.2611412699 0.9992107339
2461232.2613009922 1.0005225691
2461232.2614607145 1.0007424523
2461232.2616204368 1.0001548165
2461232.2617801586 1.0010149863
2461232.2619398809 1.0008481476
2461232.2620996032 1.0003093096
2461232.2622593255 0.9993480953
2461232.2624190478 0.9993252470
2461232.2625787701 1.0011189702
2461232.2627384923 1.0002094266
2461232.2628982142 1.0008741021
2461232.2630579364 0.9992190995
2461232.2632176587 0.9987850376
2461232.2633773810 0.9998577525
2461232.2635371033 1.0002721085
2461232.2636968256 1.0002051617
2461232.2638565479 1.0009640739
2461232.2640162697 0.9999521263
2461232.2641759920 1.0015001006
2461232.2643357143 1.0007905259
2461232.2644954366 1.0018063785
2461232.2646551589 0.9995902923
2461232.2648148811 1.0005300974
2461232.2649746034 1.0014232523
2461232.2651343253 0.9995778299
2461232.2652940475 1.0005460896
2461232.2654537698 0.9995342384
2461232.2656134921 1.0013779775
2461232.2657732144 1.0002540904
2461232.2659329367 1.0006587277
2461232.2660926590 1.0011177482
2461232.2662523808 0.9999019572
2461232.2664121035 1.0008019388
2461232.2665718254 0.9997004158
2461232.2667315477 1.0002253243
2461232.2668912699 0.9997969040
2461232.2670509922 1.0004972763
2461232.2672107145 1.0008247343
2461232.2673704363 0.9994532595
2461232.2675301591 1.0000701331
2461232.2676898809 1.0001438676
2461232.2678496032 1.0020058696
2461232.2680093255 0.9994978029
2461232.2681690478 1.0007197420
2461232.2683287701 0.9994965057
2461232.2684884919 1.0004858800
2461232.2686482146 0.9991620528
2461232.2688079365 0.9999368651
2461232.2689676587 1.0003847889
2461232.2691273810 1.0011030640
2461232.2692871033 0.9997038941
2461232.2694468256 0.9993730090
2461232.2696065474 0.9998334899
2461232.2697662702 1.0012482321
2461232.2699259920 0.9997199227
2461232.2700857143 0.9990782484
2461232.2702454366 1.0005885559
2461232.2704051589 0.9988705353
2461232.2705648812 1.0011537276
2461232.2707246034 0.9999487226
2461232.2708843257 0.9992744734
2461232.2710440475 0.9999797451
2461232.2712037698 1.0003817094
2461232.2713634921 0.9974380099
2461232.2715232144 0.9983654820
2461232.2716829367 1.0012951939
2461232.2718426590 1.0001779088
2461232.2720023813 0.9995009422
2461232.2721621031 0.9995105512
2461232.2723218254 1.0011095152
2461232.2724815477 0.9998831044
2461232.2726412700 1.0002707414
2461232.2728009922 1.0010391832
2461232.2729607145 1.0005074313
2461232.2731204368 1.0001151673
2461232.2732801586 0.9992140177
2461232.2734398809 0.9996541936
2461232.2735996032 0.9994909837
2461232.2737593255 0.9992108855
2461232.2739190478 1.0002926380
2461232.2740787701 1.0005684786
2461232.2742384924 1.0004771857
2461232.2743982142 1.0005677074
2461232.2745579365 1.0006527805
2461232.2747176588 0.9998086399
2461232.2748773810 0.9991598512
2461232.2750371033 0.9995906024
2461232.2751968256 0.9995411161
2461232.2753565479 0.9995892026
2461232.2755162697 0.9998169120
2461232.2756759920 0.9992847645
2461232.2758357143 0.9984480333
2461232.2759954366 0.9988677168
2461232.2761551589 0.9991724875
2461232.2763148812 1.0003651762
2461232.2764746035 0.9995934030
2461232.2766343253 0.9995408996
2461232.2767940476 1.0000318650
2461232.2769537698 1.0000256058
2461232.2771134921 1.0007861011
2461232.2772732144 1.0006952217
2461232.2774329367 0.9999200334
2461232.2775926590 0.9996577527
2461232.2777523808 1.0009988323
2461232.2779121031 1.0000252140
2461232.2780718254 0.9997197277
2461232.2782315477 0.9998920408
2461232.2783912700 0.9993249931
2461232.2785509923 1.0010013382
2461232.2787107145 0.9999902046
2461232.2788704364 0.9996545862
2461232.2790301587 0.9994798882
2461232.2791898809 0.9995544784
2461232.2793496032 1.0009167909
2461232.2795093255 0.9995398555
2461232.2796690478 0.9999787297
2461232.2798287701 1.0003661714
2461232.2799884919 1.0008856630
2461232.2801482147 0.9999064754
2461232.2803079365 1.0008471270
2461232.2804676588 0.9986467082
2461232.2806273811 1.0000411975
2461232.2807871033 0.9992258053
2461232.2809468256 1.0002139651
2461232.2811065475 1.0013521428
2461232.2812662702 0.9999936389
2461232.2814259920 1.0001440505
2461232.2815857143 1.0008212819
2461232.2817454366 1.0003543977
2461232.2819051589 1.0003175544
2461232.2820648812 0.9989705017
2461232.2822246030 1.0001794072
2461232.2823843258 1.0007327597
2461232.2825440476 0.9992931179
2461232.2827037699 0.9995430728
2461232.2828634921 0.9989136683
2461232.2830232144 1.0003983368
2461232.2831829367 0.9994391612
2461232.2833426585 0.9995984952
2461232.2835023813 1.0007892319
2461232.2836621031 1.0011544515
2461232.2838218254 1.0003136412
2461232.2839815477 0.9998680291
2461232.2841412700 1.0006311980
2461232.2843009923 0.9994240342
2461232.2844607146 0.9997027799
2461232.2846204368 0.9996539392
2461232.2847801587 0.9999106375
2461232.2849398809 0.9995902935
2461232.2850996032 1.0012016217
2461232.2852593255 1.0003961686
2461232.2854190478 1.0010105463
2461232.2855787701 0.9998634605
2461232.2857384924 1.0010123730
2461232.2858982142 0.9987511589
2461232.2860579365 1.0006445046
2461232.2862176588 1.0008903359
2461232.2863773811 0.9998114946
2461232.2865371034 0.9997068319
2461232.2866968256 1.0009852870
2461232.2868565479 1.0005102333
2461232.2870162698 0.9990064436
2461232.2871759920 0.9998985764
2461232.2873357143 0.9998435967
2461232.2874954366 1.0004578597
2461232.2876551589 1.0010865069
2461232.2878148812 1.0008322895
2461232.2879746035 1.0002200376
2461232.2881343253 1.0002268824
2461232.2882940476 0.9991387881
2461232.2884537699 1.0005225080
2461232.2886134922 0.9995391009
2461232.2887732144 0.9998464414
2461232.2889329367 1.0000286781
2461232.2890926590 0.9995503576
2461232.2892523808 1.0013611849
2461232.2894121031 1.0001505821
2461232.2895718254 1.0000599532
2461232.2897315477 0.9998734396
2461232.2898912700 1.0000836722
2461232.2900509923 1.0009074184
2461232.2902107146 1.0009017043
2461232.2903704364 1.0009661711
2461232.2905301587 1.0001847149
2461232.2906898810 0.9993118557
2461232.2908496032 1.0003612016
2461232.2910093255 0.9995568620
2461232.2911690478 1.0002823083
2461232.2913287701 0.9998466539
2461232.2914884919 0.9998105123
2461232.2916482142 1.0013012131
2461232.2918079365 0.9989351395
2461232.2919676588 1.0007379591
2461232.2921273811 1.0001171708
2461232.2922871034 0.9992619220
2461232.2924468257 1.0004450765
2461232.2926065475 1.0009099032
2461232.2927662698 0.9996306558
2461232.2929259920 0.9990935451
2461232.2930857143 1.0008687052
2461232.2932454366 1.0006249227
2461232.2934051589 1.0005510088
2461232.2935648812 0.9991145735
2461232.2937246030 0.9996779229
2461232.2938843258 0.9996520332
2461232.2940440476 1.0002355728
2461232.2942037699 0.9998003421
2461232.2943634922 0.9996554919
2461232.2945232145 1.0005827031
2461232.2946829367 0.9988692809
2461232.2948426586 0.9995199431
2461232.2950023813 0.9996082470
2461232.2951621031 0.9985354332
2461232.2953218254 1.0012854760
2461232.2954815477 1.0003573942
2461232.2956412700 1.0007049858
2461232.2958009923 1.0003699455
2461232.2959607141 1.0007558055
2461232.2961204369 0.9991455786
2461232.2962801587 0.9996095519
2461232.2964398810 0.9987340498
2461232.2965996033 1.0014421706
2461232.2967593255 0.9993649302
2461232.2969190478 0.9999087350
2461232.2970787697 1.0005466080
2461232.2972384924 1.0002195816
2461232.2973982142 1.0001773909
2461232.2975579365 1.0009318859
2461232.2977176588 1.0007035451
2461232.2978773811 1.0005955621
2461232.2980371034 1.0007562100
2461232.2981968257 0.9997817489
2461232.2983565480 1.0004705201
2461232.2985162698 0.9995753904
2461232.2986759921 0.9995914045
2461232.2988357143 1.0009455592
2461232.2989954366 0.9996580358
2461232.2991551589 1.0015626884
2461232.2993148812 0.9994968578
2461232.2994746035 1.0000892211
2461232.2996343253 0.9985125140
2461232.2997940476 0.9992632830
2461232.2999537699 1.0001461493
2461232.3001134922 1.0003001739
2461232.3002732145 0.9993468872
2461232.3004329368 1.0001999230
2461232.3005926590 1.0001668492
2461232.3007523809 1.0008358792
2461232.3009121032 1.0002072343
2461232.3010718254 0.9998572898
2461232.3012315477 0.9990017614
2461232.3013912700 0.9989316907
2461232.3015509923 1.0005753229
2461232.3017107146 1.0000093041
2461232.3018704364 1.0000259616
2461232.3020301587 1.0005251777
2461232.3021898810 0.9990260708
2461232.3023496033 0.9997209674
2461232.3025093256 0.9996756718
2461232.3026690478 0.9996201884
2461232.3028287701 0.9993228706
2461232.3029884920 0.9991669147
2461232.3031482142 0.9992593371
2461232.3033079365 0.9996498911
2461232.3034676588 1.0002876829
2461232.3036273811 1.0013587484
2461232.3037871034 0.9994971742
2461232.3039468257 1.0000688865
2461232.3041065475 0.9991270258
2461232.3042662698 0.9997006100
2461232.3044259921 1.0000587452
2461232.3045857144 0.9996651191
2461232.3047454366 1.0002013446
2461232.3049051589 0.9999963839
2461232.3050648812 1.0008487673
2461232.3052246030 0.9990949251
2461232.3053843253 0.9995556784
2461232.3055440476 0.9995815388
2461232.3057037699 0.9999046420
2461232.3058634922 1.0004550106
2461232.3060232145 1.0010138605
2461232.3061829368 0.9992659466
2461232.3063426586 1.0002346521
2461232.3065023809 1.0003712455
2461232.3066621032 1.0000376003
2461232.3068218254 0.9991069163
2461232.3069815477 0.9998237380
2461232.3071412700 0.9999455563
2461232.3073009923 0.9984674374
2461232.3074607141 1.0009274039
2461232.3076204369 1.0003955603
2461232.3077801587 0.9993460392
2461232.3079398810 1.0009606728
2461232.3080996033 1.0003306410
2461232.3082593256 1.0004639769
2461232.3084190479 0.9988451594
2461232.3085787697 1.0002621647
2461232.3087384924 1.0006040076
2461232.3088982143 0.9997055297
2461232.3090579365 0.9994122462
2461232.3092176588 0.9994409442
2461232.3093773811 1.0003239206
2461232.3095371034 1.0001375939
2461232.3096968252 0.9991924777
2461232.3098565480 0.9988147295
2461232.3100162698 1.0001281366
2461232.3101759921 0.9994536458
2461232.3103357144 1.0003640533
2461232.3104954367 1.0008355636
2461232.3106551589 0.9991612428
2461232.3108148808 0.9991920267
2461232.3109746035 1.0003785629
2461232.3111343253 0.9996379459
2461232.3112940476 0.9999767260
2461232.3114537699 1.0008708343
2461232.3116134922 0.9998500088
2461232.3117732145 1.0002410132
2461232.3119329368 1.0001041765
2461232.3120926591 0.9993305916
2461232.3122523809 1.0007960166
2461232.3124121032 1.0003266963
2461232.3125718255 0.9997303976
2461232.3127315477 1.0005180843
2461232.3128912700 0.9999803924
2461232.3130509923 1.0008704279
2461232.3132107146 1.0004357692
2461232.3133704364 1.0006358309
2461232.3135301587 0.9997767051
2461232.3136898810 1.0009970119
2461232.3138496033 1.0001942217
2461232.3140093256 1.0003411874
2461232.3141690479 1.0009442591
2461232.3143287702 0.9991490904
2461232.3144884920 1.0002952972
2461232.3146482143 0.9998981417
2461232.3148079365 0.9998723405
2461232.3149676588 0.9993240337
2461232.3151273811 1.0001194131
2461232.3152871034 1.0005485590
2461232.3154468257 0.9994145509
2461232.3156065475 0.9999971569
2461232.3157662698 1.0003637766
2461232.3159259921 0.9977372499
2461232.3160857144 0.9999510700
2461232.3162454367 0.9992912160
2461232.3164051590 0.9996074516
2461232.3165648812 1.0002011185
2461232.3167246031 1.0003830935
2461232.3168843254 0.9995961387
2461232.3170440476 0.9998764446
2461232.3172037699 1.0008745320
2461232.3173634922 1.0008099727
2461232.3175232145 1.0001512903
2461232.3176829368 1.0003489746
2461232.3178426586 0.9998703008
2461232.3180023809 0.9993233437
2461232.3181621032 1.0000683865
2461232.3183218255 0.9988251200
2461232.3184815478 0.9989869543
2461232.3186412700 0.9995992883
2461232.3188009923 1.0006219623
2461232.3189607142 0.9996990139
2461232.3191204364 1.0000546539
2461232.3192801587 0.9992787133
2461232.3194398810 1.0002597634
2461232.3195996033 0.9990816893
2461232.3197593256 0.9987769140
2461232.3199190479 0.9998522424
2461232.3200787697 1.0009628405
2461232.3202384920 0.9996976806
2461232.3203982143 0.9998350522
2461232.3205579366 0.9993778214
2461232.3207176588 0.9998044750
2461232.3208773811 1.0003655062
2461232.3210371034 0.9992123205
2461232.3211968252 0.9982842302
2461232.3213565475 0.9987517387
2461232.3215162698 1.0008481152
2461232.3216759921 1.0002955845
2461232.3218357144 1.0001674842
2461232.3219954367 1.0009813739
2461232.3221551590 0.9997043550
2461232.3223148808 0.9998868971
2461232.3224746035 1.0013286905
2461232.3226343254 0.9996183979
2461232.3227940476 1.0002809805
2461232.3229537699 0.9994018003
2461232.3231134922 0.9990767272
2461232.3232732145 0.9998885724
2461232.3234329363 1.0001286223
2461232.3235926591 0.9996311752
2461232.3237523809 0.9996380105
2461232.3239121032 1.0003001005
2461232.3240718255 0.9992023303
2461232.3242315478 1.0001588149
2461232.3243912701 0.9997660535
2461232.3245509919 0.9995919691
2461232.3247107146 1.0002333263
2461232.3248704365 0.9995235417
2461232.3250301587 0.9991107017
2461232.3251898810 0.9995292877
2461232.3253496033 0.9986343781
2461232.3255093256 0.9986858108
2461232.3256690479 0.9989672705
2461232.3258287702 0.9992859724
2461232.3259884920 1.0005508697
2461232.3261482143 0.9998359242
2461232.3263079366 1.0001760507
2461232.3264676589 0.9999570297
2461232.3266273811 0.9993017368
2461232.3267871034 0.9998009484
2461232.3269468257 0.9993308830
2461232.3271065475 0.9999004781
2461232.3272662698 1.0000534711
2461232.3274259921 1.0012433372
2461232.3275857144 1.0007075884
2461232.3277454367 0.9998916461
2461232.3279051590 0.9992523317
2461232.3280648813 1.0004297339
2461232.3282246031 1.0006118617
2461232.3283843254 1.0000192391
2461232.3285440477 1.0009462323
2461232.3287037699 0.9997047974
2461232.3288634922 0.9982028967
2461232.3290232145 1.0007147727
2461232.3291829368 0.9991490832
2461232.3293426586 0.9993536270
2461232.3295023809 1.0006566381
2461232.3296621032 1.0011499534
2461232.3298218255 0.9993249264
2461232.3299815478 1.0001302387
2461232.3301412701 0.9997274795
2461232.3303009924 1.0004954074
2461232.3304607142 0.9988990883
2461232.3306204365 1.0008254443
2461232.3307801588 0.9997901828
2461232.3309398810 1.0003717766
2461232.3310996033 1.0000180391
2461232.3312593256 0.9991921964
2461232.3314190479 1.0011322457
2461232.3315787697 0.9997128711
2461232.3317384920 1.0018916103
2461232.3318982143 0.9986038305
2461232.3320579366 1.0002328429
2461232.3322176589 0.9991763795
2461232.3323773812 1.0003125317
2461232.3325371034 0.9994709609
2461232.3326968253 0.9998347697
2461232.3328565476 1.0005385848
2461232.3330162698 1.0001406477
2461232.3331759921 0.9992176785
2461232.3333357144 0.9992328506
2461232.3334954367 1.0004432799
2461232.3336551590 1.0006081816
2461232.3338148808 0.9996983148
2461232.3339746031 0.9992931803
2461232.3341343254 1.0004304628
2461232.3342940477 1.0007791145
2461232.3344537700 1.0000395448
2461232.3346134922 0.9998511105
2461232.3347732145 0.9998774814
2461232.3349329364 1.0007961679
2461232.3350926586 1.0005756631
2461232.3352523809 0.9988480698
2461232.3354121032 1.0000262513
2461232.3355718255 0.9985898429
2461232.3357315478 0.9996625313
2461232.3358912701 1.0000283227
2461232.3360509919 0.9999681949
2461232.3362107147 0.9998903457
2461232.3363704365 0.9996852588
2461232.3365301588 1.0006537588
2461232.3366898810 0.9996296627
2461232.3368496033 1.0006544542
2461232.3370093256 0.9988488447
2461232.3371690474 1.0016300065
2461232.3373287702 0.9998635464
2461232.3374884920 0.9994733253
2461232.3376482143 0.9989672612
2461232.3378079366 0.9994408349
2461232.3379676589 1.0005945461
2461232.3381273812 1.0006906324
2461232.3382871030 0.9989195850
2461232.3384468257 0.9998336246
2461232.3386065476 0.9991290492
2461232.3387662699 1.0002469367
2461232.3389259921 1.0011882144
2461232.3390857144 1.0004584699
2461232.3392454367 1.0002280037
2461232.3394051590 1.0005214141
2461232.3395648813 1.0010916805
2461232.3397246031 1.0013461573
2461232.3398843254 0.9993522642
2461232.3400440477 1.0001919093
2461232.3402037700 1.0000865708
2461232.3403634923 0.9992429001
2461232.3405232145 0.9985842470
2461232.3406829368 1.0009716263
2461232.3408426587 0.9993130725
2461232.3410023809 1.0002589277
2461232.3411621032 0.9995435590
2461232.3413218255 0.9996057640
2461232.3414815478 0.9990342564
2461232.3416412701 1.0004175999
2461232.3418009924 0.9996961382
2461232.3419607142 1.0007589351
2461232.3421204365 0.9990461371
2461232.3422801588 0.9997966573
2461232.3424398811 0.9991201734
2461232.3425996033 1.0010173853
2461232.3427593256 1.0006079071
2461232.3429190479 1.0009732201
2461232.3430787697 1.0001801523
2461232.3432384920 1.0003407408
2461232.3433982143 0.9998519853
2461232.3435579366 0.9986737791
2461232.3437176589 1.0020391340
2461232.3438773812 0.9996494872
2461232.3440371035 1.0001350909
2461232.3441968253 0.9996079773
2461232.3443565476 0.9990856384
2461232.3445162699 0.9989865873
2461232.3446759921 0.9995543109
2461232.3448357144 0.9992790221
2461232.3449954367 0.9983907849
2461232.3451551590 0.9999437343
2461232.3453148808 1.0020934817
2461232.3454746031 0.9996442819
2461232.3456343254 0.9989756156
2461232.3457940477 1.0010652810
2461232.3459537700 0.9998042962
2461232.3461134923 0.9998977568
2461232.3462732146 1.0003790982
2461232.3464329364 1.0005955547
2461232.3465926587 1.0009842820
2461232.3467523810 1.0004912976
2461232.3469121032 1.0013072490
2461232.3470718255 1.0009687407
2461232.3472315478 0.9997448571
2461232.3473912701 0.9997667941
2461232.3475509919 0.9995808558
2461232.3477107142 1.0008871352
2461232.3478704365 0.9992445202
2461232.3480301588 1.0003017940
2461232.3481898811 1.0011890902
2461232.3483496034 1.0016601940
2461232.3485093256 0.9994892942
2461232.3486690475 1.0006618841
2461232.3488287698 0.9996174135
2461232.3489884920 1.0007171210
2461232.3491482143 0.9994336833
2461232.3493079366 0.9991009743
2461232.3494676589 0.9997287454
2461232.3496273812 0.9993330620
2461232.3497871030 0.9996571504
2461232.3499468258 0.9994744903
2461232.3501065476 1.0002448792
2461232.3502662699 0.9999931198
2461232.3504259922 0.9995102564
2461232.3505857144 0.9983407739
2461232.3507454367 1.0000994140
2461232.3509051586 1.0005257269
2461232.3510648813 0.9984359647
2461232.3512246031 1.0002164545
2461232.3513843254 0.9999094917
2461232.3515440477 0.9987002225
2461232.3517037700 0.9998042323
2461232.3518634923 0.9996255587
2461232.3520232141 1.0000641419
2461232.3521829369 1.0013887999
2461232.3523426587 1.0000584029
2461232.3525023810 1.0005340662
2461232.3526621033 1.0001595517
2461232.3528218255 0.9992687600
2461232.3529815478 0.9999440519
2461232.3531412701 0.9999339418
2461232.3533009924 0.9990312620
2461232.3534607142 1.0003137644
2461232.3536204365 0.9997154866
2461232.3537801588 1.0006345594
2461232.3539398811 1.0005455021
2461232.3540996034 1.0005498944
2461232.3542593257 0.9996805072
2461232.3544190479 0.9998035847
2461232.3545787698 0.9986170898
2461232.3547384921 1.0002405659
2461232.3548982143 1.0000139605
2461232.3550579366 0.9989272544
2461232.3552176589 0.9995571529
2461232.3553773812 1.0010364334
2461232.3555371035 1.0001677788
2461232.3556968253 1.0002847825
2461232.3558565476 1.0001057561
2461232.3560162699 0.9987658800
2461232.3561759922 0.9991834758
2461232.3563357145 0.9988005862
2461232.3564954367 0.9991148956
2461232.3566551590 1.0008385603
2461232.3568148809 0.9997109958
2461232.3569746031 0.9983446719
2461232.3571343254 0.9993295515
2461232.3572940477 0.9988931000
2461232.3574537700 0.9996715294
2461232.3576134923 1.0013044961
2461232.3577732146 0.9987317260
2461232.3579329364 1.0008556344
2461232.3580926587 0.9997980744
2461232.3582523810 1.0007853608
2461232.3584121033 0.9994474458
2461232.3585718255 1.0001178803
2461232.3587315478 0.9988515484
2461232.3588912701 1.0000749892
2461232.3590509919 1.0003196420
2461232.3592107142 1.0008387217
2461232.3593704365 1.0001846721
2461232.3595301588 1.0009523766
2461232.3596898811 1.0010868063
2461232.3598496034 1.0006465480
2461232.3600093257 1.0000993150
2461232.3601690475 0.9999207565
2461232.3603287698 0.9994780719
2461232.3604884921 0.9986823281
2461232.3606482144 0.9986468933
2461232.3608079366 0.9995255991
2461232.3609676589 0.9994016756
2461232.3611273812 1.0006249884
2461232.3612871030 0.9988584330
2461232.3614468253 1.0004763608
2461232.3616065476 0.9992302245
2461232.3617662699 0.9993638357
2461232.3619259922 1.0010997505
2461232.3620857145 1.0001916533
2461232.3622454368 0.9986875263
2461232.3624051586 0.9995707710
2461232.3625648809 0.9982984663
2461232.3627246032 1.0002160541
2461232.3628843254 1.0003006544
2461232.3630440477 0.9992198950
2461232.3632037700 1.0004124220
2461232.3633634923 0.9982095182
2461232.3635232141 1.0001541374
2461232.3636829369 1.0003999257
2461232.3638426587 1.0006594524
2461232.3640023810 1.0011333953
2461232.3641621033 0.9995592367
2461232.3643218256 0.9995357527
2461232.3644815478 0.9994879475
2461232.3646412697 1.0006492631
2461232.3648009924 0.9991673849
2461232.3649607142 1.0012405194
2461232.3651204365 1.0011027175
2461232.3652801588 1.0006324154
2461232.3654398811 1.0005807755
2461232.3655996034 0.9995926791
2461232.3657593252 1.0000135344
2461232.3659190480 0.9991148838
2461232.3660787698 1.0017567993
2461232.3662384921 0.9998662273
2461232.3663982144 1.0006356594
2461232.3665579366 0.9999227093
2461232.3667176589 1.0000999650
2461232.3668773812 1.0004656308
2461232.3670371035 0.9995157883
2461232.3671968253 0.9997222801
2461232.3673565476 1.0000301290
2461232.3675162699 1.0013286935
2461232.3676759922 1.0010330348
2461232.3678357145 0.9995644258
2461232.3679954368 1.0003845610
2461232.3681551591 1.0008277940
2461232.3683148809 0.9997098751
2461232.3684746032 1.0001986389
2461232.3686343255 1.0001223199
2461232.3687940477 1.0003623736
2461232.3689537700 1.0004597021
2461232.3691134923 1.0008902309
2461232.3692732146 0.9994799317
2461232.3694329364 0.9997026232
2461232.3695926587 0.9999857420
2461232.3697523810 1.0007416505
2461232.3699121033 0.9987964198
2461232.3700718256 0.9992904636
2461232.3702315479 1.0008411925
2461232.3703912701 1.0007526073
2461232.3705509920 0.9997609275
2461232.3707107143 1.0015629152
2461232.3708704365 1.0006521594
2461232.3710301588 0.9990219528
2461232.3711898811 0.9999339781
2461232.3713496034 1.0000656614
2461232.3715093257 0.9997785848
2461232.3716690475 1.0003930375
2461232.3718287698 1.0004488855
2461232.3719884921 0.9998842742
2461232.3721482144 0.9994874361
2461232.3723079367 1.0004145278
2461232.3724676589 1.0001591152
2461232.3726273812 0.9995689504
2461232.3727871031 0.9993414026
2461232.3729468253 0.9998474085
2461232.3731065476 0.9991204321
2461232.3732662699 1.0008576158
2461232.3734259922 1.0000279200
2461232.3735857145 0.9985796370
2461232.3737454368 0.9995868471
2461232.3739051586 1.0007827065
2461232.3740648809 1.0003181434
2461232.3742246032 1.0000866075
2461232.3743843255 1.0007900590
2461232.3745440478 0.9986372856
2461232.3747037700 0.9990825728
2461232.3748634923 1.0003561097
2461232.3750232141 1.0017253600
2461232.3751829364 0.9991372112
2461232.3753426587 0.9977102068
2461232.3755023810 1.0001158993
2461232.3756621033 0.9997294812
2461232.3758218256 0.9997582600
2461232.3759815479 1.0005165185
2461232.3761412697 1.0005437916
2461232.3763009920 0.9984322259
2461232.3764607143 1.0009388083
2461232.3766204366 0.9997024806
2461232.3767801588 1.0019920640
2461232.3769398811 0.9993966003
2461232.3770996034 0.9998377709
2461232.3772593252 0.9987845938
2461232.3774190480 0.9995806925
2461232.3775787698 0.9997190102
2461232.3777384921 0.9997739268
2461232.3778982144 1.0014009562
2461232.3780579367 1.0005476053
2461232.3782176590 0.9998577744
2461232.3783773808 1.0005381459
2461232.3785371035 0.9998523082
2461232.3786968254 1.0008376338
2461232.3788565476 1.0002861994
2461232.3790162699 1.0002660107
2461232.3791759922 1.0005699843
2461232.3793357145 1.0010016494
2461232.3794954363 0.9995958750
2461232.3796551591 0.9990215076
2461232.3798148809 1.0009031462
2461232.3799746032 0.9987844628
2461232.3801343255 0.9999016656
2461232.3802940478 1.0006520080
2461232.3804537700 0.9986789140
2461232.3806134923 1.0005661996
2461232.3807732146 0.9987013011
2461232.3809329364 0.9999063785
2461232.3810926587 1.0003439959
2461232.3812523810 1.0000138944
2461232.3814121033 0.9998475987
2461232.3815718256 0.9999969836
2461232.3817315479 1.0012302019
2461232.3818912702 0.9997522108
2461232.3820509920 0.9999671485
2461232.3822107143 0.9998933844
2461232.3823704366 0.9982679169
2461232.3825301589 1.0000287672
2461232.3826898811 1.0002603711
2461232.3828496034 1.0004503678
2461232.3830093257 0.9997444510
2461232.3831690475 0.9998715123
2461232.3833287698 0.9997039575
2461232.3834884921 1.0000124455
2461232.3836482144 0.9999723346
2461232.3838079367 1.0002823719
2461232.3839676590 1.0004955616
2461232.3841273813 1.0004194458
2461232.3842871031 0.9989246552
2461232.3844468254 0.9984184060
2461232.3846065477 1.0003154550
2461232.3847662699 0.9999319587
2461232.3849259922 1.0008427168
2461232.3850857145 1.0006276473
2461232.3852454368 0.9993155156
2461232.3854051586 1.0013499244
2461232.3855648809 0.9996858897
2461232.3857246032 1.0006208919
2461232.3858843255 1.0018013962
2461232.3860440478 0.9992725574
2461232.3862037701 0.9997667401
2461232.3863634923 1.0004777333
2461232.3865232142 1.0001894111
2461232.3866829365 1.0008121279
2461232.3868426587 0.9999310944
2461232.3870023810 0.9990418538
2461232.3871621033 1.0016108257
2461232.3873218256 0.9993676441
2461232.3874815479 1.0006527397
2461232.3876412697 0.9996020360
2461232.3878009920 0.9997591520
2461232.3879607143 1.0003334380
2461232.3881204366 1.0016816359
2461232.3882801589 1.0003655217
2461232.3884398811 0.9996720923
2461232.3885996034 1.0006640449
2461232.3887593253 0.9993471075
2461232.3889190475 0.9996120268
2461232.3890787698 1.0010904837
2461232.3892384921 1.0003842945
2461232.3893982144 1.0002276979
2461232.3895579367 1.0012122080
2461232.3897176590 1.0007105367
2461232.3898773808 1.0000807672
2461232.3900371031 1.0008508879
2461232.3901968254 0.9986164940
2461232.3903565477 1.0008149644
2461232.3905162700 1.0006724606
2461232.3906759922 1.0003553737
2461232.3908357145 0.9993902950
2461232.3909954363 1.0013955293
2461232.3911551591 0.9991318297
2461232.3913148809 0.9996865628
2461232.3914746032 1.0005688407
2461232.3916343255 0.9998080882
2461232.3917940478 1.0006526846
2461232.3919537701 0.9992782691
2461232.3921134919 0.9993554499
2461232.3922732146 1.0005570746
2461232.3924329365 0.9991242951
2461232.3925926588 0.9994413117
2461232.3927523810 0.9999132781
2461232.3929121033 0.9994583291
2461232.3930718256 0.9993661153
2461232.3932315474 0.9998996542
2461232.3933912702 0.9994328818
2461232.3935509920 1.0004091742
2461232.3937107143 0.9994047125
2461232.3938704366 0.9993069653
2461232.3940301589 1.0000828482
2461232.3941898812 1.0000528494
2461232.3943496034 0.9998214629
2461232.3945093257 1.0006094647
2461232.3946690476 0.9992339669
2461232.3948287698 0.9985950335
2461232.3949884921 1.0004788177
2461232.3951482144 0.9995569184
2461232.3953079367 0.9999247885
2461232.3954676590 0.9996400663
2461232.3956273813 1.0012071475
2461232.3957871031 0.9996880421
2461232.3959468254 0.9991326823
2461232.3961065477 0.9994273923
2461232.3962662700 1.0010522233
2461232.3964259923 0.9998588183
2461232.3965857145 0.9991950619
2461232.3967454368 0.9988542467
2461232.3969051586 0.9985543301
2461232.3970648809 0.9990486397
2461232.3972246032 1.0003905565
2461232.3973843255 1.0002339349
2461232.3975440478 0.9999330886
2461232.3977037701 1.0003383773
2461232.3978634924 1.0007817737
2461232.3980232142 1.0004992802
2461232.3981829365 1.0005907989
2461232.3983426588 0.9998561891
2461232.3985023811 1.0004660812
2461232.3986621033 0.9997916127
2461232.3988218256 0.9999653850
2461232.3989815479 1.0003568786
2461232.3991412697 0.9997847360
2461232.3993009920 1.0006787871
2461232.3994607143 0.9987982156
2461232.3996204366 0.9997594801
2461232.3997801589 1.0005099281
2461232.3999398812 1.0003754334
2461232.4000996035 1.0007373655
2461232.4002593253 0.9995477033
2461232.4004190476 0.9987879327
2461232.4005787699 0.9992041989
2461232.4007384921 0.9993315862
2461232.4008982144 0.9997013579
2461232.4010579367 0.9994479282
2461232.4012176590 1.0006300739
2461232.4013773808 0.9992810174
2461232.4015371031 0.9988950989
2461232.4016968254 0.9989359446
2461232.4018565477 0.9999590027
2461232.4020162700 0.9999988315
2461232.4021759923 0.9996012595
2461232.4023357145 0.9995679082
2461232.4024954364 1.0008035759
2461232.4026551587 0.9995796732
2461232.4028148809 0.9996388832
2461232.4029746032 1.0003320301
2461232.4031343255 0.9994418106
2461232.4032940478 0.9998029274
2461232.4034537701 1.0009770584
2461232.4036134919 1.0005376094
2461232.4037732142 0.9993806281
2461232.4039329365 0.9998643025
2461232.4040926588 1.0005029652
2461232.4042523811 0.9994709866
2461232.4044121034 1.0000471837
2461232.4045718256 1.0003058925
2461232.4047315475 0.9995611290
2461232.4048912702 0.9993539803
2461232.4050509920 0.9998498999
2461232.4052107143 0.9997259854
2461232.4053704366 0.9993378968
2461232.4055301589 0.9999300708
2461232.4056898812 0.9994025410
2461232.4058496030 1.0004697525
2461232.4060093258 0.9995890907
2461232.4061690476 1.0000238751
2461232.4063287699 0.9989338914
2461232.4064884922 1.0002512209
2461232.4066482144 1.0005030170
2461232.4068079367 0.9996730454
2461232.4069676585 1.0004759318
2461232.4071273813 1.0007796700
2461232.4072871031 0.9992847584
2461232.4074468254 1.0001880116
2461232.4076065477 0.9992953161
2461232.4077662700 1.0005138198
2461232.4079259923 1.0010513046
2461232.4080857146 0.9996303401
2461232.4082454368 1.0011495795
2461232.4084051587 1.0008687612
2461232.4085648810 0.9997318791
2461232.4087246032 0.9997707308
2461232.4088843255 0.9990821619
2461232.4090440478 1.0015101346
2461232.4092037701 1.0016192483
2461232.4093634924 1.0005010755
2461232.4095232142 1.0012969424
2461232.4096829365 0.9999306943
2461232.4098426588 0.9996663851
2461232.4100023811 0.9989692986
2461232.4101621034 0.9996393737
2461232.4103218256 0.9998419196
2461232.4104815479 0.9993352718
2461232.4106412698 1.0003984701
2461232.4108009920 1.0011814114
2461232.4109607143 1.0000146850
2461232.4111204366 1.0003389174
2461232.4112801589 0.9999082150
2461232.4114398812 1.0004202678
2461232.4115996035 0.9982210223
2461232.4117593253 1.0000474628
2461232.4119190476 1.0004647689
2461232.4120787699 1.0001138014
2461232.4122384922 0.9998905256
2461232.4123982145 1.0001736399
2461232.4125579367 1.0008287509
2461232.4127176590 0.9992759065
2461232.4128773808 0.9994973397
2461232.4130371031 0.9985511088
2461232.4131968254 0.9990547775
2461232.4133565477 1.0003013820
2461232.4135162700 1.0001116279
2461232.4136759923 0.9990122911
2461232.4138357146 1.0004839921
2461232.4139954364 1.0002560630
2461232.4141551587 0.9996607421
2461232.4143148810 1.0000640701
2461232.4144746033 0.9995515840
2461232.4146343255 0.9995916614
2461232.4147940478 0.9994936957
2461232.4149537701 0.9992119790
2461232.4151134919 0.9994594617
2461232.4152732142 0.9994810427
2461232.4154329365 1.0005895834
2461232.4155926588 0.9999009591
2461232.4157523811 1.0005858619
2461232.4159121034 1.0002955277
2461232.4160718257 0.9990463767
2461232.4162315475 0.9985465262
2461232.4163912698 0.9993178458
2461232.4165509921 1.0009950655
2461232.4167107143 1.0001887736
2461232.4168704366 0.9999398342
2461232.4170301589 1.0000676118
2461232.4171898812 0.9992180759
2461232.4173496030 0.9999727048
2461232.4175093253 0.9994068497
2461232.4176690476 1.0003725118
2461232.4178287699 0.9995429079
2461232.4179884922 0.9998238288
2461232.4181482145 1.0003161014
2461232.4183079368 0.9992869430
2461232.4184676586 0.9996957169
2461232.4186273813 0.9997788614
2461232.4187871031 0.9999246929
2461232.4189468254 0.9990644897
2461232.4191065477 1.0006920044
2461232.4192662700 1.0002647395
2461232.4194259923 0.9988419587
2461232.4195857141 1.0014700940
2461232.4197454369 0.9996147711
2461232.4199051587 1.0009113191
2461232.4200648810 1.0004686189
2461232.4202246033 0.9990551524
2461232.4203843256 0.9993288155
2461232.4205440478 1.0013544096
2461232.4207037697 0.9996057056
2461232.4208634924 1.0001257614
2461232.4210232142 1.0005695542
2461232.4211829365 0.9988287819
2461232.4213426588 1.0000339059
2461232.4215023811 0.9996384279
2461232.4216621034 0.9992916737
2461232.4218218252 0.9997166220
2461232.4219815480 0.9996642525
2461232.4221412698 0.9997129341
2461232.4223009921 0.9993279302
2461232.4224607144 0.9997201912
2461232.4226204366 0.9991951996
2461232.4227801589 1.0012790535
2461232.4229398812 1.0010528896
2461232.4230996035 1.0002323503
2461232.4232593253 0.9999938622
2461232.4234190476 0.9990186510
2461232.4235787699 1.0007478254
2461232.4237384922 0.9997919587
2461232.4238982145 1.0002397924
2461232.4240579368 1.0005205369
2461232.4242176590 0.9995476771
2461232.4243773809 1.0003632438
2461232.4245371032 0.9999833124
2461232.4246968254 0.9997947481
2461232.4248565477 1.0006853714
2461232.4250162700 1.0008818037
2461232.4251759923 0.9983256309
2461232.4253357146 1.0001108233
2461232.4254954364 1.0006788059
2461232.4256551587 0.9994484594
2461232.4258148810 1.0000767688
2461232.4259746033 1.0003304358
2461232.4261343256 0.9995176217
2461232.4262940479 1.0008033102
2461232.4264537701 0.9989814111
2461232.4266134920 0.9999934117
2461232.4267732142 1.0001348796
2461232.4269329365 0.9994120035
2461232.4270926588 1.0014531209
2461232.4272523811 1.0005414901
2461232.4274121034 1.0011137291
2461232.4275718257 1.0013167979
2461232.4277315475 1.0008716344
2461232.4278912698 1.0005137813
2461232.4280509921 0.9993530563
2461232.4282107144 0.9999911340
2461232.4283704367 0.9993607228
2461232.4285301589 1.0010154322
2461232.4286898812 0.9991651415
2461232.4288496030 1.0019626745
2461232.4290093253 0.9997457364
2461232.4291690476 0.9993235947
2461232.4293287699 0.9988678477
2461232.4294884922 0.9988940253
2461232.4296482145 0.9995065233
2461232.4298079368 1.0000242831
2461232.4299676586 0.9997344980
2461232.4301273809 0.9989074234
2461232.4302871032 1.0017288995
2461232.4304468255 1.0006316595
2461232.4306065477 0.9993933228
2461232.4307662700 0.9996214094
2461232.4309259923 0.9997054921
2461232.4310857141 0.9973425540
2461232.4312454364 1.0002700706
2461232.4314051587 0.9997867562
2461232.4315648810 1.0006651257
2461232.4317246033 1.0006339804
2461232.4318843256 0.9994620714
2461232.4320440479 0.9997433566
2461232.4322037697 1.0000296279
2461232.4323634924 0.9999870751
2461232.4325232143 1.0003425339
2461232.4326829365 1.0014865731
2461232.4328426588 0.9992617855
2461232.4330023811 0.9994555080
2461232.4331621034 0.9997344216
2461232.4333218252 1.0007912614
2461232.4334815480 0.9991432449
2461232.4336412698 0.9996923977
2461232.4338009921 0.9993380821
2461232.4339607144 0.9996093208
2461232.4341204367 1.0000250921
2461232.4342801590 0.9997549804
2461232.4344398808 0.9990752729
2461232.4345996035 0.9996525828
2461232.4347593253 1.0008528532
2461232.4349190476 0.9991016810
2461232.4350787699 1.0003591042
2461232.4352384922 0.9993508898
2461232.4353982145 1.0005130483
2461232.4355579363 0.9993688566
2461232.4357176591 1.0000198067
2461232.4358773809 1.0002632564
2461232.4360371032 0.9997768940
2461232.4361968255 0.9998511286
2461232.4363565478 1.0000842087
2461232.4365162700 0.9994477324
2461232.4366759923 1.0003842489
2461232.4368357146 1.0007205571
2461232.4369954364 1.0004368322
2461232.4371551587 1.0005050478
2461232.4373148810 0.9992869923
2461232.4374746033 1.0011209258
2461232.4376343256 1.0011282173
2461232.4377940479 1.0008714249
2461232.4379537702 1.0002682257
2461232.4381134920 0.9990622876
2461232.4382732143 0.9997807877
2461232.4384329366 0.9999491961
2461232.4385926588 1.0000244274
2461232.4387523811 0.9998283970
2461232.4389121034 0.9994983939
2461232.4390718257 0.9999020003
2461232.4392315475 1.0009121000
2461232.4393912698 0.9998060119
2461232.4395509921 1.0019226263
2461232.4397107144 0.9998838823
2461232.4398704367 1.0003180441
2461232.4400301590 0.9996211877
2461232.4401898813 0.9996809797
2461232.4403496031 1.0001286590
2461232.4405093254 1.0004575026
2461232.4406690476 0.9993610462
2461232.4408287699 1.0005532964
2461232.4409884922 1.0009206758
2461232.4411482145 0.9994999253
2461232.4413079368 0.9998298919
2461232.4414676586 0.9996459606
2461232.4416273809 1.0002762101
2461232.4417871032 1.0006411641
2461232.4419468255 0.9998206267
2461232.4421065478 1.0005659983
2461232.4422662701 0.9998744990
2461232.4424259923 1.0001371250
2461232.4425857142 1.0005511003
2461232.4427454364 1.0010199014
2461232.4429051587 1.0004205012
2461232.4430648810 1.0010897613
2461232.4432246033 0.9993322087
2461232.4433843256 0.9996399931
2461232.4435440479 1.0005679684
2461232.4437037697 1.0001163007
2461232.4438634920 0.9999997063
2461232.4440232143 0.9992483953
2461232.4441829366 0.9987543152
2461232.4443426589 0.9996804051
2461232.4445023811 1.0000666379
2461232.4446621034 1.0002485770
2461232.4448218253 1.0006007148
2461232.4449815475 0.9994042452
2461232.4451412698 0.9997381514
2461232.4453009921 0.9985217868
2461232.4454607144 0.9999039131
2461232.4456204367 0.9986072476
2461232.4457801590 0.9992312822
2461232.4459398808 0.9998330176
2461232.4460996035 1.0011006064
2461232.4462593254 0.9996988313
2461232.4464190477 0.9988488770
2461232.4465787699 1.0000537246
2461232.4467384922 1.0006803557
2461232.4468982145 0.9997142997
2461232.4470579363 1.0001639152
2461232.4472176591 1.0006829759
2461232.4473773809 1.0004022750
2461232.4475371032 0.9994380493
2461232.4476968255 0.9987825258
2461232.4478565478 1.0004155490
2461232.4480162701 0.9997868688
2461232.4481759919 1.0000910913
2461232.4483357146 0.9990765265
2461232.4484954365 1.0006214456
2461232.4486551587 0.9994977378
2461232.4488148810 0.9998007248
2461232.4489746033 1.0001560105
2461232.4491343256 1.0007884109
2461232.4492940474 0.9993363578
2461232.4494537702 0.9990522117
2461232.4496134920 0.9997201173
2461232.4497732143 1.0011837746
2461232.4499329366 1.0001234898
2461232.4500926589 1.0003187930
2461232.4502523812 0.9990104960
2461232.4504121034 1.0004053515
2461232.4505718257 0.9993113162
2461232.4507315475 1.0003331988
2461232.4508912698 1.0000276763
2461232.4510509921 1.0006975372
2461232.4512107144 1.0012729472
2461232.4513704367 0.9988344944
2461232.4515301590 1.0006487428
2461232.4516898813 1.0015090795
2461232.4518496031 0.9997453349
2461232.4520093254 1.0001676597
2461232.4521690477 0.9996663441
2461232.4523287700 0.9992792402
2461232.4524884922 0.9994700279
2461232.4526482145 0.9999890355
2461232.4528079368 0.9995877173
2461232.4529676586 0.9998385322
2461232.4531273809 0.9996886635
2461232.4532871032 0.9994485071
2461232.4534468255 0.9992677055
2461232.4536065478 1.0009582137
2461232.4537662701 1.0001413872
2461232.4539259924 0.9999530937
2461232.4540857142 0.9997538460
2461232.4542454365 0.9987544434
2461232.4544051588 0.9997116869
2461232.4545648810 1.0004758454
2461232.4547246033 0.9998389015
2461232.4548843256 1.0002487776
2461232.4550440479 0.9991598218
2461232.4552037697 1.0004912459
2461232.4553634920 0.9991998591
2461232.4555232143 0.9999977402
2461232.4556829366 0.9994979549
2461232.4558426589 0.9999562078
2461232.4560023812 0.9997900250
2461232.4561621035 0.9980724743
2461232.4563218253 0.9999781885
2461232.4564815476 0.9988365228
2461232.4566412698 1.0006493846
2461232.4568009921 1.0002625911
2461232.4569607144 1.0004230454
2461232.4571204367 0.9995572907
2461232.4572801590 1.0003222753
2461232.4574398808 1.0003990165
2461232.4575996031 1.0005610313
2461232.4577593254 1.0006597121
2461232.4579190477 0.9994193828
2461232.4580787700 1.0010040537
2461232.4582384923 1.0002446847
2461232.4583982145 1.0005406412
2461232.4585579364 0.9994481178
2461232.4587176587 0.9998298292
2461232.4588773809 1.0004343247
2461232.4590371032 1.0008261316
2461232.4591968255 0.9996600751
2461232.4593565478 1.0005322475
2461232.4595162701 1.0005814776
2461232.4596759919 1.0009523339
2461232.4598357147 1.0003525404
2461232.4599954365 1.0003517388
2461232.4601551588 0.9990043545
2461232.4603148811 0.9995505764
2461232.4604746033 0.9992179360
2461232.4606343256 1.0005561557
2461232.4607940475 0.9998410403
2461232.4609537702 0.9998235823
2461232.4611134920 0.9991589959
2461232.4612732143 0.9994340572
2461232.4614329366 1.0007921266
2461232.4615926589 0.9997775974
2461232.4617523812 0.9993788241
2461232.4619121030 0.9991763283
2461232.4620718258 0.9999132018
2461232.4622315476 0.9990547088
2461232.4623912699 1.0004724246
2461232.4625509921 1.0004336677
2461232.4627107144 1.0005571362
2461232.4628704367 1.0014278925
2461232.4630301585 0.9996667948
2461232.4631898813 0.9999629385
2461232.4633496031 1.0011112642
2461232.4635093254 0.9994749040
2461232.4636690477 1.0002091078
2461232.4638287700 1.0002106183
2461232.4639884923 0.9998586248
2461232.4641482146 0.9997478967
2461232.4643079368 0.9994406086
2461232.4644676587 1.0000249049
2461232.4646273809 1.0003435790
2461232.4647871032 0.9992516922
2461232.4649468255 0.9993435211
2461232.4651065478 1.0005199491
2461232.4652662701 1.0000608416
2461232.4654259924 1.0007877654
2461232.4655857142 0.9994464462
2461232.4657454365 1.0001073976
2461232.4659051588 0.9993194482
2461232.4660648811 1.0007849985
2461232.4662246034 1.0003210008
2461232.4663843256 1.0003656139
2461232.4665440479 1.0002344321
2461232.4667037698 0.9998523055
2461232.4668634920 1.0006431487
2461232.4670232143 1.0002048816
2461232.4671829366 0.9992712433
2461232.4673426589 0.9999227017
2461232.4675023812 0.9990138233
2461232.4676621035 1.0005743771
2461232.4678218253 0.9999874978
2461232.4679815476 0.9997513201
2461232.4681412699 0.9992465718
2461232.4683009922 1.0002916686
2461232.4684607144 0.9998510494
2461232.4686204367 1.0005217807
2461232.4687801590 1.0002845599
2461232.4689398808 1.0004767584
2461232.4690996031 0.9994114287
2461232.4692593254 0.9994171100
2461232.4694190477 1.0001320493
2461232.4695787700 0.9992089426
2461232.4697384923 1.0011416137
2461232.4698982146 0.9986354389
2461232.4700579364 0.9985032425
2461232.4702176587 0.9997304886
2461232.4703773810 1.0008464349
2461232.4705371032 0.9999848846
2461232.4706968255 0.9996293990
2461232.4708565478 0.9997844866
2461232.4710162701 1.0010648652
2461232.4711759919 0.9994653206
2461232.4713357142 0.9996540745
2461232.4714954365 1.0000146419
2461232.4716551588 1.0003646606
2461232.4718148811 0.9998639813
2461232.4719746034 0.9994021268
2461232.4721343257 0.9980996123
2461232.4722940475 1.0011088133
2461232.4724537698 1.0011544477
2461232.4726134920 1.0002292890
2461232.4727732143 0.9994761138
2461232.4729329366 1.0000128460
2461232.4730926589 0.9993006266
2461232.4732523812 0.9996583956
2461232.4734121030 0.9999278742
2461232.4735718258 0.9997793699
2461232.4737315476 1.0005021118
2461232.4738912699 1.0005076111
2461232.4740509922 1.0007916811
2461232.4742107145 0.9997327909
2461232.4743704367 0.9998463772
2461232.4745301586 1.0002531531
2461232.4746898813 0.9985264624
2461232.4748496031 0.9999536118
2461232.4750093254 1.0000330531
2461232.4751690477 1.0000208956
2461232.4753287700 1.0003774727
2461232.4754884923 0.9976652967
2461232.4756482141 0.9996167745
2461232.4758079369 0.9994819658
2461232.4759676587 0.9996372191
2461232.4761273810 1.0011506406
2461232.4762871033 0.9996037822
2461232.4764468255 1.0000928778
2461232.4766065478 0.9992191733
2461232.4767662697 1.0011350365
2461232.4769259924 1.0003218562
2461232.4770857142 0.9986985158
2461232.4772454365 0.9998899590
2461232.4774051588 0.9997759794
2461232.4775648811 1.0002242715
2461232.4777246034 1.0006977931
2461232.4778843257 1.0013729511
2461232.4780440480 1.0007816624
2461232.4782037698 1.0007888951
2461232.4783634921 0.9997543000
2461232.4785232143 1.0007216748
2461232.4786829366 0.9994708278
2461232.4788426589 0.9995498151
2461232.4790023812 1.0001414460
2461232.4791621035 1.0002296963
2461232.4793218253 0.9999920973
2461232.4794815476 1.0013206228
2461232.4796412699 0.9996446386
2461232.4798009922 1.0000277006
2461232.4799607145 1.0006876955
2461232.4801204368 1.0014053219
2461232.4802801590 0.9987896311
2461232.4804398809 0.9999357357
2461232.4805996032 1.0004689027
2461232.4807593254 0.9997399967
2461232.4809190477 1.0000879787
2461232.4810787700 1.0011920130
2461232.4812384923 0.9991492804
2461232.4813982146 0.9995858240
2461232.4815579364 0.9997557687
2461232.4817176587 1.0004534690
2461232.4818773810 1.0000638144
2461232.4820371033 0.9989071217
2461232.4821968256 1.0007893119
2461232.4823565478 0.9995312196
2461232.4825162701 1.0002886698
2461232.4826759920 1.0012804899
2461232.4828357142 1.0017536885
2461232.4829954365 0.9999846527
2461232.4831551588 1.0005368281
2461232.4833148811 0.9997037495
2461232.4834746034 1.0009641072
2461232.4836343257 0.9988737766
2461232.4837940475 0.9994370580
2461232.4839537698 0.9991690589
2461232.4841134921 0.9999551702
2461232.4842732144 1.0002024527
2461232.4844329366 1.0012747974
2461232.4845926589 1.0008633672
2461232.4847523812 0.9999881291
2461232.4849121030 1.0001005050
2461232.4850718253 1.0002733904
2461232.4852315476 1.0012220384
2461232.4853912699 1.0002451211
2461232.4855509922 1.0006711929
2461232.4857107145 0.9999819244
2461232.4858704368 1.0002002379
2461232.4860301586 1.0004652094
2461232.4861898809 1.0000439344
2461232.4863496032 0.9999037538
2461232.4865093254 1.0008693782
2461232.4866690477 0.9993039566
2461232.4868287700 1.0014153603
2461232.4869884923 0.9980766089
2461232.4871482141 1.0000389163
2461232.4873079369 0.9987083548
2461232.4874676587 1.0005599627
2461232.4876273810 0.9998620177
2461232.4877871033 1.0006805012
2461232.4879468256 1.0003775059
2461232.4881065479 0.9999850632
2461232.4882662697 0.9998665522
2461232.4884259924 0.9998157531
2461232.4885857143 0.9990450967
2461232.4887454365 0.9994667036
2461232.4889051588 1.0004101684
2461232.4890648811 1.0005514811
2461232.4892246034 1.0000022515
2461232.4893843252 1.0012548027
2461232.4895440480 0.9993186731
2461232.4897037698 1.0008708571
2461232.4898634921 1.0005589902
2461232.4900232144 0.9999953627
2461232.4901829367 0.9999907154
2461232.4903426589 1.0010092841
2461232.4905023808 0.9997496723
2461232.4906621035 0.9999943172
2461232.4908218253 1.0007454185
2461232.4909815476 0.9991357889
2461232.4911412699 1.0005396364
2461232.4913009922 0.9992122663
2461232.4914607145 0.9998559006
2461232.4916204368 1.0000081757
2461232.4917801591 1.0003004266
2461232.4919398809 0.9992979764
2461232.4920996032 0.9996098364
2461232.4922593255 1.0006712395
2461232.4924190477 1.0003756747
2461232.4925787700 0.9992898342
2461232.4927384923 1.0000855320
2461232.4928982146 0.9991994220
2461232.4930579364 0.9990533400
2461232.4932176587 0.9987745333
2461232.4933773810 0.9997938847
2461232.4935371033 1.0015239979
2461232.4936968256 1.0006077435
2461232.4938565479 0.9997949797
2461232.4940162702 0.9982365063
2461232.4941759920 0.9995131425
2461232.4943357143 0.9984199839
2461232.4944954365 1.0002829789
2461232.4946551588 1.0010626823
2461232.4948148811 1.0012998186
2461232.4949746034 1.0000225283
2461232.4951343257 1.0002137183
2461232.4952940475 1.0010352165
2461232.4954537698 1.0014136544
2461232.4956134921 1.0001995523
2461232.4957732144 1.0002780472
2461232.4959329367 1.0005162953
2461232.4960926590 1.0010030225
2461232.4962523812 1.0003186896
2461232.4964121031 0.9995156863
2461232.4965718254 0.9992337637
2461232.4967315476 1.0003886627
2461232.4968912699 1.0003824178
2461232.4970509922 1.0005249252
2461232.4972107145 0.9995584102
2461232.4973704368 1.0002345427
2461232.4975301586 0.9999475003
2461232.4976898809 1.0008734269
2461232.4978496032 0.9993428304
2461232.4980093255 0.9998086858
2461232.4981690478 0.9992150311
2461232.4983287700 0.9996897604
2461232.4984884923 1.0003842132
2461232.4986482142 0.9997866168
2461232.4988079364 1.0005290753
2461232.4989676587 0.9994690720
2461232.4991273810 0.9997589492
2461232.4992871033 1.0003763563
2461232.4994468256 0.9990522338
2461232.4996065479 1.0018560300
2461232.4997662697 1.0001924276
2461232.4999259920 0.9999814226
2461232.5000857143 0.9988211360
2461232.5002454366 1.0007375211
2461232.5004051588 1.0007299437
2461232.5005648811 0.9994704639
2461232.5007246034 0.9996684961
2461232.5008843252 0.9996954716
2461232.5010440475 0.9987048101
2461232.5012037698 1.0004075342
2461232.5013634921 1.0018321129
2461232.5015232144 0.9994232528
2461232.5016829367 1.0001135831
2461232.5018426590 1.0002895915
2461232.5020023808 0.9995105831
2461232.5021621035 0.9996033544
2461232.5023218254 1.0005654141
2461232.5024815476 0.9998832522
2461232.5026412699 1.0000534275
2461232.5028009922 0.9997906146
2461232.5029607145 0.9989225777
2461232.5031204363 1.0004844149
2461232.5032801591 1.0003581911
2461232.5034398809 1.0000400383
2461232.5035996032 0.9992971417
2461232.5037593255 0.9996786247
2461232.5039190478 0.9983029309
2461232.5040787701 0.9997665244
2461232.5042384919 0.9988039555
2461232.5043982146 0.9997520711
2461232.5045579365 1.0008605315
2461232.5047176587 1.0001444170
2461232.5048773810 0.9991264049
2461232.5050371033 1.0003618418
2461232.5051968256 0.9978556765
2461232.5053565479 0.9999817851
2461232.5055162702 0.9998997931
2461232.5056759920 1.0014331448
2461232.5058357143 1.0008300696
2461232.5059954366 0.9993290448
2461232.5061551589 1.0005593641
2461232.5063148811 0.9995781642
2461232.5064746034 0.9993756202
2461232.5066343257 1.0014105428
2461232.5067940475 1.0006141355
2461232.5069537698 0.9999868148
2461232.5071134921 1.0009125567
2461232.5072732144 1.0011982147
2461232.5074329367 1.0005551107
2461232.5075926590 1.0005675808
2461232.5077523813 0.9999487574
2461232.5079121031 1.0006329277
2461232.5080718254 1.0004387650
2461232.5082315477 1.0006381821
2461232.5083912699 1.0009842980
2461232.5085509922 1.0003942060
2461232.5087107145 1.0000316371
2461232.5088704368 1.0001141021
2461232.5090301586 1.0002969664
2461232.5091898809 0.9992611995
2461232.5093496032 1.0014315131
2461232.5095093255 0.9999032084
2461232.5096690478 0.9998810043
2461232.5098287701 1.0006514399
2461232.5099884924 1.0005376975
2461232.5101482142 1.0003538757
2461232.5103079365 1.0002681915
2461232.5104676588 1.0007600386
2461232.5106273810 0.9996153207
2461232.5107871033 1.0011600895
2461232.5109468256 1.0006504591
2461232.5111065479 0.9999066005
2461232.5112662697 0.9998289028
2461232.5114259920 0.9988653759
2461232.5115857143 0.9998850165
2461232.5117454366 1.0017154290
2461232.5119051589 1.0004031711
2461232.5120648812 0.9993028260
2461232.5122246034 0.9998536325
2461232.5123843253 0.9984409976
2461232.5125440476 0.9997210607
2461232.5127037698 1.0005399857
2461232.5128634921 0.9993104147
2461232.5130232144 0.9996656575
2461232.5131829367 0.9987120179
2461232.5133426590 1.0003584055
2461232.5135023808 1.0006452523
2461232.5136621031 0.9998379775
2461232.5138218254 0.9999047584
2461232.5139815477 0.9991462548
2461232.5141412700 0.9995357285
2461232.5143009922 1.0000408119
2461232.5144607145 0.9992956681
2461232.5146204364 0.9984325844
2461232.5147801586 0.9993610785
2461232.5149398809 1.0007318462
2461232.5150996032 0.9995786960
2461232.5152593255 0.9998147541
2461232.5154190478 0.9992658953
2461232.5155787701 0.9996868461
2461232.5157384919 1.0000623703
2461232.5158982147 0.9999062701
2461232.5160579365 1.0007186024
2461232.5162176588 1.0002134118
2461232.5163773810 0.9992820552
2461232.5165371033 0.9993912805
2461232.5166968256 1.0000598046
2461232.5168565474 1.0002852460
2461232.5170162702 1.0000265174
2461232.5171759920 1.0003895430
2461232.5173357143 0.9999225843
2461232.5174954366 0.9998124822
2461232.5176551589 1.0006259610
2461232.5178148812 1.0010359987
2461232.5179746030 0.9996702616
2461232.5181343257 0.9998915754
2461232.5182940476 1.0001395044
2461232.5184537699 0.9997826773
2461232.5186134921 0.9995036526
2461232.5187732144 1.0001103791
2461232.5189329367 0.9997805852
2461232.5190926590 1.0003280278
2461232.5192523813 0.9995534870
2461232.5194121031 1.0003243240
2461232.5195718254 0.9987789108
2461232.5197315477 0.9991846585
2461232.5198912700 1.0010296448
2461232.5200509923 1.0000370639
2461232.5202107145 1.0002959083
2461232.5203704368 1.0004896929
2461232.5205301587 0.9995127246
2461232.5206898809 1.0012181405
2461232.5208496032 1.0007571202
2461232.5210093255 1.0002791790
2461232.5211690478 0.9999206319
2461232.5213287701 1.0003432461
2461232.5214884924 0.9992973687
2461232.5216482142 1.0003085225
2461232.5218079365 0.9990033874
2461232.5219676588 0.9989686445
2461232.5221273811 1.0004432026
2461232.5222871033 1.0017652964
2461232.5224468256 0.9999250534
2461232.5226065479 0.9995894934
2461232.5227662697 1.0006067828
2461232.5229259920 0.9996511145
2461232.5230857143 0.9998331124
2461232.5232454366 1.0004043643
2461232.5234051589 1.0013578284
2461232.5235648812 0.9999411063
2461232.5237246035 0.9995787829
2461232.5238843253 0.9999937765
2461232.5240440476 0.9995070511
2461232.5242037699 1.0001823785
2461232.5243634921 1.0006646404
2461232.5245232144 0.9999101477
2461232.5246829367 0.9992340997
2461232.5248426590 0.9993950273
2461232.5250023808 1.0017959314
2461232.5251621031 0.9997454501
2461232.5253218254 0.9998808605
2461232.5254815477 1.0005053176
2461232.5256412700 1.0004457776
2461232.5258009923 1.0001640040
2461232.5259607146 1.0002371847
2461232.5261204364 0.9984926694
2461232.5262801587 0.9989796429
2461232.5264398810 1.0006629540
2461232.5265996032 1.0007443250
2461232.5267593255 0.9996583356
2461232.5269190478 1.0009251599
2461232.5270787701 1.0002425835
2461232.5272384919 1.0011184354
2461232.5273982142 1.0000495895
2461232.5275579365 1.0008334460
2461232.5277176588 1.0004421187
2461232.5278773811 0.9985728113
2461232.5280371034 0.9996885431
2461232.5281968256 1.0008604386
2461232.5283565475 0.9994674874
2461232.5285162698 0.9996526927
2461232.5286759920 1.0004515768
2461232.5288357143 0.9995696760
2461232.5289954366 1.0003988035
2461232.5291551589 1.0007538502
2461232.5293148812 0.9999572424
2461232.5294746030 1.0005426222
2461232.5296343258 1.0004978664
2461232.5297940476 1.0005357324
2461232.5299537699 0.9996370852
2461232.5301134922 0.9991201711
2461232.5302732144 0.9992153854
2461232.5304329367 1.0007188195
2461232.5305926586 1.0009621588
2461232.5307523813 1.0000765329
2461232.5309121031 0.9999237687
2461232.5310718254 1.0005990474
2461232.5312315477 0.9992388752
2461232.5313912700 1.0010747544
2461232.5315509923 0.9997636019
2461232.5317107141 1.0000164724
2461232.5318704369 0.9997183986
2461232.5320301587 1.0004856349
2461232.5321898810 0.9994581202
2461232.5323496033 1.0001639658
2461232.5325093255 1.0017811370
2461232.5326690478 0.9997867516
2461232.5328287701 0.9995206950
2461232.5329884924 0.9995937333
2461232.5331482142 1.0000118752
2461232.5333079365 0.9998139670
2461232.5334676588 0.9997394754
2461232.5336273811 1.0001348597
2461232.5337871034 0.9995605457
2461232.5339468257 0.9995071199
2461232.5341065479 1.0006837385
2461232.5342662698 0.9990275084
2461232.5344259921 1.0012819132
2461232.5345857143 1.0003360346
2461232.5347454366 0.9997310158
2461232.5349051589 0.9996626862
2461232.5350648812 1.0003422602
2461232.5352246035 0.9995932142
2461232.5353843253 1.0002218920
2461232.5355440476 0.9989612741
2461232.5357037699 0.9998105855
2461232.5358634922 1.0000080574
2461232.5360232145 0.9992815336
2461232.5361829367 1.0000435498
2461232.5363426590 0.9997069312
2461232.5365023809 1.0001974604
2461232.5366621031 1.0002108222
2461232.5368218254 0.9986937393
2461232.5369815477 0.9997527844
2461232.5371412700 0.9988420662
2461232.5373009923 0.9995221918
2461232.5374607146 0.9989475873
2461232.5376204364 1.0002750298
2461232.5377801587 0.9996491372
2461232.5379398810 0.9988148983
2461232.5380996033 0.9986393463
2461232.5382593255 1.0013036264
2461232.5384190478 0.9990170463
2461232.5385787701 1.0003670826
2461232.5387384919 0.9998895458
2461232.5388982142 0.9996636178
2461232.5390579365 0.9991226713
2461232.5392176588 1.0007745950
2461232.5393773811 1.0007237665
2461232.5395371034 0.9996527201
2461232.5396968257 1.0007942528
2461232.5398565475 1.0004289694
2461232.5400162698 1.0003102474
2461232.5401759921 1.0001791263
2461232.5403357144 0.9989516772
2461232.5404954366 1.0003358192
2461232.5406551589 0.9997791061
2461232.5408148812 1.0006587454
2461232.5409746030 1.0001796278
2461232.5411343253 0.9996056131
2461232.5412940476 0.9994080477
2461232.5414537699 1.0016162704
2461232.5416134922 0.9990285252
2461232.5417732145 0.9999438164
2461232.5419329368 1.0003791050
2461232.5420926586 1.0006473643
2461232.5422523809 1.0005375543
2461232.5424121032 1.0000383215
2461232.5425718254 1.0010649515
2461232.5427315477 0.9990376020
2461232.5428912700 1.0008661102
2461232.5430509923 1.0009425815
2461232.5432107141 0.9995334955
2461232.5433704369 0.9991888682
2461232.5435301587 1.0003772931
2461232.5436898810 1.0008384335
2461232.5438496033 0.9992110343
2461232.5440093256 1.0000304736
2461232.5441690478 1.0015554314
2461232.5443287697 1.0001292143
2461232.5444884924 0.9993952491
2461232.5446482142 0.9997995080
2461232.5448079365 0.9984752045
2461232.5449676588 0.9997067407
2461232.5451273811 1.0003651699
2461232.5452871034 0.9994069150
2461232.5454468252 1.0012558886
2461232.5456065480 0.9997045875
2461232.5457662698 0.9992022805
2461232.5459259921 1.0003671802
2461232.5460857144 1.0001619332
2461232.5462454366 0.9999460009
2461232.5464051589 0.9996863179
2461232.5465648812 1.0005002330
2461232.5467246035 0.9994446348
2461232.5468843253 1.0000225857
2461232.5470440476 1.0000086831
2461232.5472037699 1.0000460591
2461232.5473634922 1.0011605979
2461232.5475232145 0.9995474075
2461232.5476829368 1.0001582567
2461232.5478426591 0.9998305416
2461232.5480023809 0.9987946603
2461232.5481621032 0.9997678311
2461232.5483218255 1.0002085042
2461232.5484815477 0.9985465487
2461232.5486412700 0.9998915005
2461232.5488009923 1.0006635546
2461232.5489607146 0.9999470237
2461232.5491204364 1.0012813179
2461232.5492801587 0.9994362431
2461232.5494398810 0.9996060402
2461232.5495996033 0.9999827851
2461232.5497593256 1.0021860705
2461232.5499190479 1.0004606869
2461232.5500787701 0.9996436512
2461232.5502384920 1.0012231070
2461232.5503982143 0.9985943062
2461232.5505579365 0.9994598888
2461232.5507176588 1.0004056441
2461232.5508773811 0.9994721964
2461232.5510371034 0.9992649829
2461232.5511968257 1.0002658930
2461232.5513565475 0.9989314305
2461232.5515162698 0.9992822531
2461232.5516759921 0.9994560232
2461232.5518357144 1.0003157093
2461232.5519954367 1.0006072573
2461232.5521551589 0.9997969728
2461232.5523148812 0.9999037866
2461232.5524746031 1.0009678345
2461232.5526343253 0.9998440230
2461232.5527940476 1.0003811268
2461232.5529537699 1.0002656362
2461232.5531134922 1.0015849382
2461232.5532732145 1.0016425908
2461232.5534329368 1.0001225863
2461232.5535926586 1.0005342222
2461232.5537523809 0.9986057923
2461232.5539121032 0.9993638847
2461232.5540718255 0.9980062037
2461232.5542315478 0.9996851547
2461232.5543912700 0.9988836124
2461232.5545509923 1.0001201492
2461232.5547107141 1.0004851558
2461232.5548704364 1.0005463408
2461232.5550301587 1.0008988199
2461232.5551898810 0.9991287341
2461232.5553496033 1.0004285252
2461232.5555093256 0.9999160944
2461232.5556690479 0.9998085387
2461232.5558287697 1.0004564280
2461232.5559884920 0.9995931472
2461232.5561482143 1.0002046642
2461232.5563079366 0.9988366493
2461232.5564676588 0.9994619272
2461232.5566273811 1.0000235128
2461232.5567871034 1.0002401673
2461232.5569468252 0.9994904899
2461232.5571065480 1.0009842337
2461232.5572662698 1.0000407407
2461232.5574259921 0.9996751910
2461232.5575857144 0.9989389661
2461232.5577454367 1.0006987886
2461232.5579051590 1.0003625145
2461232.5580648808 0.9985968999
2461232.5582246035 1.0010898979
2461232.5583843254 0.9993143691
2461232.5585440476 1.0002257955
2461232.5587037699 1.0012819896
2461232.5588634922 1.0004680133
2461232.5590232145 1.0003424640
2461232.5591829363 1.0001377095
2461232.5593426591 0.9995244528
2461232.5595023809 1.0010086445
2461232.5596621032 0.9993598187
2461232.5598218255 1.0002768883
2461232.5599815478 1.0001355485
2461232.5601412700 0.9999971147
2461232.5603009923 0.9993347009
2461232.5604607146 0.9996059341
2461232.5606204364 1.0015693924
2461232.5607801587 0.9998522121
2461232.5609398810 0.9987966891
2461232.5610996033 0.9999174335
2461232.5612593256 0.9997645513
2461232.5614190479 0.9988309236
2461232.5615787702 0.9997341962
2461232.5617384920 1.0011779189
2461232.5618982143 1.0007149149
2461232.5620579366 1.0004337265
2461232.5622176589 1.0002825345
2461232.5623773811 0.9993414947
2461232.5625371034 1.0006967015
2461232.5626968257 0.9995866798
2461232.5628565475 0.9997515367
2461232.5630162698 1.0006401076
2461232.5631759921 1.0005104997
2461232.5633357144 0.9994694830
2461232.5634954367 1.0009831861
2461232.5636551590 1.0007606104
2461232.5638148813 1.0013254185
2461232.5639746031 0.9990140840
2461232.5641343254 0.9997288336
2461232.5642940477 0.9989207857
2461232.5644537699 0.9996917030
2461232.5646134922 0.9994029824
2461232.5647732145 0.9998052511
2461232.5649329368 1.0002518713
2461232.5650926586 0.9992501587
2461232.5652523809 0.9987088650
2461232.5654121032 1.0004990763
2461232.5655718255 0.9999530551
2461232.5657315478 1.0005374699
2461232.5658912701 0.9998706209
2461232.5660509923 1.0007836882
2461232.5662107142 1.0000155800
2461232.5663704365 0.9999587453
2461232.5665301587 1.0001633262
2461232.5666898810 0.9998217570
2461232.5668496033 0.9999276130
2461232.5670093256 0.9999538230
2461232.5671690479 1.0000608850
2461232.5673287697 1.0000690337
2461232.5674884920 0.9993376336
2461232.5676482143 0.9993741141
2461232.5678079366 1.0001889945
2461232.5679676589 0.9992319081
2461232.5681273811 0.9997899177
2461232.5682871034 0.9997721759
2461232.5684468253 1.0004984012
2461232.5686065475 0.9990833113
2461232.5687662698 0.9991472128
2461232.5689259921 1.0002375548
2461232.5690857144 0.9990881856
2461232.5692454367 0.9993293055
2461232.5694051590 1.0002586985
2461232.5695648808 0.9988703251
2461232.5697246031 0.9999175790
2461232.5698843254 1.0002855778
2461232.5700440477 1.0001518263
2461232.5702037700 1.0001326173
2461232.5703634922 0.9998522974
2461232.5705232145 0.9995328121
2461232.5706829363 1.0018814668
2461232.5708426591 0.9996445301
2461232.5710023809 1.0000790836
2461232.5711621032 0.9999598415
2461232.5713218255 1.0005370905
2461232.5714815478 1.0006676342
2461232.5716412701 0.9992090868
2461232.5718009919 1.0009490290
2461232.5719607146 0.9999557928
2461232.5721204365 0.9995500636
2461232.5722801588 1.0003584980
2461232.5724398810 1.0006279120
2461232.5725996033 1.0015953134
2461232.5727593256 0.9995672048
2461232.5729190474 0.9995251802
2461232.5730787702 0.9998724089
2461232.5732384920 0.9984619720
2461232.5733982143 0.9991568570
2461232.5735579366 1.0008164950
2461232.5737176589 1.0001368723
2461232.5738773812 0.9995116395
2461232.5740371034 1.0006258263
2461232.5741968257 1.0009770467
2461232.5743565476 0.9998410911
2461232.5745162698 0.9991317699
2461232.5746759921 1.0009404248
2461232.5748357144 0.9983973783
2461232.5749954367 0.9987286146
2461232.5751551590 1.0005094268
2461232.5753148813 1.0001440112
2461232.5754746031 0.9993224107
2461232.5756343254 1.0002341896
2461232.5757940477 1.0000891778
2461232.5759537700 1.0001729927
2461232.5761134923 1.0000823619
2461232.5762732145 1.0008580350
2461232.5764329368 1.0006335253
2461232.5765926586 1.0002460492
2461232.5767523809 1.0006210128
2461232.5769121032 1.0002165116
2461232.5770718255 1.0003105980
2461232.5772315478 1.0008671240
2461232.5773912701 1.0009443942
2461232.5775509924 1.0008259328
2461232.5777107142 0.9994519214
2461232.5778704365 1.0003968311
2461232.5780301588 0.9989395058
2461232.5781898811 0.9995889673
2461232.5783496033 0.9993679250
2461232.5785093256 0.9999843073
2461232.5786690479 1.0005598704
2461232.5788287697 0.9989278779
2461232.5789884920 0.9992161332
2461232.5791482143 0.9988677141
2461232.5793079366 1.0003870092
2461232.5794676589 1.0000145464
2461232.5796273812 1.0002429791
2461232.5797871035 1.0003646731
2461232.5799468253 0.9989355647
2461232.5801065476 1.0004267824
2461232.5802662699 1.0002020148
2461232.5804259921 0.9997011932
2461232.5805857144 0.9999688515
2461232.5807454367 1.0017049787
2461232.5809051590 0.9990054820
2461232.5810648808 0.9986035945
2461232.5812246031 1.0000951479
2461232.5813843254 0.9998652760
2461232.5815440477 0.9998554037
2461232.5817037700 0.9988119439
2461232.5818634923 1.0003428236
2461232.5820232145 0.9992347898
2461232.5821829364 1.0005905114
2461232.5823426587 0.9995556866
2461232.5825023809 1.0006336024
2461232.5826621032 0.9992982721
2461232.5828218255 1.0004283434
2461232.5829815478 1.0001209820
2461232.5831412701 1.0008019379
2461232.5833009919 1.0001394178
2461232.5834607142 0.9994859361
2461232.5836204365 0.9991169591
2461232.5837801588 1.0002249561
2461232.5839398811 1.0005937318
2461232.5840996034 0.9999489769
2461232.5842593256 0.9995651457
2461232.5844190475 1.0001143668
2461232.5845787702 1.0000588980
2461232.5847384920 1.0006126578
2461232.5848982143 0.9999117134
2461232.5850579366 0.9995685846
2461232.5852176589 1.0002317107
2461232.5853773812 0.9996236410
2461232.5855371030 0.9997229092
2461232.5856968258 0.9997812501
2461232.5858565476 0.9994680876
2461232.5860162699 0.9993591028
2461232.5861759922 1.0000127800
2461232.5863357144 0.9994675438
2461232.5864954367 1.0000297736
2461232.5866551585 1.0010559660
2461232.5868148813 0.9997376637
2461232.5869746031 1.0007324875
2461232.5871343254 1.0005685611
2461232.5872940477 1.0001674988
2461232.5874537700 0.9995775673
2461232.5876134923 0.9993489887
2461232.5877732146 0.9993653497
2461232.5879329368 1.0008350264
2461232.5880926587 0.9998352895
2461232.5882523810 1.0014825637
2461232.5884121032 0.9992501814
2461232.5885718255 0.9994761153
2461232.5887315478 1.0003193290
2461232.5888912701 1.0008816868
2461232.5890509924 0.9999469897
2461232.5892107142 1.0001158783
2461232.5893704365 1.0003407171
2461232.5895301588 1.0004394746
2461232.5896898811 1.0004632122
2461232.5898496034 1.0001560852
2461232.5900093256 1.0000754562
2461232.5901690479 0.9994111912
2461232.5903287698 0.9996216462
2461232.5904884920 0.9996251452
2461232.5906482143 0.9998117379
2461232.5908079366 0.9998539620
2461232.5909676589 1.0012279050
2461232.5911273812 0.9999149121
2461232.5912871035 0.9997880431
2461232.5914468253 1.0001014167
2461232.5916065476 1.0006381576
2461232.5917662699 0.9988051156
2461232.5919259922 0.9991330310
2461232.5920857145 1.0004981282
2461232.5922454367 1.0001170770
2461232.5924051590 1.0001072860
2461232.5925648808 1.0002071514
2461232.5927246031 0.9996359355
2461232.5928843254 0.9997531169
2461232.5930440477 1.0005713364
2461232.5932037700 0.9993726267
2461232.5933634923 1.0002991673
2461232.5935232146 1.0010111541
2461232.5936829364 0.9992912190
2461232.5938426587 1.0006051091
2461232.5940023810 0.9996862317
2461232.5941621033 1.0005230793
2461232.5943218255 0.9992154246
2461232.5944815478 0.9986622587
2461232.5946412701 1.0005253430
2461232.5948009919 0.9990671601
2461232.5949607142 0.9997743683
2461232.5951204365 1.0015355591
2461232.5952801588 1.0000464394
2461232.5954398811 1.0010101037
2461232.5955996034 1.0010230735
2461232.5957593257 0.9993512195
2461232.5959190475 1.0009421209
2461232.5960787698 0.9992521312
2461232.5962384921 1.0003837367
2461232.5963982143 1.0010570153
2461232.5965579366 1.0004980336
2461232.5967176589 0.9997475475
2461232.5968773812 1.0006489847
2461232.5970371030 1.0008660846
2461232.5971968253 0.9991222747
2461232.5973565476 1.0004886319
2461232.5975162699 1.0006054632
2461232.5976759922 1.0000217218
2461232.5978357145 1.0003650214
2461232.5979954368 0.9982666456
2461232.5981551586 0.9991564796
2461232.5983148813 1.0007867776
2461232.5984746031 1.0003565041
2461232.5986343254 1.0000214050
2461232.5987940477 0.9998631765
2461232.5989537700 1.0000534057
2461232.5991134923 0.9997902318
2461232.5992732141 0.9992484821
2461232.5994329369 0.9984096902
2461232.5995926587 1.0001081278
2461232.5997523810 1.0009168517
2461232.5999121033 1.0008775286
2461232.6000718256 1.0013117225
2461232.6002315478 0.9990272419
2461232.6003912697 1.0002357262
2461232.6005509924 1.0015537648
2461232.6007107142 1.0007474759
2461232.6008704365 1.0004001150
2461232.6010301588 0.9991943960
2461232.6011898811 0.9998905644
2461232.6013496034 1.0005357529
2461232.6015093252 1.0001319780
2461232.6016690480 1.0015383750
2461232.6018287698 1.0001660107
2461232.6019884921 0.9999377453
2461232.6021482144 0.9997053920
2461232.6023079366 0.9998939117
2461232.6024676589 1.0002521435
2461232.6026273812 0.9983344159
2461232.6027871035 0.9997979132
2461232.6029468253 1.0004625416
2461232.6031065476 0.9993472921
2461232.6032662699 0.9992520289
2461232.6034259922 0.9997314141
2461232.6035857145 0.9988060379
2461232.6037454368 0.9983731257
2461232.6039051590 0.9994688819
2461232.6040648809 1.0010521357
2461232.6042246032 1.0011893588
2461232.6043843254 0.9992981435
2461232.6045440477 0.9994615393
2461232.6047037700 1.0008464227
2461232.6048634923 0.9990833633
2461232.6050232146 1.0001003903
2461232.6051829364 1.0007525506
2461232.6053426587 1.0007904422
2461232.6055023810 0.9994842817
2461232.6056621033 1.0009533580
2461232.6058218256 1.0007645997
2461232.6059815479 0.9993096913
2461232.6061412701 0.9999159750
2461232.6063009920 0.9991618775
2461232.6064607142 0.9987084243
2461232.6066204365 1.0003833880
2461232.6067801588 1.0012659811
2461232.6069398811 0.9999951672
2461232.6070996034 0.9990492106
2461232.6072593257 0.9981356690
2461232.6074190475 0.9995288323
2461232.6075787698 1.0007923398
2461232.6077384921 0.9997482407
2461232.6078982144 1.0006112674
2461232.6080579367 0.9988667160
2461232.6082176589 0.9987340301
2461232.6083773812 0.9996550636
2461232.6085371030 1.0002016520
2461232.6086968253 0.9991774753
2461232.6088565476 1.0002306908
2461232.6090162699 1.0011056405
2461232.6091759922 1.0018134953
2461232.6093357145 1.0009341165
2461232.6094954368 0.9998450009
2461232.6096551586 0.9996008371
2461232.6098148809 0.9992137809
2461232.6099746032 0.9991285737
2461232.6101343255 0.9985998019
2461232.6102940477 0.9997817577
2461232.6104537700 1.0001758724
2461232.6106134923 0.9988861684
2461232.6107732141 0.9994146563
2461232.6109329364 1.0009116456
2461232.6110926587 1.0001912810
2461232.6112523810 1.0000152601
2461232.6114121033 1.0014711877
2461232.6115718256 0.9989360880
2461232.6117315479 0.9987932897
2461232.6118912697 1.0001487791
2461232.6120509924 1.0014851670
2461232.6122107143 1.0002782856
2461232.6123704365 1.0012293193
2461232.6125301588 1.0004139909
2461232.6126898811 0.9991225263
2461232.6128496034 0.9991458211
2461232.6130093252 1.0009422042
2461232.6131690480 0.9993906405
2461232.6133287698 0.9996801234
2461232.6134884921 0.9998542625
2461232.6136482144 0.9993393438
2461232.6138079367 1.0004278676
2461232.6139676590 1.0000941230
2461232.6141273808 0.9987684724
2461232.6142871035 0.9999139542
2461232.6144468253 0.9992456456
2461232.6146065476 0.9993688055
2461232.6147662699 0.9998913704
2461232.6149259922 0.9995046028
2461232.6150857145 0.9995133491
2461232.6152454363 0.9991866245
2461232.6154051591 0.9995325382
2461232.6155648809 1.0007669918
2461232.6157246032 0.9999421077
2461232.6158843255 1.0004221210
2461232.6160440478 1.0012424972
2461232.6162037700 0.9991179503
2461232.6163634923 0.9996857256
2461232.6165232146 0.9999599302
2461232.6166829364 0.9999375571
2461232.6168426587 0.9985263086
2461232.6170023810 1.0009189639
2461232.6171621033 0.9994955310
2461232.6173218256 0.9998817732
2461232.6174815479 0.9995587542
2461232.6176412702 0.9989912385
2461232.6178009920 1.0004919336
2461232.6179607143 1.0004474199
2461232.6181204366 1.0005345831
2461232.6182801588 0.9997084538
2461232.6184398811 0.9997682650
2461232.6185996034 1.0000863154
2461232.6187593257 1.0003687881
2461232.6189190475 1.0007364289
2461232.6190787698 1.0007809638
2461232.6192384921 1.0007307688
2461232.6193982144 0.9995148898
2461232.6195579367 1.0010426782
2461232.6197176590 0.9999920784
2461232.6198773813 1.0004033815
2461232.6200371031 1.0006152462
2461232.6201968254 0.9991229814
2461232.6203565476 1.0000741972
2461232.6205162699 0.9998510855
2461232.6206759922 0.9990964965
2461232.6208357145 1.0000767334
2461232.6209954368 1.0004962686
2461232.6211551586 0.9987655345
2461232.6213148809 1.0005889014
2461232.6214746032 1.0002551730
2461232.6216343255 1.0008887753
2461232.6217940478 0.9999317829
2461232.6219537701 1.0004385860
2461232.6221134923 0.9995821540
2461232.6222732142 1.0017524120
2461232.6224329364 0.9995803378
2461232.6225926587 1.0014050017
2461232.6227523810 1.0003651631
2461232.6229121033 0.9999511571
2461232.6230718256 0.9998666657
2461232.6232315479 0.9991621441
2461232.6233912697 1.0005070124
2461232.6235509920 1.0001145201
2461232.6237107143 0.9999943874
2461232.6238704366 1.0007061187
2461232.6240301589 1.0002879334
2461232.6241898811 0.9996581436
2461232.6243496034 0.9987973591
2461232.6245093253 0.9998451259
2461232.6246690475 0.9998131563
2461232.6248287698 0.9999989034
2461232.6249884921 1.0009428396
2461232.6251482144 0.9986040501
2461232.6253079367 1.0006963349
2461232.6254676590 0.9995613858
2461232.6256273808 0.9993081612
2461232.6257871035 0.9989067398
2461232.6259468254 1.0011648836
2461232.6261065477 1.0001827109
2461232.6262662699 1.0005320658
2461232.6264259922 1.0001510013
2461232.6265857145 1.0002834053
2461232.6267454363 1.0004473522
2461232.6269051591 0.9995542943
2461232.6270648809 1.0010391548
2461232.6272246032 0.9996406661
2461232.6273843255 0.9996126522
2461232.6275440478 0.9994897178
2461232.6277037701 0.9996802640
2461232.6278634919 0.9991011896
2461232.6280232146 0.9995096138
2461232.6281829365 1.0002183463
2461232.6283426587 0.9992868086
2461232.6285023810 1.0003006606
2461232.6286621033 0.9995773944
2461232.6288218256 1.0006938907
2461232.6289815474 1.0000611784
2461232.6291412702 0.9998147747
2461232.6293009920 1.0000945835
2461232.6294607143 1.0010882753
2461232.6296204366 0.9990911026
2461232.6297801589 0.9988761243
2461232.6299398812 0.9999258491
2461232.6300996034 1.0011200883
2461232.6302593257 0.9994088728
2461232.6304190475 0.9996579997
2461232.6305787698 1.0006201840
2461232.6307384921 0.9998593114
2461232.6308982144 0.9981226192
2461232.6310579367 0.9991182878
2461232.6312176590 1.0001189860
2461232.6313773813 0.9992853508
2461232.6315371031 1.0002813677
2461232.6316968254 1.0015704553
2461232.6318565477 1.0000139672
2461232.6320162700 1.0000854172
2461232.6321759922 0.9999657447
2461232.6323357145 0.9999187787
2461232.6324954368 1.0007315857
2461232.6326551586 0.9986530229
2461232.6328148809 0.9991727728
2461232.6329746032 0.9994639561
2461232.6331343255 1.0000064780
2461232.6332940478 1.0004951679
2461232.6334537701 1.0002416656
2461232.6336134924 1.0006127471
2461232.6337732142 0.9995131406
2461232.6339329365 1.0004647118
2461232.6340926588 1.0000021247
2461232.6342523810 0.9987806239
2461232.6344121033 1.0010901457
2461232.6345718256 1.0006126568
2461232.6347315479 0.9995412409
2461232.6348912697 0.9991134314
2461232.6350509920 1.0003839941
2461232.6352107143 0.9996927436
2461232.6353704366 1.0000477183
2461232.6355301589 0.9999119723
2461232.6356898812 1.0000850987
2461232.6358496035 0.9991221535
2461232.6360093253 1.0007236000
2461232.6361690476 1.0003673832
2461232.6363287698 0.9989202276
2461232.6364884921 0.9992832983
2461232.6366482144 1.0003576711
2461232.6368079367 1.0005738635
2461232.6369676590 0.9995490999
2461232.6371273808 0.9996572421
2461232.6372871031 0.9990115846
2461232.6374468254 0.9987430853
2461232.6376065477 0.9994452573
2461232.6377662700 0.9996602013
2461232.6379259923 1.0000139064
2461232.6380857145 0.9992029898
2461232.6382454364 1.0009327350
2461232.6384051587 1.0004490241
2461232.6385648809 1.0005703748
2461232.6387246032 0.9997990628
2461232.6388843255 0.9999443868
2461232.6390440478 0.9993351460
2461232.6392037701 1.0006809077
2461232.6393634919 1.0008657319
2461232.6395232147 1.0007153913
2461232.6396829365 1.0005180538
2461232.6398426588 1.0005474686
2461232.6400023811 1.0015034292
2461232.6401621033 1.0005260796
2461232.6403218256 0.9994281497
2461232.6404815475 1.0004999745
2461232.6406412702 1.0007977183
2461232.6408009920 1.0009436054
2461232.6409607143 1.0012715434
2461232.6411204366 1.0004214343
2461232.6412801589 0.9995404046
2461232.6414398812 0.9985832591
2461232.6415996030 1.0008120127
2461232.6417593258 1.0002856261
2461232.6419190476 0.9989982935
2461232.6420787699 1.0011430311
2461232.6422384921 1.0007517504
2461232.6423982144 1.0012233597
2461232.6425579367 0.9995301729
2461232.6427176585 0.9999625540
2461232.6428773813 0.9998590351
2461232.6430371031 0.9999071738
2461232.6431968254 1.0016908374
2461232.6433565477 0.9988500570
2461232.6435162700 1.0000093311
2461232.6436759923 1.0000711236
2461232.6438357146 1.0004861927
2461232.6439954368 0.9993833859
2461232.6441551587 1.0005116862
2461232.6443148809 1.0004227581
2461232.6444746032 1.0002170808
2461232.6446343255 0.9994395735
2461232.6447940478 0.9998548706
2461232.6449537701 1.0001002929
2461232.6451134924 1.0001307048
2461232.6452732142 0.9994259319
2461232.6454329365 1.0005911141
2461232.6455926588 1.0005079399
2461232.6457523811 0.9993060655
2461232.6459121034 0.9997116895
2461232.6460718256 0.9999147296
2461232.6462315479 0.9994983958
2461232.6463912698 1.0002335341
2461232.6465509920 0.9996783589
2461232.6467107143 0.9999222107
2461232.6468704366 0.9996175564
2461232.6470301589 0.9991301844
2461232.6471898812 1.0005788650
2461232.6473496035 1.0011342137
2461232.6475093253 0.9998512026
2461232.6476690476 1.0008671531
2461232.6478287699 1.0009375144
2461232.6479884922 0.9998136424
2461232.6481482144 1.0013526426
2461232.6483079367 0.9990517320
2461232.6484676590 1.0008450696
2461232.6486273808 1.0008340142
2461232.6487871031 0.9998196592
2461232.6489468254 0.9991660691
2461232.6491065477 1.0007946361
2461232.6492662700 1.0001107898
2461232.6494259923 0.9999091382
2461232.6495857146 0.9994709932
2461232.6497454364 1.0008843819
2461232.6499051587 0.9997861186
2461232.6500648810 1.0007489805
2461232.6502246032 1.0007460550
2461232.6503843255 0.9990879762
2461232.6505440478 0.9999777105
2461232.6507037701 1.0004303202
2461232.6508634919 1.0004331912
2461232.6510232142 0.9995455449
2461232.6511829365 0.9996290954
2461232.6513426588 0.9996250444
2461232.6515023811 0.9994151321
2461232.6516621034 0.9989538505
2461232.6518218257 0.9990919326
2461232.6519815475 0.9997560978
2461232.6521412698 0.9996728630
2461232.6523009920 0.9995077163
2461232.6524607143 0.9997745218
2461232.6526204366 1.0006133728
2461232.6527801589 0.9999781995
2461232.6529398812 0.9999557051
2461232.6530996030 1.0010961354
2461232.6532593258 1.0004117426
2461232.6534190476 0.9990013124
2461232.6535787699 0.9998196422
2461232.6537384922 1.0001430687
2461232.6538982145 0.9999175586
2461232.6540579367 1.0001465988
2461232.6542176586 1.0003150745
2461232.6543773813 0.9997407881
2461232.6545371031 0.9999330326
2461232.6546968254 1.0000399656
2461232.6548565477 0.9990287679
2461232.6550162700 0.9998101250
2461232.6551759923 0.9988989766
2461232.6553357141 1.0008126267
2461232.6554954369 1.0009726036
2461232.6556551587 1.0002674844
2461232.6558148810 0.9996386996
2461232.6559746033 0.9992050845
2461232.6561343255 1.0004868201
2461232.6562940478 1.0005324194
2461232.6564537697 0.9997556670
2461232.6566134924 0.9991248760
2461232.6567732142 1.0004094930
2461232.6569329365 0.9994869070
2461232.6570926588 0.9996989939
2461232.6572523811 1.0009778460
2461232.6574121034 1.0011416052
2461232.6575718257 1.0010981774
2461232.6577315480 0.9996959576
2461232.6578912698 0.9995058221
2461232.6580509921 1.0010507900
2461232.6582107143 1.0002934877
2461232.6583704366 0.9990255953
2461232.6585301589 1.0003165297
2461232.6586898812 0.9994285139
2461232.6588496035 1.0005253370
2461232.6590093253 0.9999455162
2461232.6591690476 1.0012370214
2461232.6593287699 0.9999833999
2461232.6594884922 0.9987312608
2461232.6596482145 1.0006384497
2461232.6598079368 0.9990212087
2461232.6599676590 1.0002912509
2461232.6601273809 1.0004442043
2461232.6602871032 1.0005107070
2461232.6604468254 1.0005108590
2461232.6606065477 1.0001222491
2461232.6607662700 1.0014879503
2461232.6609259923 1.0002885118
2461232.6610857146 0.9994490558
2461232.6612454364 0.9994793920
2461232.6614051587 1.0000721525
2461232.6615648810 0.9995818428
2461232.6617246033 0.9982942236
2461232.6618843256 0.9998171730
2461232.6620440478 0.9994766925
2461232.6622037701 0.9999294558
2461232.6623634920 0.9997787067
2461232.6625232142 0.9999388894
2461232.6626829365 0.9990424377
2461232.6628426588 0.9994965991
2461232.6630023811 0.9996912083
2461232.6631621034 0.9992359192
2461232.6633218257 1.0015243997
2461232.6634815475 0.9998031443
2461232.6636412698 1.0010562920
2461232.6638009921 1.0005475176
2461232.6639607144 1.0004920502
2461232.6641204366 1.0000603647
2461232.6642801589 1.0004283557
2461232.6644398812 0.9999001928
2461232.6645996030 1.0003254518
2461232.6647593253 0.9990047797
2461232.6649190476 1.0012387847
2461232.6650787699 0.9994515825
2461232.6652384922 0.9994986010
2461232.6653982145 0.9980833647
2461232.6655579368 0.9997098075
2461232.6657176586 1.0005484991
2461232.6658773809 0.9988136540
2461232.6660371032 1.0000805612
2461232.6661968254 1.0011918992
2461232.6663565477 0.9992079381
2461232.6665162700 1.0004223875
2461232.6666759923 1.0002053041
2461232.6668357141 1.0012593447
2461232.6669954369 1.0007785369
2461232.6671551587 0.9996656058
2461232.6673148810 0.9999780770
2461232.6674746033 1.0008337177
2461232.6676343256 0.9997205152
2461232.6677940479 0.9999420412
2461232.6679537697 1.0005744350
2461232.6681134924 0.9987078600
2461232.6682732143 0.9999146112
2461232.6684329365 0.9996706395
2461232.6685926588 0.9996789089
2461232.6687523811 1.0003833808
2461232.6689121034 1.0003166428
2461232.6690718252 1.0001710053
2461232.6692315480 1.0003944705
2461232.6693912698 1.0010393770
2461232.6695509921 1.0001923812
2461232.6697107144 0.9992733314
2461232.6698704367 1.0004514185
2461232.6700301589 1.0009379158
2461232.6701898808 0.9997435595
2461232.6703496035 0.9990105868
2461232.6705093253 1.0003866998
2461232.6706690476 1.0000783851
2461232.6708287699 0.9997268241
2461232.6709884922 1.0005993739
2461232.6711482145 1.0006689579
2461232.6713079368 0.9981581440
2461232.6714676591 0.9999354288
2461232.6716273809 1.0004105020
2461232.6717871032 1.0004437916
2461232.6719468255 1.0005491015
2461232.6721065477 0.9999692062
2461232.6722662700 1.0015549187
2461232.6724259923 0.9999851112
2461232.6725857146 1.0004942790
2461232.6727454364 0.9990711124
2461232.6729051587 1.0009297353
2461232.6730648810 1.0010873287
2461232.6732246033 1.0002484606
2461232.6733843256 1.0002230553
2461232.6735440479 1.0006334869
2461232.6737037702 0.9991562565
2461232.6738634920 1.0000966735
2461232.6740232143 1.0000517346
2461232.6741829365 0.9998061986
2461232.6743426588 1.0002715843
2461232.6745023811 1.0004551840
2461232.6746621034 1.0001776925
2461232.6748218257 0.9996743708
2461232.6749815475 0.9991318122
2461232.6751412698 0.9998420957
2461232.6753009921 1.0008773103
2461232.6754607144 1.0000002937
2461232.6756204367 0.9998941383
2461232.6757801590 0.9988528024
2461232.6759398812 0.9990406598
2461232.6760996031 1.0001214533
2461232.6762593254 0.9989075080
2461232.6764190476 1.0008664986
2461232.6765787699 0.9997576193
2461232.6767384922 0.9986096925
2461232.6768982145 0.9987640993
2461232.6770579368 0.9998306197
2461232.6772176586 0.9999616052
2461232.6773773809 0.9993154024
2461232.6775371032 0.9999646367
2461232.6776968255 1.0002741373
2461232.6778565478 0.9991708109
2461232.6780162700 0.9998135355
2461232.6781759923 1.0000649412
2461232.6783357142 0.9999090087
2461232.6784954364 0.9995846158
2461232.6786551587 1.0017845319
2461232.6788148810 0.9992281132
2461232.6789746033 1.0004521721
2461232.6791343256 1.0004784289
2461232.6792940479 1.0005782963
2461232.6794537697 1.0002899368
2461232.6796134920 1.0007860590
2461232.6797732143 1.0003391382
2461232.6799329366 1.0014393065
2461232.6800926588 0.9995825639
2461232.6802523811 1.0002929684
2461232.6804121034 0.9996261650
2461232.6805718252 0.9996572832
2461232.6807315475 0.9998044128
2461232.6808912698 0.9987256395
2461232.6810509921 0.9998890516
2461232.6812107144 1.0005875548
2461232.6813704367 1.0008493954
2461232.6815301590 1.0012004595
2461232.6816898808 0.9999835140
2461232.6818496035 0.9999041304
2461232.6820093254 0.9998338178
2461232.6821690476 0.9993180410
2461232.6823287699 1.0006112266
2461232.6824884922 0.9999787244
2461232.6826482145 0.9995006067
2461232.6828079363 0.9997285331
2461232.6829676591 0.9997766110
2461232.6831273809 1.0009303330
2461232.6832871032 0.9995761028
2461232.6834468255 1.0001755468
2461232.6836065478 1.0000698963
2461232.6837662701 0.9999646492
2461232.6839259919 0.9998275239
2461232.6840857146 0.9996040780
2461232.6842454365 1.0008588698
2461232.6844051587 0.9990226130
2461232.6845648810 0.9992727838
2461232.6847246033 0.9993689261
2461232.6848843256 1.0002315692
2461232.6850440479 0.9989645760
2461232.6852037702 1.0000376450
2461232.6853634920 0.9986431114
2461232.6855232143 1.0008757462
2461232.6856829366 0.9986820380
2461232.6858426589 0.9994881545
2461232.6860023811 0.9995953832
2461232.6861621034 0.9992363356
2461232.6863218257 0.9986744813
2461232.6864815475 1.0005063081
2461232.6866412698 0.9988697406
2461232.6868009921 0.9997120499
2461232.6869607144 1.0000744519
2461232.6871204367 0.9991990181
2461232.6872801590 0.9997032246
2461232.6874398813 0.9997198417
2461232.6875996031 0.9999406010
2461232.6877593254 1.0010936566
2461232.6879190477 0.9999471606
2461232.6880787699 1.0000902541
2461232.6882384922 1.0020579695
2461232.6883982145 1.0008641683
2461232.6885579368 0.9987893665
2461232.6887176586 0.9997007728
2461232.6888773809 0.9994484397
2461232.6890371032 0.9997611348
2461232.6891968255 1.0009395392
2461232.6893565478 0.9999261416
2461232.6895162701 0.9993501439
2461232.6896759924 0.9991017349
2461232.6898357142 0.9987969238
2461232.6899954365 0.9998679630
2461232.6901551588 0.9995447101
2461232.6903148810 0.9990293850
2461232.6904746033 0.9995239517
2461232.6906343256 0.9997094986
2461232.6907940479 0.9999053365
2461232.6909537697 0.9996885434
2461232.6911134920 1.0006161457
2461232.6912732143 1.0012039754
2461232.6914329366 1.0010944730
2461232.6915926589 1.0010589050
2461232.6917523812 1.0009051511
2461232.6919121034 0.9988562529
2461232.6920718253 0.9995503777
2461232.6922315476 1.0005997364
2461232.6923912698 1.0003957970
2461232.6925509921 0.9996716513
2461232.6927107144 1.0002583526
2461232.6928704367 0.9990709578
2461232.6930301590 1.0000895740
2461232.6931898808 0.9988066699
2461232.6933496031 0.9984206355
2461232.6935093254 0.9996457907
2461232.6936690477 0.9991085388
2461232.6938287700 0.9986565303
2461232.6939884922 1.0010440118
2461232.6941482145 0.9995909873
2461232.6943079364 0.9981704348
2461232.6944676586 1.0000061353
2461232.6946273809 1.0004501210
2461232.6947871032 0.9987512353
2461232.6949468255 0.9996145997
2461232.6951065478 0.9999159900
2461232.6952662701 0.9992497537
2461232.6954259919 0.9996421664
2461232.6955857147 1.0003805339
2461232.6957454365 0.9996913102
2461232.6959051588 0.9994445762
2461232.6960648810 0.9993827092
2461232.6962246033 0.9989716599
2461232.6963843256 0.9996537345
2461232.6965440474 1.0004450696
2461232.6967037702 0.9996897302
2461232.6968634920 0.9994948447
2461232.6970232143 1.0003011682
2461232.6971829366 0.9995715949
2461232.6973426589 0.9984982093
2461232.6975023812 1.0012169591
2461232.6976621030 0.9994823493
2461232.6978218257 1.0000494987
2461232.6979815476 0.9999347869
2461232.6981412699 0.9999448950
2461232.6983009921 1.0004025341
2461232.6984607144 1.0002160629
2461232.6986204367 1.0001487735
2461232.6987801590 0.9999936355
2461232.6989398813 1.0009790262
2461232.6990996031 1.0004327882
2461232.6992593254 0.9989614803
2461232.6994190477 0.9994701448
2461232.6995787700 1.0003624297
2461232.6997384923 1.0014370648
2461232.6998982145 0.9997046427
2461232.7000579368 1.0004750644
2461232.7002176587 1.0004382343
2461232.7003773809 0.9991110754
2461232.7005371032 0.9993186897
2461232.7006968255 0.9999482580
2461232.7008565478 1.0002695301
2461232.7010162701 1.0008332982
2461232.7011759924 0.9997425627
2461232.7013357142 1.0009901020
2461232.7014954365 0.9995188370
2461232.7016551588 0.9990251917
2461232.7018148811 0.9996225615
2461232.7019746033 0.9988942549
2461232.7021343256 0.9993811883
2461232.7022940479 1.0005756982
2461232.7024537697 0.9997846110
2461232.7026134920 0.9999745715
2461232.7027732143 0.9990473257
2461232.7029329366 1.0008626760
2461232.7030926589 0.9984204719
2461232.7032523812 0.9999769969
2461232.7034121035 1.0004789517
2461232.7035718253 1.0002015521
2461232.7037315476 0.9999397396
2461232.7038912699 0.9994961976
2461232.7040509921 1.0004644453
2461232.7042107144 1.0000163142
2461232.7043704367 1.0006785610
2461232.7045301590 1.0013813308
2461232.7046898808 0.9998726278
2461232.7048496031 0.9987674502
2461232.7050093254 0.9997887559
2461232.7051690477 1.0009928960
2461232.7053287700 1.0005293004
2461232.7054884923 1.0001827602
2461232.7056482146 0.9992848432
2461232.7058079364 1.0007799723
2461232.7059676587 1.0000872484
2461232.7061273810 0.9998649092
2461232.7062871032 1.0013092518
2461232.7064468255 0.9996629445
2461232.7066065478 1.0000385073
2461232.7067662701 1.0010223504
2461232.7069259919 1.0008108428
2461232.7070857142 0.9993641434
2461232.7072454365 0.9991285035
2461232.7074051588 1.0001825161
2461232.7075648811 1.0004860337
2461232.7077246034 0.9994291793
2461232.7078843256 0.9983533861
2461232.7080440475 0.9999126743
2461232.7082037698 0.9994997892
2461232.7083634920 1.0001295693
2461232.7085232143 1.0001544426
2461232.7086829366 1.0007772602
2461232.7088426589 1.0007079246
2461232.7090023812 0.9992160369
2461232.7091621030 0.9997873522
2461232.7093218258 1.0005955476
2461232.7094815476 1.0001166594
2461232.7096412699 1.0002226726
2461232.7098009922 0.9995118987
2461232.7099607144 1.0003868074
2461232.7101204367 1.0001856792
2461232.7102801586 1.0007583518
2461232.7104398813 0.9998868245
2461232.7105996031 1.0002110424
2461232.7107593254 0.9992970472
2461232.7109190477 1.0003100211
2461232.7110787700 1.0002985421
2461232.7112384923 1.0000641303
2461232.7113982141 1.0013446300
2461232.7115579369 0.9989262217
2461232.7117176587 1.0002430005
2461232.7118773810 1.0015104337
2461232.7120371033 1.0000602103
2461232.7121968255 1.0011845412
2461232.7123565478 1.0000087495
2461232.7125162701 0.9991620575
2461232.7126759924 1.0009769347
2461232.7128357142 1.0006950457
2461232.7129954365 1.0002886409
2461232.7131551588 0.9995656905
2461232.7133148811 0.9997492818
2461232.7134746034 1.0003110636
2461232.7136343257 0.9997994863
2461232.7137940479 0.9992586844
2461232.7139537698 0.9998303341
2461232.7141134921 0.9995645328
2461232.7142732143 1.0008948399
2461232.7144329366 1.0005086883
2461232.7145926589 1.0006573410
2461232.7147523812 0.9993792605
2461232.7149121035 0.9980882222
2461232.7150718253 0.9998183157
2461232.7152315476 1.0000398767
2461232.7153912699 1.0005415827
2461232.7155509922 0.9998675265
2461232.7157107145 0.9995987953
2461232.7158704367 0.9992845785
2461232.7160301590 1.0000494851
2461232.7161898809 0.9994470175
2461232.7163496031 0.9991101041
2461232.7165093254 1.0000691531
2461232.7166690477 0.9993851118
2461232.7168287700 0.9994438395
2461232.7169884923 0.9994515489
2461232.7171482146 0.9989799151
2461232.7173079364 0.9994832074
2461232.7174676587 1.0004471186
2461232.7176273810 1.0003339803
2461232.7177871033 1.0007097701
2461232.7179468255 0.9992302558
2461232.7181065478 0.9988791791
2461232.7182662701 1.0003275620
2461232.7184259919 1.0000195612
2461232.7185857142 1.0005783811
2461232.7187454365 1.0003814970
2461232.7189051588 0.9994932789
2461232.7190648811 1.0002127886
2461232.7192246034 0.9994418305
2461232.7193843257 0.9999262548
2461232.7195440475 1.0009720558
2461232.7197037698 1.0009487082
2461232.7198634921 1.0001530872
2461232.7200232144 0.9996434511
2461232.7201829366 0.9984329730
2461232.7203426589 0.9999311210
2461232.7205023812 0.9996951198
2461232.7206621030 1.0005822801
2461232.7208218253 1.0010876509
2461232.7209815476 0.9990387193
2461232.7211412699 0.9998906737
2461232.7213009922 1.0023526211
2461232.7214607145 1.0000253613
2461232.7216204368 1.0003047032
2461232.7217801586 1.0009348855
2461232.7219398809 0.9996539682
2461232.7220996032 1.0005962581
2461232.7222593254 1.0000921484
2461232.7224190477 0.9990253673
2461232.7225787700 1.0001448049
2461232.7227384923 0.9995302173
2461232.7228982141 0.9998769030
2461232.7230579369 0.9997497970
2461232.7232176587 0.9998615587
2461232.7233773810 0.9989760039
2461232.7235371033 0.9994232239
2461232.7236968256 1.0002607796
2461232.7238565478 1.0005189243
2461232.7240162697 1.0003518106
2461232.7241759924 0.9995638173
2461232.7243357142 0.9991871105
2461232.7244954365 1.0005839107
2461232.7246551588 0.9997515577
2461232.7248148811 1.0012861188
2461232.7249746034 1.0004457088
2461232.7251343252 0.9996960796
2461232.7252940480 1.0004734040
2461232.7254537698 1.0007386039
2461232.7256134921 1.0000870823
2461232.7257732144 0.9998203115
2461232.7259329366 0.9999388507
2461232.7260926589 0.9999792607
2461232.7262523812 0.9997049648
2461232.7264121035 0.9999040467
2461232.7265718253 1.0004043650
2461232.7267315476 1.0000785455
2461232.7268912699 0.9993755871
2461232.7270509922 1.0001128170
2461232.7272107145 0.9996304443
2461232.7273704368 0.9997939438
2461232.7275301591 1.0014715888
2461232.7276898809 0.9994813914
2461232.7278496032 1.0005310055
2461232.7280093255 1.0004815916
2461232.7281690477 0.9997626417
2461232.7283287700 1.0017725048
2461232.7284884923 0.9991347753
2461232.7286482146 1.0004744096
2461232.7288079364 1.0000280970
2461232.7289676587 0.9999359232
2461232.7291273810 0.9996466512
2461232.7292871033 1.0001397433
2461232.7294468256 0.9999088546
2461232.7296065479 0.9983306682
2461232.7297662701 0.9985789445
2461232.7299259920 0.9998662857
2461232.7300857143 1.0002673761
2461232.7302454365 0.9999474949
2461232.7304051588 1.0011229986
2461232.7305648811 1.0002275459
2461232.7307246034 1.0018951304
2461232.7308843257 0.9997597653
2461232.7310440475 0.9999705463
2461232.7312037698 1.0005338378
2461232.7313634921 1.0009181609
2461232.7315232144 0.9994619870
2461232.7316829367 1.0008354607
2461232.7318426589 1.0007950367
2461232.7320023812 1.0000408766
2461232.7321621031 0.9991784980
2461232.7323218253 1.0005285152
2461232.7324815476 1.0006787797
2461232.7326412699 0.9992948906
2461232.7328009922 0.9996421087
2461232.7329607145 0.9993443053
2461232.7331204368 0.9999502886
2461232.7332801586 1.0003362095
2461232.7334398809 1.0003805767
2461232.7335996032 0.9998731851
2461232.7337593255 1.0005894104
2461232.7339190478 1.0001180523
2461232.7340787700 0.9986325650
2461232.7342384923 0.9996716148
2461232.7343982141 1.0011700333
2461232.7345579364 0.9987084980
2461232.7347176587 0.9996310856
2461232.7348773810 1.0005467993
2461232.7350371033 1.0001312793
2461232.7351968256 1.0000045125
2461232.7353565479 1.0003781115
2461232.7355162697 0.9993960524
2461232.7356759920 0.9997246164
2461232.7358357143 0.9988588309
2461232.7359954366 0.9993914370
2461232.7361551588 1.0001935168
2461232.7363148811 0.9997180084
2461232.7364746034 1.0005328630
2461232.7366343252 0.9992396841
2461232.7367940480 1.0004550535
2461232.7369537698 0.9993280267
2461232.7371134921 0.9994477799
2461232.7372732144 1.0010120459
2461232.7374329367 0.9988092605
2461232.7375926590 1.0001609673
2461232.7377523808 1.0010955025
2461232.7379121035 1.0009147486
2461232.7380718254 0.9999891989
2461232.7382315476 1.0001388353
2461232.7383912699 0.9991853751
2461232.7385509922 1.0002121045
2461232.7387107145 0.9993213666
2461232.7388704363 1.0005547214
2461232.7390301591 1.0003108418
2461232.7391898809 1.0007264096
2461232.7393496032 0.9985138992
2461232.7395093255 0.9999814995
2461232.7396690478 0.9998988214
2461232.7398287700 0.9999807422
2461232.7399884923 0.9993859090
2461232.7401482146 0.9992167423
2461232.7403079364 0.9997088198
2461232.7404676587 1.0002088464
2461232.7406273810 0.9996410387
2461232.7407871033 1.0000718277
2461232.7409468256 0.9988293452
2461232.7411065479 0.9996579214
2461232.7412662702 1.0001676448
2461232.7414259920 0.9998441358
2461232.7415857143 0.9999767595
2461232.7417454366 0.9991992958
2461232.7419051589 1.0003899310
2461232.7420648811 1.0004929988
2461232.7422246034 0.9999752932
2461232.7423843257 1.0004456147
2461232.7425440475 1.0009168556
2461232.7427037698 1.0003973067
2461232.7428634921 1.0010171019
2461232.7430232144 0.9987254871
2461232.7431829367 1.0001885988
2461232.7433426590 0.9979690190
2461232.7435023813 0.9995632461
2461232.7436621031 0.9989113145
2461232.7438218254 0.9991329299
2461232.7439815477 0.9997268369
2461232.7441412699 0.9984621344
2461232.7443009922 0.9997094715
2461232.7444607145 0.9997411016
2461232.7446204368 1.0007926138
2461232.7447801586 1.0008306945
2461232.7449398809 1.0003692167
2461232.7450996032 1.0012869921
2461232.7452593255 0.9992051622
2461232.7454190478 1.0002902140
2461232.7455787701 0.9989872912
2461232.7457384923 1.0004224205
2461232.7458982142 1.0007414252
2461232.7460579365 0.9987384512
2461232.7462176587 1.0000643140
2461232.7463773810 1.0004415194
2461232.7465371033 0.9997637070
2461232.7466968256 1.0001866305
2461232.7468565479 1.0007054205
2461232.7470162697 1.0019659932
2461232.7471759920 1.0001800258
2461232.7473357143 0.9996574901
2461232.7474954366 0.9992357182
2461232.7476551589 1.0004860728
2461232.7478148811 1.0004320924
2461232.7479746034 0.9990032574
2461232.7481343253 0.9989402841
2461232.7482940475 0.9997654690
2461232.7484537698 1.0000196337
2461232.7486134921 1.0000583911
2461232.7487732144 0.9996343167
2461232.7489329367 1.0008985620
2461232.7490926590 0.9998558825
2461232.7492523808 0.9999051217
2461232.7494121031 1.0003479339
2461232.7495718254 1.0001769230
2461232.7497315477 0.9988295267
2461232.7498912700 1.0001927157
2461232.7500509922 1.0005955287
2461232.7502107145 1.0005878658
2461232.7503704363 0.9998803770
2461232.7505301591 0.9998387693
2461232.7506898809 1.0012450763
2461232.7508496032 0.9990688705
2461232.7510093255 1.0004299036
2461232.7511690478 1.0000201585
2461232.7513287701 1.0002998548
2461232.7514884919 0.9990110029
2461232.7516482146 0.9992927876
2461232.7518079365 0.9994642520
2461232.7519676588 1.0003973801
2461232.7521273810 0.9994512853
2461232.7522871033 1.0001697528
2461232.7524468256 1.0001108821
2461232.7526065474 1.0003831479
2461232.7527662702 0.9999852818
2461232.7529259920 0.9996152305
2461232.7530857143 0.9999204299
2461232.7532454366 1.0001377477
2461232.7534051589 0.9995105502
2461232.7535648812 1.0002371501
2461232.7537246034 1.0009847024
2461232.7538843257 1.0007563429
2461232.7540440476 0.9993541843
2461232.7542037698 1.0005174209
2461232.7543634921 0.9983551156
2461232.7545232144 0.9993519410
2461232.7546829367 1.0007218131
2461232.7548426590 0.9990025935
2461232.7550023813 1.0000842985
2461232.7551621031 1.0005804726
2461232.7553218254 1.0014466510
2461232.7554815477 0.9994724568
2461232.7556412700 1.0003624303
2461232.7558009923 0.9999400762
2461232.7559607145 0.9989053744
2461232.7561204368 0.9995524558
2461232.7562801586 1.0006462320
2461232.7564398809 0.9999170408
2461232.7565996032 0.9990344315
2461232.7567593255 1.0012995036
2461232.7569190478 1.0008028690
2461232.7570787701 0.9994355701
2461232.7572384924 0.9997413866
2461232.7573982142 1.0011811053
2461232.7575579365 0.9997815062
2461232.7577176588 1.0000780561
2461232.7578773811 0.9985037720
2461232.7580371033 0.9996289932
2461232.7581968256 0.9988320636
2461232.7583565479 1.0009540687
2461232.7585162697 0.9999353886
2461232.7586759920 0.9997727389
2461232.7588357143 0.9998835596
2461232.7589954366 0.9997240864
2461232.7591551589 0.9994335680
2461232.7593148812 0.9990379833
2461232.7594746035 1.0011256428
2461232.7596343253 0.9998307852
2461232.7597940476 1.0003729039
2461232.7599537699 0.9992469748
2461232.7601134921 0.9998849602
2461232.7602732144 1.0001951218
2461232.7604329367 0.9992334319
2461232.7605926590 1.0000272179
2461232.7607523808 1.0001615105
2461232.7609121031 0.9986950912
2461232.7610718254 0.9995578230
2461232.7612315477 0.9994927013
2461232.7613912700 1.0000695876
2461232.7615509923 0.9990229348
2461232.7617107145 0.9996663553
2461232.7618704364 0.9998451442
2461232.7620301587 0.9999250379
2461232.7621898809 1.0007040666
2461232.7623496032 1.0000504692
2461232.7625093255 0.9999594358
2461232.7626690478 0.9996008261
2461232.7628287701 0.9999560068
2461232.7629884919 0.9991046245
2461232.7631482142 0.9999624078
2461232.7633079365 0.9996967779
2461232.7634676588 0.9988893876
2461232.7636273811 1.0002998935
2461232.7637871034 1.0018427566
2461232.7639468256 1.0010581882
2461232.7641065475 0.9996795394
2461232.7642662702 1.0001772822
2461232.7644259920 0.9995793045
2461232.7645857143 0.9989801636
2461232.7647454366 1.0004342638
2461232.7649051589 1.0005498083
2461232.7650648812 1.0008762146
2461232.7652246030 0.9996655451
2461232.7653843258 0.9995381083
2461232.7655440476 0.9999523533
2461232.7657037699 0.9986290327
2461232.7658634922 0.9997610948
2461232.7660232144 1.0002499743
2461232.7661829367 0.9988115747
2461232.7663426585 0.9991023762
2461232.7665023813 1.0008648512
2461232.7666621031 1.0004098122
2461232.7668218254 0.9996095933
2461232.7669815477 1.0004987657
2461232.7671412700 1.0015127852
2461232.7673009923 1.0001047574
2461232.7674607146 1.0004739085
2461232.7676204368 1.0001067956
2461232.7677801587 0.9990971768
2461232.7679398810 0.9997059883
2461232.7680996032 1.0004133707
2461232.7682593255 0.9998050518
2461232.7684190478 0.9997948412
2461232.7685787701 1.0000221477
2461232.7687384924 0.9997015669
2461232.7688982142 1.0004039745
2461232.7690579365 0.9978730361
2461232.7692176588 1.0005965620
2461232.7693773811 0.9994730484
2461232.7695371034 1.0003107020
2461232.7696968256 0.9997763780
2461232.7698565479 0.9996370489
2461232.7700162698 0.9992247676
2461232.7701759920 0.9994773842
2461232.7703357143 0.9998247771
2461232.7704954366 1.0016816300
2461232.7706551589 0.9993753085
2461232.7708148812 1.0004856279
2461232.7709746035 1.0004253597
2461232.7711343253 1.0010253152
2461232.7712940476 1.0005566806
2461232.7714537699 0.9993928323
2461232.7716134922 1.0003196356
2461232.7717732145 0.9999904208
2461232.7719329367 0.9996999972
2461232.7720926590 1.0003809333
2461232.7722523808 0.9994966687
2461232.7724121031 1.0002197937
2461232.7725718254 1.0007640745
2461232.7727315477 1.0004092016
2461232.7728912700 0.9993501154
2461232.7730509923 0.9995495774
2461232.7732107146 1.0007111881
2461232.7733704364 0.9995548237
2461232.7735301587 1.0001187236
2461232.7736898810 0.9995459565
2461232.7738496033 0.9996686571
2461232.7740093255 1.0002353272
2461232.7741690478 1.0000885852
2461232.7743287701 1.0004428268
2461232.7744884919 0.9996156393
2461232.7746482142 0.9992751424
2461232.7748079365 0.9996914971
2461232.7749676588 0.9996253678
2461232.7751273811 1.0005215130
2461232.7752871034 1.0009822626
2461232.7754468257 1.0007506666
2461232.7756065475 0.9998158578
2461232.7757662698 1.0010994024
2461232.7759259921 1.0013083508
2461232.7760857143 0.9996283320
2461232.7762454366 1.0014345712
2461232.7764051589 0.9991609233
2461232.7765648812 0.9991153692
2461232.7767246030 0.9998241589
2461232.7768843253 1.0003324885
2461232.7770440476 1.0007036241
2461232.7772037699 1.0000029965
2461232.7773634922 0.9994673094
2461232.7775232145 1.0000899100
2461232.7776829368 1.0004643627
2461232.7778426586 1.0000375371
2461232.7780023813 1.0005128875
2461232.7781621031 0.9999347509
2461232.7783218254 1.0008223480
2461232.7784815477 0.9993849080
2461232.7786412700 0.9995383615
2461232.7788009923 0.9996207122
2461232.7789607141 0.9997861753
2461232.7791204369 1.0001861920
2461232.7792801587 1.0001570659
2461232.7794398810 0.9988084670
2461232.7795996033 1.0004845850
2461232.7797593256 0.9993523603
2461232.7799190478 0.9992892296
2461232.7800787697 0.9980732461
2461232.7802384924 0.9999286963
2461232.7803982142 1.0005918050
2461232.7805579365 1.0000934207
2461232.7807176588 0.9988636199
2461232.7808773811 1.0007173967
2461232.7810371034 0.9996613339
2461232.7811968252 1.0003368072
2461232.7813565480 0.9998879058
2461232.7815162698 1.0005409994
2461232.7816759921 0.9999096731
2461232.7818357144 1.0003845369
2461232.7819954366 0.9994485604
2461232.7821551589 0.9998422223
2461232.7823148812 0.9995265885
2461232.7824746035 0.9997728168
2461232.7826343253 1.0008708396
2461232.7827940476 1.0002780489
2461232.7829537699 0.9998426105
2461232.7831134922 0.9998679726
2461232.7832732145 0.9996693000
2461232.7834329368 0.9996667492
2461232.7835926590 0.9989926552
2461232.7837523809 0.9995497232
2461232.7839121032 0.9997931012
2461232.7840718254 0.9998875183
2461232.7842315477 1.0013045753
2461232.7843912700 1.0005652489
2461232.7845509923 0.9988355022
2461232.7847107146 1.0003127483
2461232.7848704364 1.0006352302
2461232.7850301587 1.0000656433
2461232.7851898810 1.0013029688
2461232.7853496033 0.9992480032
2461232.7855093256 0.9999113316
2461232.7856690479 0.9994667965
2461232.7858287701 1.0009404173
2461232.7859884920 0.9994801719
2461232.7861482142 0.9993637789
2461232.7863079365 1.0001566237
2461232.7864676588 1.0003958473
2461232.7866273811 1.0003049398
2461232.7867871034 1.0001630683
2461232.7869468257 1.0000288820
2461232.7871065475 1.0000941589
2461232.7872662698 0.9994490719
2461232.7874259921 1.0002954852
2461232.7875857144 1.0002857784
2461232.7877454367 1.0002508933
2461232.7879051589 1.0001683818
2461232.7880648812 0.9996939233
2461232.7882246030 0.9999748312
2461232.7883843253 1.0003967380
2461232.7885440476 1.0009416432
2461232.7887037699 1.0014581036
2461232.7888634922 0.9999712243
2461232.7890232145 0.9999016010
2461232.7891829368 0.9999619818
2461232.7893426586 0.9999969277
2461232.7895023809 1.0001360335
2461232.7896621032 1.0005664577
2461232.7898218255 1.0004420317
2461232.7899815477 1.0003916769
2461232.7901412700 1.0000011715
2461232.7903009923 0.9999275056
2461232.7904607141 1.0011042684
2461232.7906204364 0.9993721670
2461232.7907801587 0.9995256561
2461232.7909398810 1.0002895942
2461232.7910996033 1.0008993283
2461232.7912593256 1.0004647190
2461232.7914190479 1.0006147150
2461232.7915787697 1.0012518644
2461232.7917384924 1.0003198009
2461232.7918982143 0.9981994014
2461232.7920579365 0.9999015396
2461232.7922176588 0.9994452643
2461232.7923773811 1.0014343271
2461232.7925371034 0.9998596187
2461232.7926968252 0.9992800372
2461232.7928565480 1.0002115459
2461232.7930162698 1.0001102303
2461232.7931759921 1.0011027291
2461232.7933357144 0.9999448810
2461232.7934954367 0.9999167911
2461232.7936551590 0.9993850218
2461232.7938148808 1.0009200305
2461232.7939746035 0.9998579893
2461232.7941343253 1.0008322396
2461232.7942940476 0.9993728771
2461232.7944537699 1.0000500905
2461232.7946134922 1.0010448239
2461232.7947732145 1.0004013468
2461232.7949329363 1.0005651786
2461232.7950926591 1.0004726039
2461232.7952523809 1.0006082479
2461232.7954121032 1.0003436957
2461232.7955718255 0.9997864050
2461232.7957315478 0.9996825006
2461232.7958912700 0.9999277525
2461232.7960509923 0.9999668758
2461232.7962107146 1.0014240067
2461232.7963704364 0.9992504232
2461232.7965301587 1.0006343648
2461232.7966898810 1.0003509397
2461232.7968496033 1.0013275802
2461232.7970093256 0.9996763484
2461232.7971690479 1.0005103010
2461232.7973287702 1.0007720262
2461232.7974884920 0.9999407550
2461232.7976482143 1.0010077406
2461232.7978079366 1.0004766064
2461232.7979676588 0.9992521214
2461232.7981273811 0.9996812102
2461232.7982871034 0.9995422977
2461232.7984468257 0.9994437313
2461232.7986065475 1.0003806232
2461232.7987662698 0.9999717139
2461232.7989259921 0.9994930055
2461232.7990857144 1.0002104493
2461232.7992454367 0.9998660249
2461232.7994051590 0.9995463999
2461232.7995648813 1.0008752149
2461232.7997246031 0.9988227799
2461232.7998843254 1.0004655843
2461232.8000440476 1.0011502221
2461232.8002037699 1.0013688849
2461232.8003634922 1.0004815640
2461232.8005232145 1.0002388626
2461232.8006829368 1.0005801719
2461232.8008426586 0.9999545366
2461232.8010023809 1.0001142155
2461232.8011621032 0.9996119175
2461232.8013218255 1.0011339649
2461232.8014815478 0.9996912483
2461232.8016412701 0.9995445616
2461232.8018009923 0.9992017161
2461232.8019607142 0.9988442892
2461232.8021204364 0.9998834359
2461232.8022801587 1.0005710884
2461232.8024398810 0.9998783991
2461232.8025996033 0.9995550839
2461232.8027593256 0.9997188458
2461232.8029190479 0.9999477781
2461232.8030787697 1.0000642156
2461232.8032384920 0.9993210132
2461232.8033982143 0.9999192108
2461232.8035579366 0.9999425680
2461232.8037176589 1.0003711127
2461232.8038773811 1.0005328772
2461232.8040371034 0.9990589837
2461232.8041968253 1.0002258222
2461232.8043565475 1.0000583207
2461232.8045162698 1.0003462823
2461232.8046759921 1.0008439222
2461232.8048357144 0.9994338952
2461232.8049954367 1.0004435063
2461232.8051551590 0.9993289424
2461232.8053148808 1.0003305567
2461232.8054746035 0.9989056571
2461232.8056343254 0.9993481312
2461232.8057940477 0.9987182234
2461232.8059537699 1.0002272484
2461232.8061134922 0.9980357309
2461232.8062732145 1.0003821438
2461232.8064329363 1.0006937744
2461232.8065926591 0.9995639455
2461232.8067523809 1.0005458035
2461232.8069121032 1.0007491514
2461232.8070718255 1.0002170980
2461232.8072315478 1.0005445053
2461232.8073912701 1.0008639945
2461232.8075509919 1.0016279306
2461232.8077107146 1.0010263863
2461232.8078704365 1.0004770731
2461232.8080301587 0.9997758379
2461232.8081898810 1.0009493303
2461232.8083496033 0.9996342596
2461232.8085093256 1.0003628369
2461232.8086690474 1.0001219209
2461232.8088287702 0.9999625569
2461232.8089884920 1.0003613518
2461232.8091482143 0.9990173934
2461232.8093079366 1.0013072586
2461232.8094676589 1.0005131487
2461232.8096273812 1.0001635270
2461232.8097871034 0.9983919235
2461232.8099468257 0.9986679998
2461232.8101065475 1.0006039464
2461232.8102662698 1.0000676053
2461232.8104259921 1.0005459649
2461232.8105857144 1.0008067122
2461232.8107454367 0.9990343753
2461232.8109051590 0.9995371051
2461232.8110648813 1.0010238772
2461232.8112246031 1.0007097222
2461232.8113843254 0.9993564548
2461232.8115440477 0.9988236065
2461232.8117037700 1.0004274566
2461232.8118634922 0.9996796552
2461232.8120232145 1.0009044434
2461232.8121829368 1.0001933599
2461232.8123426586 0.9991256392
2461232.8125023809 1.0002279868
2461232.8126621032 0.9986556689
2461232.8128218255 1.0011162671
2461232.8129815478 0.9993090943
2461232.8131412701 0.9998297375
2461232.8133009924 1.0002102939
2461232.8134607142 1.0001123675
2461232.8136204365 0.9989558150
2461232.8137801588 1.0001838349
2461232.8139398810 0.9998254827
2461232.8140996033 1.0000320364
2461232.8142593256 1.0003722556
2461232.8144190479 0.9993069240
2461232.8145787697 0.9987490949
2461232.8147384920 0.9992779206
2461232.8148982143 1.0013771193
2461232.8150579366 1.0002693423
2461232.8152176589 0.9989960475
2461232.8153773812 0.9997050591
2461232.8155371035 1.0004382604
2461232.8156968253 1.0001655709
2461232.8158565476 1.0001324913
2461232.8160162698 0.9988419412
2461232.8161759921 0.9996237045
2461232.8163357144 0.9988094938
2461232.8164954367 1.0008838616
2461232.8166551590 0.9997640886
2461232.8168148808 1.0002800497
2461232.8169746031 0.9993565015
2461232.8171343254 1.0012639118
2461232.8172940477 1.0003668711
2461232.8174537700 0.9996899191
2461232.8176134923 0.9991514711
2461232.8177732145 1.0007774622
2461232.8179329364 0.9998419721
2461232.8180926587 0.9993610557
2461232.8182523809 1.0010260475
2461232.8184121032 1.0000179797
2461232.8185718255 0.9995114826
2461232.8187315478 1.0013554082
2461232.8188912701 1.0000324432
2461232.8190509919 1.0001779344
2461232.8192107147 1.0005714385
2461232.8193704365 0.9982228989
2461232.8195301588 1.0010001406
2461232.8196898811 1.0002591581
2461232.8198496033 1.0001094084
2461232.8200093256 1.0006599246
2461232.8201690475 1.0011593663
2461232.8203287702 0.9990527633
2461232.8204884920 0.9988762402
2461232.8206482143 1.0016787398
2461232.8208079366 0.9993904913
2461232.8209676589 1.0000025563
2461232.8211273812 1.0000230374
2461232.8212871030 1.0002702237
2461232.8214468258 0.9989552003
2461232.8216065476 1.0010665670
2461232.8217662699 0.9994719146
2461232.8219259921 0.9993767038
2461232.8220857144 1.0015472810
2461232.8222454367 1.0007137944
2461232.8224051585 0.9997928308
2461232.8225648813 1.0005341403
2461232.8227246031 0.9997144676
2461232.8228843254 0.9998641925
2461232.8230440477 0.9993901649
2461232.8232037700 1.0000706192
2461232.8233634923 0.9992055070
2461232.8235232146 1.0007330511
2461232.8236829368 0.9990932150
2461232.8238426587 1.0006472880
2461232.8240023809 0.9992884742
2461232.8241621032 1.0002545547
2461232.8243218255 1.0007616721
2461232.8244815478 1.0006503826
2461232.8246412701 0.9994664571
2461232.8248009924 1.0003066301
2461232.8249607142 1.0001220074
2461232.8251204365 1.0005514334
2461232.8252801588 1.0008183522
2461232.8254398811 1.0019859417
2461232.8255996034 1.0000675628
2461232.8257593256 1.0000347154
2461232.8259190479 1.0006671907
2461232.8260787698 0.9985790693
2461232.8262384920 1.0002806692
2461232.8263982143 1.0000568484
2461232.8265579366 0.9995965302
2461232.8267176589 0.9996140762
2461232.8268773812 1.0003046428
2461232.8270371035 1.0000780990
2461232.8271968253 0.9998827154
2461232.8273565476 0.9995496726
2461232.8275162699 1.0001659959
2461232.8276759922 0.9998611479
2461232.8278357144 1.0021582502
2461232.8279954367 0.9997133152
2461232.8281551590 1.0004077112
2461232.8283148808 0.9986854769
2461232.8284746031 1.0009785363
2461232.8286343254 0.9989539991
2461232.8287940477 0.9985457750
2461232.8289537700 0.9983875184
2461232.8291134923 0.9991381248
2461232.8292732146 1.0020567842
2461232.8294329364 1.0001420770
2461232.8295926587 0.9999084468
2461232.8297523810 1.0004194992
2461232.8299121032 1.0000607200
2461232.8300718255 1.0006898857
2461232.8302315478 1.0005190486
2461232.8303912701 1.0000133610
2461232.8305509919 0.9993886915
2461232.8307107142 1.0006308770
2461232.8308704365 1.0004605119
2461232.8310301588 1.0013411355
2461232.8311898811 1.0002541858
2461232.8313496034 0.9993766300
2461232.8315093257 0.9993124427
2461232.8316690475 0.9993418054
2461232.8318287698 1.0006372457
2461232.8319884920 0.9986410727
2461232.8321482143 0.9999383751
2461232.8323079366 0.9999148349
2461232.8324676589 1.0002974151
2461232.8326273812 1.0011552051
2461232.8327871030 0.9993343049
2461232.8329468258 0.9988692019
2461232.8331065476 1.0003136075
2461232.8332662699 1.0008637933
2461232.8334259922 0.9999363727
2461232.8335857145 0.9999406135
2461232.8337454367 1.0017335205
2461232.8339051586 1.0002989780
2461232.8340648813 0.9991783222
2461232.8342246031 1.0000342217
2461232.8343843254 0.9993316075
2461232.8345440477 0.9998063574
2461232.8347037700 1.0000164526
2461232.8348634923 0.9990427937
2461232.8350232141 1.0008334670
2461232.8351829369 1.0014999730
2461232.8353426587 0.9995330295
2461232.8355023810 0.9996555795
2461232.8356621033 1.0005901203
2461232.8358218255 0.9996395567
2461232.8359815478 1.0001384920
2461232.8361412697 0.9998494401
2461232.8363009924 1.0008655637
2461232.8364607142 0.9990617490
2461232.8366204365 0.9996121062
2461232.8367801588 0.9996372758
2461232.8369398811 1.0000679580
2461232.8370996034 1.0001264508
2461232.8372593257 1.0005923060
2461232.8374190480 0.9985402362
2461232.8375787698 0.9990436025
2461232.8377384921 0.9990081463
2461232.8378982143 1.0002746903
2461232.8380579366 1.0004438229
2461232.8382176589 0.9997754578
2461232.8383773812 0.9997841991
2461232.8385371035 1.0004725999
2461232.8386968253 1.0009336167
2461232.8388565476 0.9991874548
2461232.8390162699 0.9998934678
2461232.8391759922 0.9989646212
2461232.8393357145 1.0003923258
2461232.8394954368 1.0014677238
2461232.8396551590 1.0000859890
2461232.8398148809 1.0008771379
2461232.8399746032 1.0006352891
2461232.8401343254 1.0004050398
2461232.8402940477 0.9999165732
2461232.8404537700 1.0003424213
2461232.8406134923 1.0002536883
2461232.8407732146 1.0003363618
2461232.8409329364 1.0000521985
2461232.8410926587 0.9993432804
2461232.8412523810 0.9999072468
2461232.8414121033 1.0003611653
2461232.8415718256 1.0020176575
2461232.8417315478 0.9998777443
2461232.8418912701 0.9998990033
2461232.8420509920 0.9994439505
2461232.8422107142 1.0005211428
2461232.8423704365 1.0002441233
2461232.8425301588 1.0005591007
2461232.8426898811 0.9994739261
2461232.8428496034 0.9997030792
2461232.8430093257 0.9981615411
2461232.8431690475 1.0006319440
2461232.8433287698 0.9998297559
2461232.8434884921 1.0011343163
2461232.8436482144 1.0005820214
2461232.8438079366 0.9990421610
2461232.8439676589 1.0001635470
2461232.8441273812 0.9986388923
2461232.8442871030 1.0004707790
2461232.8444468253 0.9996812615
2461232.8446065476 1.0001836879
2461232.8447662699 1.0003689168
2461232.8449259922 0.9989510925
2461232.8450857145 1.0007723962
2461232.8452454368 1.0001657596
2461232.8454051586 0.9997469247
2461232.8455648809 0.9993217042
2461232.8457246032 1.0000809194
2461232.8458843254 0.9994318657
2461232.8460440477 0.9992484012
2461232.8462037700 0.9997359687
2461232.8463634923 0.9995172583
2461232.8465232141 1.0017628009
2461232.8466829369 0.9994752240
2461232.8468426587 1.0014545400
2461232.8470023810 1.0001295514
2461232.8471621033 0.9993654999
2461232.8473218256 0.9984817663
2461232.8474815479 1.0005632567
2461232.8476412697 0.9998835515
2461232.8478009924 0.9991088300
2461232.8479607143 1.0014955466
2461232.8481204365 1.0002850792
2461232.8482801588 0.9995257963
2461232.8484398811 0.9992956532
2461232.8485996034 1.0003814217
2461232.8487593252 1.0002769901
2461232.8489190480 1.0003261546
2461232.8490787698 0.9996708181
2461232.8492384921 1.0012574216
2461232.8493982144 1.0003003453
2461232.8495579367 0.9999852924
2461232.8497176589 1.0016515591
2461232.8498773808 0.9986931567
2461232.8500371035 1.0008771027
2461232.8501968253 1.0009714161
2461232.8503565476 1.0004619782
2461232.8505162699 1.0004593133
2461232.8506759922 1.0004066777
2461232.8508357145 0.9998526853
2461232.8509954368 1.0001666302
2461232.8511551591 1.0006324903
2461232.8513148809 0.9995435691
2461232.8514746032 1.0002842551
2461232.8516343255 1.0001779940
2461232.8517940477 0.9995515395
2461232.8519537700 1.0000646930
2461232.8521134923 0.9991132393
2461232.8522732146 0.9988742458
2461232.8524329364 1.0004799056
2461232.8525926587 1.0006982693
2461232.8527523810 0.9995238606
2461232.8529121033 0.9991790873
2461232.8530718256 0.9993207754
2461232.8532315479 0.9999735344
2461232.8533912702 0.9999023348
2461232.8535509920 0.9999320807
2461232.8537107143 1.0006773985
2461232.8538704365 1.0004589161
2461232.8540301588 0.9988513862
2461232.8541898811 0.9982537252
2461232.8543496034 0.9993334796
2461232.8545093257 1.0004122693
2461232.8546690475 1.0009590425
2461232.8548287698 0.9992910110
2461232.8549884921 1.0002713055
2461232.8551482144 0.9998553004
2461232.8553079367 0.9999458525
2461232.8554676590 1.0007781896
2461232.8556273812 0.9997459998
2461232.8557871031 0.9997397455
2461232.8559468254 1.0000458529
2461232.8561065476 0.9988851686
2461232.8562662699 0.9991831732
2461232.8564259922 0.9993723819
2461232.8565857145 1.0000070136
2461232.8567454368 0.9993122092
2461232.8569051586 0.9996384237
2461232.8570648809 1.0001704250
2461232.8572246032 1.0012939561
2461232.8573843255 1.0016279541
2461232.8575440478 1.0000944782
2461232.8577037700 1.0004741974
2461232.8578634923 0.9994743607
2461232.8580232142 0.9996011767
2461232.8581829364 1.0011849099
2461232.8583426587 0.9991272963
2461232.8585023810 1.0000127836
2461232.8586621033 0.9997346957
2461232.8588218256 0.9990736538
2461232.8589815479 0.9989923562
2461232.8591412697 1.0009676200
2461232.8593009920 1.0001323017
2461232.8594607143 1.0006098368
2461232.8596204366 1.0014210089
2461232.8597801588 0.9999244914
2461232.8599398811 0.9991715493
2461232.8600996034 0.9985188222
2461232.8602593252 0.9987461913
2461232.8604190475 1.0001897520
2461232.8605787698 0.9999834737
2461232.8607384921 1.0002915986
2461232.8608982144 1.0008046516
2461232.8610579367 0.9994695809
2461232.8612176590 0.9986852882
2461232.8613773808 0.9996876665
2461232.8615371035 0.9985616292
2461232.8616968254 1.0002016895
2461232.8618565476 0.9995451379
2461232.8620162699 0.9996467626
2461232.8621759922 0.9999715360
2461232.8623357145 0.9996890488
2461232.8624954363 0.9990761067
2461232.8626551591 0.9990107172
2461232.8628148809 1.0004122667
2461232.8629746032 0.9990032656
2461232.8631343255 1.0002216984
2461232.8632940478 0.9997680775
2461232.8634537701 0.9999551122
2461232.8636134919 1.0009412303
2461232.8637732146 0.9997396827
2461232.8639329365 1.0001886527
2461232.8640926587 0.9997703687
2461232.8642523810 1.0005720171
2461232.8644121033 0.9993185535
2461232.8645718256 1.0004099777
2461232.8647315479 1.0000922232
2461232.8648912702 0.9999610812
2461232.8650509920 1.0003997039
2461232.8652107143 0.9993556759
2461232.8653704366 0.9999319542
2461232.8655301589 1.0008446841
2461232.8656898811 1.0001200608
2461232.8658496034 1.0007115056
2461232.8660093257 0.9994996716
2461232.8661690475 1.0013448254
2461232.8663287698 0.9997166533
2461232.8664884921 0.9999271644
2461232.8666482144 1.0001222557
2461232.8668079367 0.9991910675
2461232.8669676590 0.9991155636
2461232.8671273813 1.0005264387
2461232.8672871031 1.0001271784
2461232.8674468254 1.0004651676
2461232.8676065477 0.9996588099
2461232.8677662699 1.0001883447
2461232.8679259922 0.9997677708
2461232.8680857145 1.0000223132
2461232.8682454368 0.9995459479
2461232.8684051586 0.9999697221
2461232.8685648809 1.0003582306
2461232.8687246032 1.0003347246
2461232.8688843255 1.0001296069
2461232.8690440478 0.9995555079
2461232.8692037701 0.9999255459
2461232.8693634924 0.9984342157
2461232.8695232142 0.9990655521
2461232.8696829365 1.0014837411
2461232.8698426588 1.0004698828
2461232.8700023810 0.9995941831
2461232.8701621033 1.0012381349
2461232.8703218256 1.0008795134
2461232.8704815479 0.9996846777
2461232.8706412697 0.9993378217
2461232.8708009920 0.9990207398
2461232.8709607143 0.9999023558
2461232.8711204366 0.9985667757
2461232.8712801589 1.0008706171
2461232.8714398812 0.9999084816
2461232.8715996034 1.0008814498
2461232.8717593253 1.0002926562
2461232.8719190476 1.0001768960
2461232.8720787698 1.0004091231
2461232.8722384921 0.9998492775
2461232.8723982144 1.0011140875
2461232.8725579367 0.9991608550
2461232.8727176590 0.9991900328
2461232.8728773808 0.9999712992
2461232.8730371031 1.0007684178
2461232.8731968254 0.9997896326
2461232.8733565477 1.0003045125
2461232.8735162700 1.0015918953
2461232.8736759922 0.9999423554
2461232.8738357145 0.9993095213
2461232.8739954364 1.0001161374
2461232.8741551586 0.9997598340
2461232.8743148809 1.0001673335
2461232.8744746032 1.0002136305
2461232.8746343255 1.0008589709
2461232.8747940478 1.0003959354
2461232.8749537701 0.9993695747
2461232.8751134919 1.0008694497
2461232.8752732147 0.9999600672
2461232.8754329365 1.0009639261
2461232.8755926588 1.0004846513
2461232.8757523810 0.9994061169
2461232.8759121033 1.0006670215
2461232.8760718256 1.0003775892
2461232.8762315474 0.9984522306
2461232.8763912702 0.9997537185
2461232.8765509920 1.0009774198
2461232.8767107143 0.9995952396
2461232.8768704366 0.9997570649
2461232.8770301589 1.0003531307
2461232.8771898812 0.9994609623
2461232.8773496030 0.9996749468
2461232.8775093257 1.0005009919
2461232.8776690476 1.0004640981
2461232.8778287699 1.0000442843
2461232.8779884921 1.0016003165
2461232.8781482144 1.0001593726
2461232.8783079367 0.9998339114
2461232.8784676590 0.9999889938
2461232.8786273813 1.0009656122
2461232.8787871031 1.0010010336
2461232.8789468254 0.9998147483
2461232.8791065477 1.0008064472
2461232.8792662700 1.0001010021
2461232.8794259923 1.0001848416
2461232.8795857145 1.0010105940
2461232.8797454368 0.9988981033
2461232.8799051587 1.0006769080
2461232.8800648809 1.0013688317
2461232.8802246032 1.0002805509
2461232.8803843255 0.9997537579
2461232.8805440478 1.0004843431
2461232.8807037701 1.0002625022
2461232.8808634924 0.9999242579
2461232.8810232142 1.0006522031
2461232.8811829365 1.0008350945
2461232.8813426588 0.9989169636
2461232.8815023811 1.0000794562
2461232.8816621033 1.0004671725
2461232.8818218256 0.9994869039
2461232.8819815479 1.0005519378
2461232.8821412697 1.0006445896
2461232.8823009920 0.9990379384
2461232.8824607143 0.9997318412
2461232.8826204366 0.9999763128
2461232.8827801589 1.0009762199
2461232.8829398812 0.9982330830
2461232.8830996035 1.0007537749
2461232.8832593253 0.9997523155
2461232.8834190476 0.9998908724
2461232.8835787699 1.0005918362
2461232.8837384921 0.9997542376
2461232.8838982144 1.0011614059
2461232.8840579367 1.0001443289
2461232.8842176590 0.9990801279
2461232.8843773808 1.0002362019
2461232.8845371031 1.0006679361
2461232.8846968254 1.0003292472
2461232.8848565477 0.9992294403
2461232.8850162700 1.0002363571
2461232.8851759923 0.9996757030
2461232.8853357146 1.0005152371
2461232.8854954364 1.0002010871
2461232.8856551587 1.0007064190
2461232.8858148810 0.9995947991
2461232.8859746032 1.0000576764
2461232.8861343255 1.0005695440
2461232.8862940478 0.9998959566
2461232.8864537701 0.9994713385
2461232.8866134919 1.0006023390
2461232.8867732142 0.9998067405
2461232.8869329365 0.9996654969
2461232.8870926588 1.0000127133
2461232.8872523811 1.0002786141
2461232.8874121034 0.9998868812
2461232.8875718256 1.0013211461
2461232.8877315475 0.9999962855
2461232.8878912698 1.0002645539
2461232.8880509920 1.0004241490
2461232.8882107143 1.0008073064
2461232.8883704366 0.9993110514
2461232.8885301589 1.0005754036
2461232.8886898812 0.9998533009
2461232.8888496030 1.0010628847
2461232.8890093258 0.9988164919
2461232.8891690476 0.9994585159
2461232.8893287699 1.0007705354
2461232.8894884922 0.9992881950
2461232.8896482144 1.0002220467
2461232.8898079367 0.9993662863
2461232.8899676586 0.9990708557
2461232.8901273813 0.9998572746
2461232.8902871031 0.9997571998
2461232.8904468254 1.0010172758
2461232.8906065477 1.0003524311
2461232.8907662700 1.0003557142
2461232.8909259923 0.9994477851
2461232.8910857141 0.9999923722
2461232.8912454369 0.9987597185
2461232.8914051587 0.9995407889
2461232.8915648810 1.0003160415
2461232.8917246033 1.0008054781
2461232.8918843255 1.0000273689
2461232.8920440478 1.0002481547
2461232.8922037701 0.9995231707
2461232.8923634924 0.9991636630
2461232.8925232142 0.9996471233
2461232.8926829365 0.9992264096
2461232.8928426588 1.0001869573
2461232.8930023811 0.9993913358
2461232.8931621034 1.0007519891
2461232.8933218257 0.9995100811
2461232.8934815479 0.9991597544
2461232.8936412698 0.9988366613
2461232.8938009921 0.9990507078
2461232.8939607143 1.0008793999
2461232.8941204366 0.9993962271
2461232.8942801589 0.9988915513
2461232.8944398812 0.9999690912
2461232.8945996035 1.0005370135
2461232.8947593253 0.9996419079
2461232.8949190476 1.0012175566
2461232.8950787699 0.9989605592
2461232.8952384922 1.0001199090
2461232.8953982145 1.0010574259
2461232.8955579367 0.9998872693
2461232.8957176590 0.9992992819
2461232.8958773809 0.9993930059
2461232.8960371031 1.0008625848
2461232.8961968254 0.9991976822
2461232.8963565477 0.9986861545
2461232.8965162700 0.9994963174
2461232.8966759923 1.0005641235
2461232.8968357146 1.0015963081
2461232.8969954364 0.9996695308
2461232.8971551587 0.9996157161
2461232.8973148810 1.0005284435
2461232.8974746033 0.9997882192
2461232.8976343255 0.9997748995
2461232.8977940478 1.0000119614
2461232.8979537701 1.0007162690
2461232.8981134919 0.9991022035
2461232.8982732142 0.9993222888
2461232.8984329365 0.9999768697
2461232.8985926588 1.0012378545
2461232.8987523811 0.9995876484
2461232.8989121034 0.9997246473
2461232.8990718257 1.0005857647
2461232.8992315475 1.0004205577
2461232.8993912698 0.9993163554
2461232.8995509921 0.9993951243
2461232.8997107144 0.9994776544
2461232.8998704366 1.0003925482
2461232.9000301589 0.9997522565
2461232.9001898812 0.9999115921
2461232.9003496030 1.0005849666
2461232.9005093253 0.9987526664
2461232.9006690476 1.0011240438
2461232.9008287699 1.0004416703
2461232.9009884922 0.9999030657
2461232.9011482145 1.0004284428
2461232.9013079368 1.0001383690
2461232.9014676586 0.9995871900
2461232.9016273809 0.9999092335
2461232.9017871032 1.0000752928
2461232.9019468254 0.9997567078
2461232.9021065477 1.0002100166
2461232.9022662700 0.9999027559
2461232.9024259923 1.0014846005
2461232.9025857141 1.0003997705
2461232.9027454369 1.0001351459
2461232.9029051587 1.0000105298
2461232.9030648810 0.9991013145
2461232.9032246033 0.9994063433
2461232.9033843256 1.0003737538
2461232.9035440478 0.9992026934
2461232.9037037697 1.0001378807
2461232.9038634924 1.0009254465
2461232.9040232142 0.9991050653
2461232.9041829365 0.9998910281
2461232.9043426588 1.0002966222
2461232.9045023811 0.9986799223
2461232.9046621034 1.0011996657
2461232.9048218252 1.0004994053
2461232.9049815480 1.0008543429
2461232.9051412698 0.9998217359
2461232.9053009921 1.0000458483
2461232.9054607144 1.0001000696
2461232.9056204366 0.9997085311
2461232.9057801589 0.9996813301
2461232.9059398812 1.0006301518
2461232.9060996035 1.0007138975
2461232.9062593253 0.9995827706
2461232.9064190476 1.0009177253
2461232.9065787699 1.0004828745
2461232.9067384922 0.9992217362
2461232.9068982145 0.9991072894
2461232.9070579368 0.9996843159
2461232.9072176591 0.9992846222
2461232.9073773809 0.9996033423
2461232.9075371032 1.0005605090
2461232.9076968255 0.9994578408
2461232.9078565477 0.9991977807
2461232.9080162700 1.0000698793
2461232.9081759923 0.9991754344
2461232.9083357146 0.9995287211
2461232.9084954364 1.0019572439
2461232.9086551587 0.9991234731
2461232.9088148810 1.0000962030
2461232.9089746033 1.0002444569
2461232.9091343256 0.9983687317
2461232.9092940479 1.0014673453
2461232.9094537701 1.0000271407
2461232.9096134920 1.0006698379
2461232.9097732143 0.9995090647
2461232.9099329365 1.0000112470
2461232.9100926588 0.9996874782
2461232.9102523811 1.0007429472
2461232.9104121034 0.9995875787
2461232.9105718257 0.9992700139
2461232.9107315475 0.9989858793
2461232.9108912698 1.0000907853
2461232.9110509921 0.9987106835
2461232.9112107144 1.0006516365
2461232.9113704367 0.9997994910
2461232.9115301589 1.0011607202
2461232.9116898812 1.0002409069
2461232.9118496031 1.0000121424
2461232.9120093253 0.9987045885
2461232.9121690476 0.9992616786
2461232.9123287699 0.9998449054
2461232.9124884922 1.0005040597
2461232.9126482145 0.9992213664
2461232.9128079368 0.9987459979
2461232.9129676586 1.0000816421
2461232.9131273809 0.9999849391
2461232.9132871032 0.9997003551
2461232.9134468255 0.9996906345
2461232.9136065478 1.0002560155
2461232.9137662700 0.9997400512
2461232.9139259923 0.9990534608
2461232.9140857141 1.0003057853
2461232.9142454364 1.0004032814
2461232.9144051587 0.9998667447
2461232.9145648810 1.0017536290
2461232.9147246033 0.9985859524
2461232.9148843256 1.0005394320
2461232.9150440479 1.0002636155
2461232.9152037697 1.0013872863
2461232.9153634920 1.0005525874
2461232.9155232143 0.9996381850
2461232.9156829366 0.9989741569
2461232.9158426588 1.0001295691
2461232.9160023811 0.9998471106
2461232.9161621034 0.9999715523
2461232.9163218252 1.0005536597
2461232.9164815480 0.9992889656
2461232.9166412698 1.0005088481
2461232.9168009921 0.9986459862
2461232.9169607144 1.0000766648
2461232.9171204367 1.0005713128
2461232.9172801590 0.9993323159
2461232.9174398808 0.9999040306
2461232.9175996035 1.0005698076
2461232.9177593254 0.9995223466
2461232.9179190476 1.0004586785
2461232.9180787699 0.9993798358
2461232.9182384922 1.0007966029
2461232.9183982145 0.9999041643
2461232.9185579363 1.0001870858
2461232.9187176591 0.9999823639
2461232.9188773809 1.0001372865
2461232.9190371032 1.0005098997
2461232.9191968255 1.0005650887
2461232.9193565478 1.0006788778
2461232.9195162700 0.9991252949
2461232.9196759923 0.9994989130
2461232.9198357146 1.0002638984
2461232.9199954364 1.0008199128
2461232.9201551587 0.9994027887
2461232.9203148810 1.0005930727
2461232.9204746033 0.9999840416
2461232.9206343256 1.0002623562
2461232.9207940479 0.9991996668
2461232.9209537702 1.0005887803
2461232.9211134920 1.0006231451
2461232.9212732143 0.9990839592
2461232.9214329366 0.9999321780
2461232.9215926589 0.9994990633
2461232.9217523811 0.9997099299
2461232.9219121034 0.9998374765
2461232.9220718257 1.0005371582
2461232.9222315475 1.0004496432
2461232.9223912698 0.9993457084
2461232.9225509921 0.9996636643
2461232.9227107144 1.0007608336
2461232.9228704367 0.9986439402
2461232.9230301590 1.0006263985
2461232.9231898813 1.0005559273
2461232.9233496031 0.9999525944
2461232.9235093254 0.9986049624
2461232.9236690477 1.0000269192
2461232.9238287699 0.9996118370
2461232.9239884922 1.0009996966
2461232.9241482145 1.0004556609
2461232.9243079368 1.0001512704
2461232.9244676586 0.9995736524
2461232.9246273809 1.0008912162
2461232.9247871032 0.9992428992
2461232.9249468255 1.0005478769
2461232.9251065478 1.0007477533
2461232.9252662701 0.9996793685
2461232.9254259923 0.9996138417
2461232.9255857142 1.0005643286
2461232.9257454365 0.9981930785
2461232.9259051587 0.9989907028
2461232.9260648810 0.9991221731
2461232.9262246033 1.0002100678
2461232.9263843256 0.9992097426
2461232.9265440479 0.9996514210
2461232.9267037697 0.9998455893
2461232.9268634920 0.9997341324
2461232.9270232143 1.0011191088
2461232.9271829366 0.9992738347
2461232.9273426589 1.0006532115
2461232.9275023811 0.9997367126
2461232.9276621034 1.0008368853
2461232.9278218253 1.0006842148
2461232.9279815475 0.9999687199
2461232.9281412698 1.0000938435
2461232.9283009921 1.0003535649
2461232.9284607144 1.0001848686
2461232.9286204367 0.9993840675
2461232.9287801590 0.9995477255
2461232.9289398808 1.0006492962
2461232.9290996031 1.0003304038
2461232.9292593254 1.0018517415
2461232.9294190477 0.9995050626
2461232.9295787700 0.9996098793
2461232.9297384922 0.9988735878
2461232.9298982145 0.9999654388
2461232.9300579363 1.0006554495
2461232.9302176591 0.9993925373
2461232.9303773809 1.0006541900
2461232.9305371032 1.0005240704
2461232.9306968255 0.9998341431
2461232.9308565478 0.9983964698
2461232.9310162701 1.0000020722
2461232.9311759919 1.0002179220
2461232.9313357146 0.9989202673
2461232.9314954365 0.9993059665
2461232.9316551588 0.9986860801
2461232.9318148810 0.9997561985
2461232.9319746033 0.9993884477
2461232.9321343256 0.9994043833
2461232.9322940474 1.0014850390
2461232.9324537702 0.9996139061
2461232.9326134920 0.9996645312
2461232.9327732143 1.0010562113
2461232.9329329366 1.0003906320
2461232.9330926589 1.0010101787
2461232.9332523812 1.0013319205
2461232.9334121034 0.9997991600
2461232.9335718257 0.9993707452
2461232.9337315476 0.9996735907
2461232.9338912698 0.9999898455
2461232.9340509921 0.9995141136
2461232.9342107144 0.9994144578
2461232.9343704367 1.0005301904
2461232.9345301590 1.0005329253
2461232.9346898813 0.9987880817
2461232.9348496031 1.0018022616
2461232.9350093254 1.0016387231
2461232.9351690477 0.9998206386
2461232.9353287700 0.9992626257
2461232.9354884923 0.9992278864
2461232.9356482145 0.9998526733
2461232.9358079368 0.9991791307
2461232.9359676586 1.0008875549
2461232.9361273809 0.9991668956
2461232.9362871032 0.9999166793
2461232.9364468255 1.0001575956
2461232.9366065478 1.0001898673
2461232.9367662701 0.9996964201
2461232.9369259924 0.9999710578
2461232.9370857142 1.0000609323
2461232.9372454365 0.9997912978
2461232.9374051588 1.0000862636
2461232.9375648811 0.9995472980
2461232.9377246033 1.0002801787
2461232.9378843256 0.9998082243
2461232.9380440479 1.0002846489
2461232.9382037697 0.9994216732
2461232.9383634920 1.0000842195
2461232.9385232143 0.9999595947
2461232.9386829366 0.9999284212
2461232.9388426589 1.0000010539
2461232.9390023812 0.9996217856
2461232.9391621035 0.9996198164
2461232.9393218253 0.9993426257
2461232.9394815476 0.9995031048
2461232.9396412699 1.0003214527
2461232.9398009921 1.0002613908
2461232.9399607144 1.0016071160
2461232.9401204367 0.9997384439
2461232.9402801590 0.9997846126
2461232.9404398808 0.9995519266
2461232.9405996031 1.0001057910
2461232.9407593254 0.9995386339
2461232.9409190477 1.0004041717
2461232.9410787700 0.9995885963
2461232.9412384923 1.0006974324
2461232.9413982145 0.9990774878
2461232.9415579364 0.9988582062
2461232.9417176587 1.0006689177
2461232.9418773809 0.9997069718
2461232.9420371032 0.9987649334
2461232.9421968255 0.9995820362
2461232.9423565478 1.0001808253
2461232.9425162701 0.9996339116
2461232.9426759919 0.9997057529
2461232.9428357142 1.0005684051
2461232.9429954365 1.0006355977
2461232.9431551588 0.9995377215
2461232.9433148811 1.0002037706
2461232.9434746034 1.0003347177
2461232.9436343256 1.0001124028
2461232.9437940475 0.9997379847
2461232.9439537702 0.9993561307
2461232.9441134920 1.0000717625
2461232.9442732143 0.9992178431
2461232.9444329366 0.9996146998
2461232.9445926589 1.0004366181
2461232.9447523812 0.9996062435
2461232.9449121030 1.0003519048
2461232.9450718258 0.9987593387
2461232.9452315476 0.9994966556
2461232.9453912699 0.9996227510
2461232.9455509922 0.9991695403
2461232.9457107144 1.0003623127
2461232.9458704367 1.0007032127
2461232.9460301585 0.9995666702
2461232.9461898813 0.9994778382
2461232.9463496031 0.9993798591
2461232.9465093254 0.9997039593
2461232.9466690477 1.0004501495
2461232.9468287700 0.9999176146
2461232.9469884923 1.0007562665
2461232.9471482146 0.9999208754
2461232.9473079368 0.9995705420
2461232.9474676587 0.9994714542
2461232.9476273810 0.9994726889
2461232.9477871032 0.9998755102
2461232.9479468255 1.0000412781
2461232.9481065478 0.9988148297
2461232.9482662701 0.9995278357
2461232.9484259924 0.9994032230
2461232.9485857142 0.9998681632
2461232.9487454365 0.9992848745
2461232.9489051588 1.0008008213
2461232.9490648811 1.0007297112
2461232.9492246034 1.0001927699
2461232.9493843256 1.0011371165
2461232.9495440479 0.9993493380
2461232.9497037698 0.9996989030
2461232.9498634920 0.9993599482
2461232.9500232143 0.9988100994
2461232.9501829366 1.0007219324
2461232.9503426589 1.0000752567
2461232.9505023812 1.0005410073
2461232.9506621035 0.9997132575
2461232.9508218253 1.0011937181
2461232.9509815476 1.0002737562
2461232.9511412699 0.9999375295
2461232.9513009922 1.0002373989
2461232.9514607145 0.9992345960
2461232.9516204367 0.9996978559
2461232.9517801590 0.9992841795
2461232.9519398808 1.0000448288
2461232.9520996031 0.9996855325
2461232.9522593254 1.0008145164
2461232.9524190477 1.0004942333
2461232.9525787700 0.9999580605
2461232.9527384923 0.9994201600
2461232.9528982146 0.9991696863
2461232.9530579364 1.0005411835
2461232.9532176587 0.9999767738
2461232.9533773810 1.0017058980
2461232.9535371033 0.9998409749
2461232.9536968255 1.0001030337
2461232.9538565478 1.0006251663
2461232.9540162701 1.0009480102
2461232.9541759919 0.9993006945
2461232.9543357142 0.9997396581
2461232.9544954365 0.9996324228
2461232.9546551588 0.9996369169
2461232.9548148811 1.0000980564
2461232.9549746034 0.9998560712
2461232.9551343257 0.9987633738
2461232.9552940475 0.9993333453
2461232.9554537698 1.0009737814
2461232.9556134921 1.0004681404
2461232.9557732143 0.9994336616
2461232.9559329366 0.9991540144
2461232.9560926589 0.9998181744
2461232.9562523812 0.9996807857
2461232.9564121030 1.0003899567
2461232.9565718253 1.0001072615
2461232.9567315476 0.9999546929
2461232.9568912699 0.9995730731
2461232.9570509922 1.0002279040
2461232.9572107145 0.9993600526
2461232.9573704368 1.0002110665
2461232.9575301586 1.0000749206
2461232.9576898813 1.0004516912
2461232.9578496031 1.0005101975
2461232.9580093254 1.0002310448
2461232.9581690477 0.9995499322
2461232.9583287700 0.9999664582
2461232.9584884923 0.9994371399
2461232.9586482141 0.9997235512
2461232.9588079369 1.0001067364
2461232.9589676587 1.0007126629
2461232.9591273810 1.0005206422
2461232.9592871033 0.9986868705
2461232.9594468256 1.0002464174
2461232.9596065478 1.0005814313
2461232.9597662697 1.0004418583
2461232.9599259924 0.9997548192
2461232.9600857142 0.9998187639
2461232.9602454365 1.0011191983
2461232.9604051588 0.9989450433
2461232.9605648811 1.0005385987
2461232.9607246034 0.9990682858
2461232.9608843252 1.0004889585
2461232.9610440480 0.9998892042
2461232.9612037698 1.0011679560
2461232.9613634921 1.0008407295
2461232.9615232144 0.9998466892
2461232.9616829366 1.0005253268
2461232.9618426589 0.9998281019
2461232.9620023812 1.0000283021
2461232.9621621035 1.0006858456
2461232.9623218253 0.9990456940
2461232.9624815476 0.9992721791
2461232.9626412699 0.9997865921
2461232.9628009922 1.0007747126
2461232.9629607145 1.0003747509
2461232.9631204368 1.0011727854
2461232.9632801590 1.0002342071
2461232.9634398809 0.9985279493
2461232.9635996032 1.0001716527
2461232.9637593254 1.0003064314
2461232.9639190477 0.9989014242
2461232.9640787700 1.0003380526
2461232.9642384923 0.9997634710
2461232.9643982146 0.9998717836
2461232.9645579364 1.0005552565
2461232.9647176587 1.0006412157
2461232.9648773810 1.0001423945
2461232.9650371033 0.9997611614
2461232.9651968256 1.0009717212
2461232.9653565479 0.9995800878
2461232.9655162701 0.9995413002
2461232.9656759920 1.0006688941
2461232.9658357142 1.0002972323
2461232.9659954365 0.9990821559
2461232.9661551588 1.0003631924
2461232.9663148811 1.0011516246
2461232.9664746034 0.9995759754
2461232.9666343257 1.0005175590
2461232.9667940475 0.9994228030
2461232.9669537698 1.0001208340
2461232.9671134921 1.0001348427
2461232.9672732144 1.0005965713
2461232.9674329367 1.0001455154
