2461627.6377639556 1.0035374654
2461627.6379236779 1.0036888911
2461627.6380834002 1.0034230735
2461627.6382431220 1.0030213341
2461627.6384028443 1.0025618640
2461627.6385625666 1.0047824591
2461627.6387222889 1.0028738673
2461627.6388820112 1.0022589727
2461627.6390417335 1.0036898913
2461627.6392014557 1.0044828080
2461627.6393611776 1.0031562377
2461627.6395208999 1.0033487719
2461627.6396806221 1.0027569194
2461627.6398403444 1.0023143123
2461627.6400000667 1.0019339321
2461627.6401597890 1.0033001551
2461627.6403195113 1.0010507665
2461627.6404792331 1.0034517208
2461627.6406389554 1.0033999197
2461627.6407986777 1.0034795966
2461627.6409584000 1.0028334800
2461627.6411181223 1.0015782063
2461627.6412778446 1.0030380157
2461627.6414375668 1.0014523987
2461627.6415972887 1.0019422277
2461627.6417570114 1.0022576363
2461627.6419167332 1.0033060585
2461627.6420764555 1.0025758215
2461627.6422361778 1.0031670118
2461627.6423959001 1.0012962831
2461627.6425556224 1.0027919944
2461627.6427153442 1.0023009332
2461627.6428750670 1.0019586569
2461627.6430347888 1.0023232641
2461627.6431945111 1.0021805407
2461627.6433542334 1.0009901848
2461627.6435139556 1.0022160591
2461627.6436736779 1.0015690998
2461627.6438333998 1.0015901797
2461627.6439931225 1.0016389824
2461627.6441528443 1.0033853539
2461627.6443125666 1.0032442063
2461627.6444722889 1.0027084081
2461627.6446320112 1.0021729302
2461627.6447917335 1.0021246896
2461627.6449514553 1.0018324459
2461627.6451111780 1.0013939078
2461627.6452708999 1.0011216394
2461627.6454306222 1.0017556688
2461627.6455903444 1.0013142161
2461627.6457500667 1.0013430150
2461627.6459097890 1.0011843591
2461627.6460695113 1.0013230661
2461627.6462292336 1.0010212180
2461627.6463889554 1.0009313785
2461627.6465486777 1.0011508970
2461627.6467084000 1.0020036099
2461627.6468681223 1.0000926564
2461627.6470278446 1.0013141492
2461627.6471875669 1.0013001396
2461627.6473472891 1.0012085180
2461627.6475070110 1.0011230955
2461627.6476667332 0.9999843959
2461627.6478264555 1.0023375529
2461627.6479861778 1.0002168787
2461627.6481459001 1.0008713785
2461627.6483056224 1.0004206342
2461627.6484653447 1.0008786647
2461627.6486250665 1.0011279371
2461627.6487847888 1.0011512472
2461627.6489445111 1.0010116413
2461627.6491042334 1.0002410219
2461627.6492639557 1.0021584494
2461627.6494236779 0.9995261134
2461627.6495834002 1.0008173942
2461627.6497431220 1.0012109984
2461627.6499028443 1.0006627775
2461627.6500625666 0.9994962473
2461627.6502222889 1.0006309735
2461627.6503820112 1.0005521171
2461627.6505417335 0.9999250878
2461627.6507014558 1.0004843188
2461627.6508611776 1.0011882954
2461627.6510208999 1.0005530036
2461627.6511806222 1.0008401818
2461627.6513403445 1.0009868648
2461627.6515000667 1.0004850690
2461627.6516597890 1.0010181993
2461627.6518195113 1.0014447324
2461627.6519792331 1.0009667412
2461627.6521389554 1.0006751945
2461627.6522986777 1.0017618204
2461627.6524584000 1.0000696066
2461627.6526181223 1.0005818276
2461627.6527778446 1.0002143334
2461627.6529375669 0.9994810099
2461627.6530972887 1.0010104309
2461627.6532570110 1.0009542404
2461627.6534167333 1.0007525125
2461627.6535764555 1.0012331580
2461627.6537361778 1.0007540521
2461627.6538959001 1.0012502421
2461627.6540556224 1.0010068963
2461627.6542153442 1.0012272975
2461627.6543750665 1.0008065708
2461627.6545347888 1.0004167061
2461627.6546945111 0.9998073275
2461627.6548542334 0.9998791224
2461627.6550139557 1.0007116271
2461627.6551736780 1.0011383324
2461627.6553333998 1.0005386879
2461627.6554931225 1.0000695207
2461627.6556528443 1.0004370643
2461627.6558125666 1.0006238441
2461627.6559722889 1.0010020925
2461627.6561320112 1.0016140295
2461627.6562917335 1.0011083048
2461627.6564514553 1.0005201501
2461627.6566111781 0.9994830741
2461627.6567708999 0.9997703109
2461627.6569306222 0.9991454226
2461627.6570903445 1.0010031984
2461627.6572500668 1.0010504849
2461627.6574097890 1.0002166121
2461627.6575695109 1.0001715054
2461627.6577292336 0.9999703345
2461627.6578889554 0.9993848093
2461627.6580486777 1.0007305899
2461627.6582084000 1.0003139956
2461627.6583681223 0.9997414542
2461627.6585278446 1.0000935779
2461627.6586875664 0.9999236289
2461627.6588472892 0.9994126219
2461627.6590070110 1.0004148090
2461627.6591667333 1.0000705192
2461627.6593264556 1.0006227446
2461627.6594861778 1.0005998540
2461627.6596459001 0.9999359048
2461627.6598056224 0.9998243221
2461627.6599653447 1.0008980709
2461627.6601250665 1.0005573699
2461627.6602847888 0.9997658916
2461627.6604445111 1.0014647510
2461627.6606042334 1.0008935896
2461627.6607639557 1.0000756644
2461627.6609236780 1.0012567724
2461627.6610834002 1.0003792080
2461627.6612431221 0.9993116555
2461627.6614028444 1.0000044757
2461627.6615625666 1.0000582250
2461627.6617222889 1.0004644483
2461627.6618820112 1.0000036005
2461627.6620417335 0.9998934441
2461627.6622014558 0.9988816969
2461627.6623611776 1.0002827342
2461627.6625208999 1.0007754428
2461627.6626806222 0.9999395079
2461627.6628403445 0.9995522333
2461627.6630000668 1.0007045153
2461627.6631597891 0.9996620617
2461627.6633195113 0.9995239639
2461627.6634792332 1.0012881982
2461627.6636389554 0.9995440573
2461627.6637986777 1.0005619250
2461627.6639584000 1.0005275500
2461627.6641181223 0.9999216028
2461627.6642778446 1.0006845784
2461627.6644375669 1.0007255130
2461627.6645972887 1.0007212439
2461627.6647570110 1.0009449769
2461627.6649167333 1.0005413012
2461627.6650764556 0.9994585363
2461627.6652361779 1.0001314722
2461627.6653959001 1.0003486159
2461627.6655556224 1.0008722674
2461627.6657153443 0.9999192867
2461627.6658750665 0.9991240122
2461627.6660347888 1.0002777322
2461627.6661945111 0.9995592077
2461627.6663542334 1.0001370916
2461627.6665139557 1.0001889490
2461627.6666736780 1.0001368927
2461627.6668333998 1.0003454742
2461627.6669931221 1.0004676520
2461627.6671528444 0.9998226973
2461627.6673125667 1.0009839854
2461627.6674722889 0.9998649876
2461627.6676320112 1.0001870895
2461627.6677917335 0.9988928811
2461627.6679514553 0.9988339006
2461627.6681111776 0.9997126951
2461627.6682708999 1.0004847399
2461627.6684306222 1.0003641059
2461627.6685903445 0.9993062273
2461627.6687500668 0.9993500697
2461627.6689097891 1.0007141498
2461627.6690695109 0.9998672085
2461627.6692292336 0.9996398642
2461627.6693889555 0.9992769642
2461627.6695486777 1.0007873222
2461627.6697084000 0.9979764818
2461627.6698681223 1.0002383328
2461627.6700278446 0.9999037355
2461627.6701875664 0.9985381520
2461627.6703472892 0.9992124906
2461627.6705070110 1.0004044595
2461627.6706667333 1.0002114342
2461627.6708264556 1.0012151218
2461627.6709861779 1.0006197287
2461627.6711459002 0.9981151736
2461627.6713056220 1.0006223628
2461627.6714653447 0.9999969754
2461627.6716250665 1.0000005394
2461627.6717847888 1.0009334180
2461627.6719445111 0.9987730884
2461627.6721042334 1.0000927303
2461627.6722639557 1.0002954945
2461627.6724236775 0.9996966923
2461627.6725834003 0.9981815804
2461627.6727431221 0.9988765801
2461627.6729028444 0.9999959403
2461627.6730625667 0.9998258301
2461627.6732222890 1.0008861919
2461627.6733820112 0.9992806611
2461627.6735417335 0.9991813920
2461627.6737014558 1.0003244820
2461627.6738611776 0.9994989573
2461627.6740208999 0.9999832900
2461627.6741806222 0.9993901620
2461627.6743403445 0.9989629207
2461627.6745000668 1.0000211395
2461627.6746597891 0.9987934425
2461627.6748195114 1.0003293766
2461627.6749792332 1.0002919004
2461627.6751389555 0.9996050056
2461627.6752986778 1.0002606821
2461627.6754584000 1.0000511831
2461627.6756181223 1.0003498054
2461627.6757778446 0.9999060572
2461627.6759375669 0.9990911677
2461627.6760972887 0.9994386099
2461627.6762570110 1.0003538916
2461627.6764167333 0.9995605424
2461627.6765764556 1.0001325345
2461627.6767361779 0.9999983406
2461627.6768959002 1.0006973732
2461627.6770556225 0.9984471805
2461627.6772153443 1.0012581319
2461627.6773750666 0.9999928712
2461627.6775347888 1.0002415108
2461627.6776945111 0.9996031890
2461627.6778542334 1.0002250897
2461627.6780139557 0.9996622053
2461627.6781736780 1.0007863436
2461627.6783333998 0.9996056452
2461627.6784931221 0.9994660513
2461627.6786528444 1.0013402999
2461627.6788125667 0.9999700703
2461627.6789722890 1.0007170954
2461627.6791320113 1.0000047667
2461627.6792917335 1.0004120877
2461627.6794514554 0.9998732042
2461627.6796111776 0.9982149432
2461627.6797708999 1.0010352527
2461627.6799306222 0.9998750139
2461627.6800903445 0.9991316247
2461627.6802500668 0.9989699344
2461627.6804097891 1.0013411845
2461627.6805695109 1.0005881583
2461627.6807292332 1.0004388288
2461627.6808889555 1.0000572433
2461627.6810486778 0.9996449492
2461627.6812084001 1.0002151632
2461627.6813681223 1.0002666227
2461627.6815278446 0.9996264656
2461627.6816875665 0.9998325635
2461627.6818472887 0.9999257154
2461627.6820070110 1.0008844135
2461627.6821667333 1.0004650616
2461627.6823264556 1.0000254215
2461627.6824861779 0.9992902693
2461627.6826459002 1.0002356736
2461627.6828056220 1.0006712256
2461627.6829653447 0.9993519910
2461627.6831250666 0.9992601056
2461627.6832847889 1.0011319481
2461627.6834445111 0.9998893335
2461627.6836042334 0.9997766472
2461627.6837639557 1.0008481458
2461627.6839236775 1.0002751331
2461627.6840834003 1.0004390714
2461627.6842431221 0.9996418129
2461627.6844028444 0.9998065030
2461627.6845625667 1.0000060813
2461627.6847222890 1.0005491433
2461627.6848820113 0.9995632361
2461627.6850417331 0.9998242604
2461627.6852014558 0.9997490678
2461627.6853611777 0.9997872808
2461627.6855208999 0.9995700105
2461627.6856806222 0.9987582225
2461627.6858403445 0.9997969874
2461627.6860000668 1.0003328841
2461627.6861597886 0.9996320023
2461627.6863195114 1.0005924794
2461627.6864792332 0.9998936743
2461627.6866389555 1.0007364354
2461627.6867986778 1.0010205444
2461627.6869584001 0.9990653017
2461627.6871181224 1.0002135902
2461627.6872778446 0.9998993404
2461627.6874375669 0.9996127818
2461627.6875972888 0.9997113900
2461627.6877570110 1.0001904544
2461627.6879167333 0.9990191448
2461627.6880764556 1.0003934236
2461627.6882361779 1.0010518958
2461627.6883959002 0.9996550588
2461627.6885556225 0.9987061121
2461627.6887153443 1.0011365227
2461627.6888750666 0.9996621662
2461627.6890347889 0.9987355021
2461627.6891945112 0.9999483935
2461627.6893542334 1.0001718665
2461627.6895139557 1.0004630398
2461627.6896736780 1.0002445874
2461627.6898333998 0.9996344342
2461627.6899931221 0.9998181877
2461627.6901528444 1.0002076876
2461627.6903125667 1.0011282380
2461627.6904722890 0.9995143355
2461627.6906320113 1.0003006456
2461627.6907917336 1.0009831929
2461627.6909514554 0.9994045015
2461627.6911111777 0.9989886808
2461627.6912709000 0.9995153256
2461627.6914306222 0.9995297830
2461627.6915903445 0.9992732820
2461627.6917500668 0.9989001014
2461627.6919097891 1.0011993526
2461627.6920695109 0.9996606780
2461627.6922292332 1.0000941325
2461627.6923889555 0.9998371739
2461627.6925486778 0.9990146145
2461627.6927084001 1.0002964349
2461627.6928681224 0.9997252783
2461627.6930278447 0.9996591268
2461627.6931875665 0.9995415383
2461627.6933472888 0.9996458240
2461627.6935070110 1.0000511999
2461627.6936667333 1.0002152632
2461627.6938264556 0.9994007343
2461627.6939861779 0.9988638046
2461627.6941459002 1.0008694878
2461627.6943056220 1.0002138055
2461627.6944653443 1.0008689504
2461627.6946250666 1.0010257701
2461627.6947847889 0.9990539691
2461627.6949445112 1.0002225304
2461627.6951042335 0.9998990770
2461627.6952639557 0.9993699292
2461627.6954236776 0.9998122471
2461627.6955833999 1.0001215521
2461627.6957431221 0.9989336880
2461627.6959028444 0.9994102003
2461627.6960625667 1.0005398177
2461627.6962222890 1.0003045779
2461627.6963820113 1.0001370698
2461627.6965417331 0.9995857054
2461627.6967014559 1.0003225770
2461627.6968611777 0.9996889337
2461627.6970209000 1.0007763294
2461627.6971806223 1.0003060095
2461627.6973403445 0.9993491949
2461627.6975000668 1.0009590457
2461627.6976597887 0.9995314469
2461627.6978195114 1.0011087825
2461627.6979792332 1.0002339107
2461627.6981389555 0.9998833845
2461627.6982986778 0.9996919864
2461627.6984584001 1.0001421202
2461627.6986181224 0.9997704567
2461627.6987778442 0.9998511271
2461627.6989375670 1.0007517978
2461627.6990972888 1.0002772272
2461627.6992570111 0.9992646206
2461627.6994167333 1.0003345213
2461627.6995764556 1.0007815331
2461627.6997361779 1.0008174242
2461627.6998958997 1.0004837502
2461627.7000556225 1.0009695607
2461627.7002153443 1.0006889753
2461627.7003750666 0.9998216440
2461627.7005347889 0.9999890661
2461627.7006945112 0.9996979304
2461627.7008542335 0.9991280228
2461627.7010139558 0.9997862190
2461627.7011736780 1.0004704477
2461627.7013333999 0.9984450259
2461627.7014931221 0.9994769914
2461627.7016528444 0.9987485649
2461627.7018125667 1.0007677307
2461627.7019722890 1.0000711845
2461627.7021320113 0.9999906673
2461627.7022917336 1.0011713397
2461627.7024514554 1.0008466666
2461627.7026111777 1.0005704263
2461627.7027709000 0.9995550992
2461627.7029306223 1.0003134968
2461627.7030903446 1.0012617187
2461627.7032500668 0.9979487498
2461627.7034097891 1.0012147141
2461627.7035695110 1.0003053939
2461627.7037292332 0.9996337254
2461627.7038889555 0.9999957131
2461627.7040486778 0.9999965473
2461627.7042084001 0.9985114982
2461627.7043681224 1.0008098297
2461627.7045278447 0.9990660658
2461627.7046875665 1.0004566240
2461627.7048472888 0.9997684402
2461627.7050070111 1.0002888650
2461627.7051667334 1.0003034051
2461627.7053264556 0.9982250161
2461627.7054861779 0.9999113827
2461627.7056459002 0.9989494202
2461627.7058056220 1.0000047270
2461627.7059653443 0.9992352755
2461627.7061250666 0.9998388214
2461627.7062847889 0.9991469910
2461627.7064445112 0.9995343626
2461627.7066042335 1.0001531627
2461627.7067639558 1.0008354511
2461627.7069236776 0.9996579527
2461627.7070833999 1.0012529774
2461627.7072431222 0.9987974456
2461627.7074028444 0.9999266093
2461627.7075625667 0.9990573468
2461627.7077222890 0.9993115236
2461627.7078820113 0.9992730794
2461627.7080417331 0.9990418338
2461627.7082014554 0.9994803966
2461627.7083611777 0.9997262088
2461627.7085209000 0.9999582744
2461627.7086806223 0.9997532520
2461627.7088403446 0.9994916963
2461627.7090000669 0.9996018617
2461627.7091597887 1.0000262108
2461627.7093195110 0.9981417381
2461627.7094792333 1.0012979500
2461627.7096389555 1.0007466597
2461627.7097986778 1.0001877711
2461627.7099584001 0.9999596790
2461627.7101181224 0.9995907608
2461627.7102778442 0.9990916423
2461627.7104375670 0.9999620428
2461627.7105972888 0.9995497002
2461627.7107570111 0.9992701116
2461627.7109167334 0.9995213819
2461627.7110764557 1.0010544091
2461627.7112361779 1.0000100900
2461627.7113958998 1.0006044751
2461627.7115556225 1.0014473339
2461627.7117153443 0.9997216178
2461627.7118750666 1.0008653052
2461627.7120347889 1.0008489795
2461627.7121945112 1.0011477160
2461627.7123542335 0.9992446390
2461627.7125139553 1.0001084155
2461627.7126736781 0.9998680320
2461627.7128333999 1.0011041327
2461627.7129931222 1.0001770684
2461627.7131528445 1.0003328203
2461627.7133125667 0.9992651853
2461627.7134722890 1.0002610131
2461627.7136320109 0.9996544316
2461627.7137917336 1.0008795488
2461627.7139514554 1.0001119205
2461627.7141111777 1.0006210501
2461627.7142709000 1.0000664109
2461627.7144306223 1.0009553264
2461627.7145903446 1.0003229866
2461627.7147500669 1.0002589444
2461627.7149097892 1.0003309460
2461627.7150695110 0.9996858819
2461627.7152292333 0.9994456670
2461627.7153889555 0.9998929539
2461627.7155486778 0.9997732803
2461627.7157084001 1.0009120948
2461627.7158681224 1.0001469547
2461627.7160278447 1.0001926762
2461627.7161875665 0.9997130236
2461627.7163472888 1.0005311417
2461627.7165070111 1.0001190481
2461627.7166667334 0.9999824491
2461627.7168264557 1.0000968511
2461627.7169861780 1.0005618736
2461627.7171459002 0.9997581493
2461627.7173056221 1.0008041713
2461627.7174653444 0.9986737497
2461627.7176250666 1.0000967800
2461627.7177847889 1.0003177279
2461627.7179445112 1.0001866864
2461627.7181042335 1.0001168432
2461627.7182639558 1.0000439088
2461627.7184236776 0.9992412811
2461627.7185833999 0.9999700498
2461627.7187431222 1.0001652529
2461627.7189028445 0.9995058164
2461627.7190625668 1.0011400572
2461627.7192222890 1.0008265858
2461627.7193820113 0.9999996736
2461627.7195417332 0.9993449163
2461627.7197014554 1.0004552693
2461627.7198611777 0.9993128016
2461627.7200209000 1.0009367081
2461627.7201806223 0.9987327464
2461627.7203403446 0.9994525142
2461627.7205000669 0.9997561280
2461627.7206597887 1.0001976662
2461627.7208195110 1.0004526362
2461627.7209792333 0.9998538022
2461627.7211389556 1.0000599277
2461627.7212986778 0.9998308645
2461627.7214584001 1.0000577833
2461627.7216181224 0.9993968449
2461627.7217778442 0.9988849518
2461627.7219375665 0.9996554896
2461627.7220972888 1.0003192232
2461627.7222570111 0.9995155365
2461627.7224167334 0.9991279955
2461627.7225764557 0.9999898942
2461627.7227361780 1.0011007838
2461627.7228958998 0.9991179332
2461627.7230556221 1.0005092939
2461627.7232153444 0.9995953027
2461627.7233750666 1.0010949138
2461627.7235347889 0.9997466579
2461627.7236945112 0.9996379939
2461627.7238542335 0.9991624892
2461627.7240139553 0.9998811518
2461627.7241736781 0.9978315103
2461627.7243333999 0.9993758790
2461627.7244931222 0.9999550959
2461627.7246528445 1.0016973640
2461627.7248125668 0.9998038649
2461627.7249722891 1.0007003009
2461627.7251320109 0.9996598114
2461627.7252917336 1.0003815864
2461627.7254514555 1.0005618799
2461627.7256111777 1.0006455041
2461627.7257709000 1.0000935356
2461627.7259306223 1.0001777241
2461627.7260903446 0.9994911519
2461627.7262500664 0.9992870306
2461627.7264097892 0.9995106893
2461627.7265695110 0.9990992408
2461627.7267292333 0.9987709354
2461627.7268889556 0.9988150967
2461627.7270486779 1.0000371447
2461627.7272084001 0.9997453149
2461627.7273681220 0.9996884886
2461627.7275278447 1.0002980327
2461627.7276875665 1.0007464053
2461627.7278472888 1.0008915700
2461627.7280070111 1.0003169367
2461627.7281667334 0.9994499293
2461627.7283264557 1.0000303401
2461627.7284861780 1.0006134902
2461627.7286459003 1.0002909427
2461627.7288056221 1.0013277593
2461627.7289653444 0.9989107619
2461627.7291250667 1.0000368642
2461627.7292847889 0.9994916639
2461627.7294445112 0.9999285576
2461627.7296042335 1.0010658047
2461627.7297639558 0.9986710869
2461627.7299236776 1.0005783039
2461627.7300833999 0.9987026441
2461627.7302431222 0.9998464799
2461627.7304028445 1.0003220997
2461627.7305625668 1.0000706691
2461627.7307222891 0.9997236645
2461627.7308820114 0.9997128951
2461627.7310417332 1.0000103774
2461627.7312014555 1.0002240898
2461627.7313611777 1.0004001508
2461627.7315209000 0.9991848274
2461627.7316806223 0.9997341589
2461627.7318403446 0.9996011326
2461627.7320000669 0.9995000665
2461627.7321597887 1.0007947345
2461627.7323195110 1.0019477821
2461627.7324792333 0.9996045110
2461627.7326389556 0.9992575672
2461627.7327986779 0.9999426340
2461627.7329584002 1.0004290509
2461627.7331181224 0.9986653560
2461627.7332778443 0.9991640952
2461627.7334375666 1.0000321865
2461627.7335972888 0.9991129051
2461627.7337570111 1.0000934370
2461627.7339167334 1.0006511127
2461627.7340764557 0.9990288689
2461627.7342361780 0.9993998901
2461627.7343958998 1.0025948173
2461627.7345556221 0.9991725031
2461627.7347153444 1.0011974869
2461627.7348750667 1.0010067907
2461627.7350347890 0.9998113068
2461627.7351945112 0.9998368082
2461627.7353542335 1.0008771109
2461627.7355139554 0.9994159530
2461627.7356736776 0.9998780304
2461627.7358333999 0.9997134671
2461627.7359931222 1.0015330737
2461627.7361528445 0.9993859504
2461627.7363125668 0.9994562886
2461627.7364722891 0.9997452598
2461627.7366320109 1.0006677222
2461627.7367917332 1.0000401384
2461627.7369514555 1.0009506441
2461627.7371111778 1.0000219113
2461627.7372709000 0.9999300459
2461627.7374306223 1.0007754721
2461627.7375903446 1.0005605251
2461627.7377500664 1.0002549724
2461627.7379097887 1.0002890171
2461627.7380695110 1.0003476630
2461627.7382292333 1.0004334364
2461627.7383889556 0.9998967428
2461627.7385486779 0.9997083134
2461627.7387084002 1.0001302780
2461627.7388681220 1.0015995006
2461627.7390278447 1.0007044459
2461627.7391875666 0.9995456598
2461627.7393472889 1.0006415197
2461627.7395070111 1.0004010638
2461627.7396667334 1.0026327655
2461627.7398264557 0.9998505311
2461627.7399861775 0.9995079154
2461627.7401459003 0.9998118297
2461627.7403056221 1.0006047798
2461627.7404653444 0.9998990691
2461627.7406250667 1.0002055621
2461627.7407847890 0.9994651001
2461627.7409445113 1.0002909377
2461627.7411042331 0.9987539504
2461627.7412639558 0.9992259745
2461627.7414236777 1.0004384094
2461627.7415833999 1.0006319916
2461627.7417431222 1.0009246138
2461627.7419028445 0.9986082792
2461627.7420625668 0.9997732701
2461627.7422222891 1.0000583073
2461627.7423820114 0.9993476711
2461627.7425417332 1.0005405548
2461627.7427014555 1.0005796284
2461627.7428611778 1.0000480850
2461627.7430209001 0.9995016629
2461627.7431806223 0.9999332747
2461627.7433403446 1.0012841441
2461627.7435000669 0.9978726897
2461627.7436597887 0.9996107288
2461627.7438195110 0.9979795324
2461627.7439792333 0.9993057378
2461627.7441389556 0.9996530370
2461627.7442986779 1.0000897620
2461627.7444584002 0.9991451973
2461627.7446181225 1.0005811277
2461627.7447778443 0.9990068648
2461627.7449375666 1.0007323318
2461627.7450972889 1.0005154347
2461627.7452570111 1.0011779363
2461627.7454167334 0.9989052209
2461627.7455764557 1.0001960114
2461627.7457361780 1.0005315587
2461627.7458958998 1.0015176693
2461627.7460556221 0.9993485845
2461627.7462153444 0.9997492194
2461627.7463750667 1.0008614956
2461627.7465347890 1.0005827455
2461627.7466945113 0.9996639592
2461627.7468542336 0.9993903697
2461627.7470139554 0.9996506292
2461627.7471736777 0.9998566877
2461627.7473334000 1.0005527656
2461627.7474931222 0.9995447082
2461627.7476528445 0.9998227559
2461627.7478125668 0.9997756210
2461627.7479722891 0.9995884167
2461627.7481320109 0.9997199324
2461627.7482917332 0.9994273436
2461627.7484514555 1.0004044725
2461627.7486111778 0.9989561718
2461627.7487709001 1.0006446836
2461627.7489306224 0.9992874341
2461627.7490903446 0.9996361971
2461627.7492500665 1.0003224864
2461627.7494097888 0.9992008239
2461627.7495695110 1.0002422498
2461627.7497292333 1.0004971680
2461627.7498889556 1.0003976153
2461627.7500486779 0.9995965338
2461627.7502084002 0.9998897589
2461627.7503681220 1.0014002858
2461627.7505278443 0.9993573820
2461627.7506875666 1.0006502126
2461627.7508472889 0.9981813372
2461627.7510070112 1.0012528579
2461627.7511667334 1.0008014855
2461627.7513264557 0.9998180940
2461627.7514861776 0.9997404639
2461627.7516458998 0.9988943864
2461627.7518056221 1.0001663721
2461627.7519653444 0.9994061044
2461627.7521250667 1.0004144430
2461627.7522847890 0.9990639317
2461627.7524445113 0.9993736434
2461627.7526042331 0.9994985357
2461627.7527639559 1.0006406854
2461627.7529236777 0.9997251917
2461627.7530834000 1.0010514627
2461627.7532431222 0.9992214697
2461627.7534028445 1.0005869649
2461627.7535625668 1.0002430878
2461627.7537222886 1.0004137097
2461627.7538820114 1.0012460767
2461627.7540417332 0.9999338291
2461627.7542014555 0.9996634045
2461627.7543611778 0.9984534339
2461627.7545209001 0.9992259589
2461627.7546806224 1.0001052008
2461627.7548403442 1.0007271498
2461627.7550000669 1.0006296260
2461627.7551597888 1.0005611244
2461627.7553195111 0.9998820592
2461627.7554792333 0.9988123741
2461627.7556389556 1.0001670022
2461627.7557986779 1.0007901291
2461627.7559584002 1.0003423271
2461627.7561181225 1.0009221981
2461627.7562778443 0.9999441529
2461627.7564375666 0.9989783524
2461627.7565972889 1.0011110369
2461627.7567570112 1.0001195458
2461627.7569167335 0.9991715208
2461627.7570764557 0.9998352419
2461627.7572361780 0.9987798847
2461627.7573958999 0.9997944077
2461627.7575556221 0.9999815028
2461627.7577153444 0.9995917694
2461627.7578750667 0.9997664501
2461627.7580347890 1.0008438411
2461627.7581945113 0.9996483005
2461627.7583542336 0.9996643589
2461627.7585139554 0.9991192938
2461627.7586736777 1.0012061464
2461627.7588334000 1.0001975786
2461627.7589931223 0.9998184172
2461627.7591528445 1.0006886321
2461627.7593125668 1.0008074005
2461627.7594722891 1.0007659022
2461627.7596320109 1.0006319700
2461627.7597917332 1.0008212087
2461627.7599514555 0.9980351818
2461627.7601111778 1.0006435061
2461627.7602709001 0.9994630036
2461627.7604306224 0.9998555105
2461627.7605903447 1.0005119914
2461627.7607500665 0.9993557351
2461627.7609097888 0.9999172023
2461627.7610695111 1.0014734510
2461627.7612292334 1.0003069436
2461627.7613889556 0.9993228355
2461627.7615486779 0.9991579617
2461627.7617084002 0.9991609567
2461627.7618681220 0.9993814163
2461627.7620278443 0.9996541814
2461627.7621875666 0.9987123621
2461627.7623472889 0.9996403911
2461627.7625070112 1.0001194102
2461627.7626667335 1.0013832168
2461627.7628264558 1.0002281863
2461627.7629861776 1.0007695214
2461627.7631458999 1.0005738947
2461627.7633056222 1.0006575746
2461627.7634653444 0.9995738517
2461627.7636250667 0.9993845293
2461627.7637847890 0.9997492422
2461627.7639445113 0.9999723261
2461627.7641042331 0.9990589546
2461627.7642639554 1.0003430127
2461627.7644236777 1.0005563929
2461627.7645834000 1.0002159087
2461627.7647431223 0.9994869053
2461627.7649028446 1.0003741918
2461627.7650625668 1.0004293337
2461627.7652222887 0.9999517878
2461627.7653820110 0.9989511713
2461627.7655417332 1.0007160758
2461627.7657014555 0.9992654955
2461627.7658611778 0.9995703406
2461627.7660209001 1.0008708104
2461627.7661806224 0.9988882384
2461627.7663403442 1.0000772475
2461627.7665000670 1.0000791177
2461627.7666597888 0.9991019424
2461627.7668195111 1.0004000251
2461627.7669792334 1.0003536269
2461627.7671389556 1.0002625767
2461627.7672986779 0.9988479762
2461627.7674583998 1.0009060650
2461627.7676181225 0.9994848789
2461627.7677778443 0.9991897057
2461627.7679375666 1.0002478612
2461627.7680972889 1.0004063698
2461627.7682570112 1.0010109755
2461627.7684167335 1.0001600793
2461627.7685764553 1.0009768506
2461627.7687361781 1.0007913607
2461627.7688958999 1.0000844268
2461627.7690556222 0.9986690875
2461627.7692153445 1.0004516233
2461627.7693750667 0.9999829592
2461627.7695347890 0.9998889428
2461627.7696945113 1.0010403593
2461627.7698542336 1.0002468147
2461627.7700139554 1.0000775944
2461627.7701736777 1.0000957215
2461627.7703334000 0.9995129519
2461627.7704931223 1.0005960432
2461627.7706528446 0.9985264605
2461627.7708125669 0.9996980074
2461627.7709722891 0.9988814977
2461627.7711320110 0.9998194763
2461627.7712917333 1.0009372173
2461627.7714514555 0.9996874740
2461627.7716111778 1.0002097552
2461627.7717709001 1.0002885453
2461627.7719306224 0.9987073006
2461627.7720903447 0.9991871333
2461627.7722500665 0.9996770541
2461627.7724097888 1.0001641075
2461627.7725695111 0.9999751082
2461627.7727292334 0.9991094381
2461627.7728889557 0.9994577481
2461627.7730486779 1.0009160780
2461627.7732084002 1.0004757372
2461627.7733681221 0.9991641626
2461627.7735278443 0.9997397383
2461627.7736875666 1.0006464537
2461627.7738472889 1.0014966818
2461627.7740070112 0.9997675182
2461627.7741667335 0.9988201746
2461627.7743264558 1.0001416731
2461627.7744861776 1.0000836106
2461627.7746458999 0.9989225174
2461627.7748056222 0.9996242593
2461627.7749653445 0.9994641597
2461627.7751250667 0.9989491273
2461627.7752847890 0.9992541162
2461627.7754445113 1.0004290614
2461627.7756042331 0.9999644372
2461627.7757639554 0.9994797891
2461627.7759236777 1.0001862827
2461627.7760834000 1.0002500611
2461627.7762431223 1.0007770247
2461627.7764028446 1.0003711602
2461627.7765625669 1.0001575275
2461627.7767222887 0.9995044289
2461627.7768820110 0.9982257104
2461627.7770417333 1.0016007709
2461627.7772014556 0.9999739714
2461627.7773611778 1.0001231040
2461627.7775209001 1.0004933949
2461627.7776806224 0.9996402839
2461627.7778403442 0.9996607773
2461627.7780000665 1.0003151868
2461627.7781597888 0.9998590425
2461627.7783195111 0.9997665745
2461627.7784792334 0.9994263462
2461627.7786389557 1.0006498172
2461627.7787986780 1.0010466944
2461627.7789583998 0.9995186236
2461627.7791181221 1.0004897341
2461627.7792778444 0.9995610516
2461627.7794375666 1.0003375976
2461627.7795972889 0.9994944414
2461627.7797570112 1.0009131969
2461627.7799167335 1.0000548549
2461627.7800764553 1.0011836842
2461627.7802361781 1.0003067353
2461627.7803958999 1.0003110115
2461627.7805556222 0.9983609818
2461627.7807153445 0.9995792234
2461627.7808750668 1.0007574917
2461627.7810347890 0.9992464973
2461627.7811945109 1.0005460188
2461627.7813542336 1.0000886013
2461627.7815139554 0.9986969437
2461627.7816736777 0.9998577854
2461627.7818334000 1.0010118868
2461627.7819931223 0.9990410474
2461627.7821528446 0.9988927102
2461627.7823125664 1.0023686533
2461627.7824722892 0.9993954699
2461627.7826320110 0.9999099320
2461627.7827917333 0.9999483651
2461627.7829514556 1.0001520549
2461627.7831111779 1.0002904497
2461627.7832709001 1.0009235933
2461627.7834306224 1.0002650706
2461627.7835903447 1.0002917119
2461627.7837500665 1.0002256978
2461627.7839097888 0.9997452730
2461627.7840695111 1.0000002683
2461627.7842292334 1.0005527892
2461627.7843889557 0.9996201837
2461627.7845486780 0.9998174425
2461627.7847084003 0.9990434274
2461627.7848681221 0.9980284799
2461627.7850278444 0.9995455956
2461627.7851875667 0.9988847470
2461627.7853472889 1.0001563727
2461627.7855070112 0.9989403953
2461627.7856667335 1.0000431475
2461627.7858264558 1.0010809700
2461627.7859861776 0.9986943115
2461627.7861458999 0.9993623482
2461627.7863056222 0.9994310612
2461627.7864653445 1.0006097222
2461627.7866250668 0.9992250304
2461627.7867847891 1.0004094830
2461627.7869445113 1.0009686193
2461627.7871042332 0.9991547559
2461627.7872639555 1.0005560028
2461627.7874236777 1.0005779363
2461627.7875834000 0.9998049220
2461627.7877431223 1.0006420596
2461627.7879028446 0.9997796059
2461627.7880625669 1.0007246116
2461627.7882222887 0.9998152974
2461627.7883820110 1.0006133079
2461627.7885417333 0.9992766376
2461627.7887014556 1.0003801721
2461627.7888611779 0.9996478795
2461627.7890209001 0.9995194939
2461627.7891806224 0.9995998097
2461627.7893403443 1.0003770699
2461627.7895000665 1.0007155324
2461627.7896597888 1.0005097940
2461627.7898195111 1.0004084773
2461627.7899792334 0.9997827570
2461627.7901389557 0.9992769471
2461627.7902986780 0.9996117958
2461627.7904583998 0.9999517081
2461627.7906181221 0.9996857454
2461627.7907778444 0.9998235588
2461627.7909375667 0.9996185610
2461627.7910972890 0.9982750224
2461627.7912570112 0.9987316919
2461627.7914167335 0.9997687413
2461627.7915764553 0.9982735031
2461627.7917361776 0.9994483638
2461627.7918958999 0.9995892609
2461627.7920556222 0.9992442999
2461627.7922153445 1.0015388599
2461627.7923750668 0.9995331813
2461627.7925347891 0.9998226785
2461627.7926945109 1.0001307535
2461627.7928542332 1.0008084069
2461627.7930139555 0.9997201142
2461627.7931736778 0.9997173209
2461627.7933334000 0.9994164894
2461627.7934931223 0.9995350921
2461627.7936528446 0.9989626272
2461627.7938125664 0.9987889834
2461627.7939722892 0.9998316845
2461627.7941320110 1.0006910483
2461627.7942917333 1.0003580346
2461627.7944514556 1.0006110613
2461627.7946111779 0.9999632166
2461627.7947709002 1.0012065908
2461627.7949306220 0.9993636058
2461627.7950903447 0.9994169724
2461627.7952500666 1.0010906707
2461627.7954097888 0.9999165460
2461627.7955695111 1.0008736413
2461627.7957292334 1.0004174000
2461627.7958889557 0.9990442267
2461627.7960486775 0.9991863571
2461627.7962084003 0.9993005161
2461627.7963681221 1.0005592146
2461627.7965278444 0.9999943730
2461627.7966875667 1.0005337671
2461627.7968472890 0.9999115358
2461627.7970070112 0.9993307632
2461627.7971667335 0.9997075956
2461627.7973264558 1.0018084056
2461627.7974861776 1.0007562588
2461627.7976458999 0.9990474342
2461627.7978056222 0.9995270919
2461627.7979653445 0.9998269992
2461627.7981250668 1.0001363307
2461627.7982847891 0.9986420268
2461627.7984445114 0.9986284964
2461627.7986042332 1.0000931550
2461627.7987639555 0.9990636269
2461627.7989236778 0.9998538571
2461627.7990834001 0.9990616458
2461627.7992431223 0.9997422084
2461627.7994028446 0.9997922472
2461627.7995625669 0.9997546888
2461627.7997222887 1.0006964221
2461627.7998820110 1.0000913172
2461627.8000417333 0.9998899514
2461627.8002014556 1.0000046955
2461627.8003611779 0.9992560512
2461627.8005209002 1.0001946460
2461627.8006806225 1.0012265602
2461627.8008403443 0.9994840599
2461627.8010000666 1.0012645796
2461627.8011597889 1.0004096850
2461627.8013195111 1.0002731534
2461627.8014792334 0.9998206132
2461627.8016389557 1.0014364453
2461627.8017986780 0.9988264234
2461627.8019583998 0.9986177181
2461627.8021181221 1.0000336078
2461627.8022778444 0.9998627553
2461627.8024375667 0.9994079119
2461627.8025972890 0.9998127256
2461627.8027570113 1.0005937833
2461627.8029167335 1.0013810769
2461627.8030764554 0.9992793453
2461627.8032361777 0.9994945958
2461627.8033958999 0.9999634824
2461627.8035556222 0.9991702901
2461627.8037153445 0.9999788851
2461627.8038750668 0.9986906824
2461627.8040347891 1.0006430257
2461627.8041945109 0.9992379109
2461627.8043542332 1.0008360209
2461627.8045139555 0.9998292095
2461627.8046736778 0.9989122588
2461627.8048334001 0.9985296169
2461627.8049931224 0.9988859117
2461627.8051528446 1.0004073271
2461627.8053125665 0.9991326495
2461627.8054722887 1.0001471992
2461627.8056320110 0.9997553838
2461627.8057917333 0.9991765920
2461627.8059514556 1.0006895300
2461627.8061111779 0.9995351317
2461627.8062709002 1.0006487358
2461627.8064306220 1.0008035949
2461627.8065903443 0.9996103883
2461627.8067500666 0.9986728851
2461627.8069097889 1.0000686248
2461627.8070695112 0.9990107440
2461627.8072292334 1.0003983076
2461627.8073889557 1.0012512539
2461627.8075486775 1.0003196486
2461627.8077084003 1.0003813846
2461627.8078681221 0.9996623699
2461627.8080278444 0.9997462305
2461627.8081875667 1.0013898496
2461627.8083472890 0.9996570347
2461627.8085070113 0.9997451302
2461627.8086667331 0.9984701141
2461627.8088264558 0.9998182214
2461627.8089861777 0.9989755099
2461627.8091459000 0.9993788376
2461627.8093056222 1.0003196301
2461627.8094653445 1.0001614598
2461627.8096250668 0.9999000186
2461627.8097847886 0.9990933798
2461627.8099445114 0.9997615883
2461627.8101042332 1.0001176558
2461627.8102639555 0.9991274705
2461627.8104236778 0.9989271463
2461627.8105834001 1.0009226474
2461627.8107431224 0.9997856163
2461627.8109028446 0.9996782893
2461627.8110625669 1.0014136606
2461627.8112222888 0.9981475654
2461627.8113820110 1.0003659661
2461627.8115417333 1.0001103843
2461627.8117014556 1.0005573690
2461627.8118611779 1.0002627520
2461627.8120209002 1.0008439694
2461627.8121806225 0.9998525680
2461627.8123403443 0.9994275492
2461627.8125000666 1.0009648485
2461627.8126597889 0.9987275005
2461627.8128195112 0.9999340117
2461627.8129792335 1.0003927496
2461627.8131389557 1.0002221920
2461627.8132986780 0.9995886073
2461627.8134583998 1.0004165110
2461627.8136181221 1.0011191950
2461627.8137778444 0.9999742252
2461627.8139375667 1.0002488011
2461627.8140972890 1.0003526708
2461627.8142570113 1.0003416601
2461627.8144167336 0.9996276583
2461627.8145764554 1.0000193447
2461627.8147361777 1.0010664139
2461627.8148959000 0.9992312069
2461627.8150556223 0.9999452183
2461627.8152153445 0.9998258806
2461627.8153750668 1.0006825391
2461627.8155347891 1.0003836109
2461627.8156945109 1.0001166365
2461627.8158542332 0.9994838896
2461627.8160139555 1.0005984482
2461627.8161736778 1.0001392574
2461627.8163334001 0.9988965655
2461627.8164931224 1.0003826000
2461627.8166528447 0.9999813272
2461627.8168125665 1.0013520569
2461627.8169722888 1.0002932455
2461627.8171320111 0.9989219059
2461627.8172917333 0.9997174052
2461627.8174514556 0.9984098613
2461627.8176111779 1.0011703663
2461627.8177709002 0.9996008293
2461627.8179306220 0.9986800027
2461627.8180903443 0.9990097619
2461627.8182500666 0.9999876793
2461627.8184097889 0.9997469045
2461627.8185695112 1.0000809055
2461627.8187292335 0.9996412848
2461627.8188889557 1.0004409471
2461627.8190486776 1.0004251076
2461627.8192083999 1.0004015082
2461627.8193681221 1.0000189872
2461627.8195278444 1.0000350459
2461627.8196875667 0.9991874474
2461627.8198472890 0.9993070773
2461627.8200070113 1.0017434512
2461627.8201667331 1.0006682707
2461627.8203264554 1.0008213321
2461627.8204861777 1.0010156963
2461627.8206459000 0.9995735498
2461627.8208056223 1.0003049868
2461627.8209653446 0.9981464144
2461627.8211250668 1.0004002016
2461627.8212847887 0.9998282481
2461627.8214445114 1.0004797757
2461627.8216042332 1.0005063318
2461627.8217639555 1.0011821922
2461627.8219236778 1.0008745714
2461627.8220834001 0.9999653744
2461627.8222431224 0.9998479478
2461627.8224028442 1.0000443917
2461627.8225625670 1.0013022735
2461627.8227222888 0.9996173343
2461627.8228820111 1.0002130440
2461627.8230417334 0.9990569453
2461627.8232014556 0.9981862068
2461627.8233611779 0.9996105672
2461627.8235208998 1.0009235198
2461627.8236806225 0.9994259044
2461627.8238403443 0.9990680271
2461627.8240000666 0.9996017597
2461627.8241597889 1.0003449463
2461627.8243195112 0.9995594003
2461627.8244792335 0.9993918633
2461627.8246389553 0.9994417454
2461627.8247986780 1.0009628065
2461627.8249583999 0.9986676088
2461627.8251181222 0.9990011138
2461627.8252778444 0.9988594712
2461627.8254375667 0.9992953241
2461627.8255972890 0.9998018299
2461627.8257570113 1.0000497733
2461627.8259167336 0.9998215306
2461627.8260764554 1.0012485372
2461627.8262361777 1.0011347761
2461627.8263959000 1.0000910157
2461627.8265556223 0.9999021779
2461627.8267153446 1.0015537588
2461627.8268750669 1.0004292206
2461627.8270347891 1.0016906996
2461627.8271945110 1.0020782752
2461627.8273542332 0.9996897407
2461627.8275139555 1.0002569088
2461627.8276736778 1.0002081238
2461627.8278334001 1.0005044462
2461627.8279931224 0.9998344938
2461627.8281528447 1.0008708768
2461627.8283125665 1.0013306274
2461627.8284722888 0.9986019780
2461627.8286320111 1.0007297953
2461627.8287917334 1.0007948272
2461627.8289514557 1.0008137695
2461627.8291111779 1.0001744655
2461627.8292709002 1.0004044319
2461627.8294306220 1.0002953088
2461627.8295903443 0.9996831167
2461627.8297500666 1.0002403969
2461627.8299097889 0.9993693895
2461627.8300695112 1.0010580573
2461627.8302292335 1.0014493736
2461627.8303889558 0.9987395064
2461627.8305486776 1.0001631833
2461627.8307083999 0.9991851472
2461627.8308681222 0.9995310999
2461627.8310278445 0.9999397976
2461627.8311875667 1.0000767904
2461627.8313472890 1.0017995847
2461627.8315070113 1.0003618060
2461627.8316667331 0.9991005599
2461627.8318264554 0.9991201763
2461627.8319861777 1.0003126404
2461627.8321459000 0.9998404548
2461627.8323056223 1.0004661984
2461627.8324653446 1.0010994629
2461627.8326250669 0.9991515976
2461627.8327847887 0.9995194585
2461627.8329445110 0.9999152833
2461627.8331042333 1.0000922461
2461627.8332639555 1.0000619080
2461627.8334236778 0.9979039346
2461627.8335834001 0.9996265175
2461627.8337431224 1.0003125680
2461627.8339028442 0.9996066980
2461627.8340625665 1.0001733356
2461627.8342222888 0.9999103251
2461627.8343820111 0.9999000996
2461627.8345417334 0.9990869033
2461627.8347014557 0.9983708977
2461627.8348611780 1.0004964195
2461627.8350208998 1.0003288946
2461627.8351806225 0.9993530566
2461627.8353403443 1.0007785674
2461627.8355000666 0.9996927745
2461627.8356597889 0.9992802823
2461627.8358195112 0.9998915106
2461627.8359792335 0.9997901501
2461627.8361389553 1.0000805313
2461627.8362986781 1.0020150212
2461627.8364583999 1.0000274245
2461627.8366181222 0.9994641038
2461627.8367778445 1.0001124690
2461627.8369375668 1.0008649838
2461627.8370972890 0.9990255502
2461627.8372570109 0.9994077612
2461627.8374167336 0.9997565979
2461627.8375764554 0.9999567232
2461627.8377361777 0.9992402907
2461627.8378959000 0.9996826047
2461627.8380556223 1.0001336873
2461627.8382153446 0.9994728976
2461627.8383750664 0.9988494233
2461627.8385347892 0.9982534308
2461627.8386945110 1.0000248537
2461627.8388542333 1.0005926757
2461627.8390139556 1.0000816371
2461627.8391736778 0.9988729482
2461627.8393334001 1.0006836435
2461627.8394931224 0.9994373091
2461627.8396528447 1.0002379579
2461627.8398125665 0.9993765202
2461627.8399722888 0.9997728834
2461627.8401320111 1.0011288726
2461627.8402917334 1.0010578295
2461627.8404514557 1.0006522796
2461627.8406111780 1.0006702968
2461627.8407709002 0.9992730971
2461627.8409306221 1.0003769456
2461627.8410903444 0.9998284895
2461627.8412500666 0.9995942384
2461627.8414097889 0.9991748428
2461627.8415695112 0.9994043374
2461627.8417292335 1.0000063207
2461627.8418889558 0.9990054308
2461627.8420486776 1.0005198030
2461627.8422083999 0.9995770846
2461627.8423681222 0.9987075529
2461627.8425278445 1.0002965565
2461627.8426875668 1.0017454322
2461627.8428472891 0.9989494157
2461627.8430070113 0.9986363968
2461627.8431667332 1.0000788450
2461627.8433264554 0.9996283371
2461627.8434861777 1.0002213219
2461627.8436459000 0.9995969900
2461627.8438056223 0.9990402576
2461627.8439653446 0.9996693365
2461627.8441250669 1.0008410730
2461627.8442847887 0.9986458200
2461627.8444445110 1.0002613110
2461627.8446042333 0.9995802914
2461627.8447639556 0.9994736731
2461627.8449236779 1.0015167178
2461627.8450834001 0.9996471514
2461627.8452431224 1.0004406857
2461627.8454028443 0.9999799326
2461627.8455625665 1.0007735228
2461627.8457222888 1.0005572276
2461627.8458820111 1.0004551836
2461627.8460417334 0.9990266285
2461627.8462014557 0.9991119573
2461627.8463611780 0.9991179574
2461627.8465208998 0.9999760587
2461627.8466806221 0.9996236502
2461627.8468403444 0.9995968496
2461627.8470000667 1.0003212356
2461627.8471597889 0.9996529541
2461627.8473195112 0.9993753750
2461627.8474792335 1.0013120377
2461627.8476389553 0.9992746753
2461627.8477986776 1.0005400259
2461627.8479583999 1.0002515770
2461627.8481181222 0.9993699345
2461627.8482778445 1.0000074440
2461627.8484375668 1.0004440468
2461627.8485972891 0.9997052074
2461627.8487570109 0.9997712889
2461627.8489167336 0.9985128983
2461627.8490764555 0.9996721349
2461627.8492361777 0.9999842366
2461627.8493959000 0.9996993789
2461627.8495556223 1.0012563904
2461627.8497153446 1.0010493191
2461627.8498750664 0.9993237097
2461627.8500347892 0.9993311433
2461627.8501945110 0.9996137399
2461627.8503542333 1.0004059643
2461627.8505139556 1.0002686735
2461627.8506736779 0.9986127878
2461627.8508334002 1.0006976787
2461627.8509931220 1.0004614579
2461627.8511528447 0.9995618162
2461627.8513125665 1.0001135419
2461627.8514722888 0.9993702853
2461627.8516320111 0.9988692794
2461627.8517917334 0.9998893719
2461627.8519514557 0.9999200575
2461627.8521111775 1.0003824036
2461627.8522709003 1.0001608375
2461627.8524306221 1.0009933236
2461627.8525903444 0.9997439397
2461627.8527500667 0.9996043628
2461627.8529097890 0.9996035329
2461627.8530695112 1.0010100575
2461627.8532292335 0.9998208486
2461627.8533889558 0.9990198484
2461627.8535486776 1.0000711556
2461627.8537083999 1.0001691541
2461627.8538681222 0.9995109795
2461627.8540278445 0.9990806723
2461627.8541875668 0.9992778670
2461627.8543472891 0.9995116558
2461627.8545070114 1.0013886945
2461627.8546667332 0.9999096967
2461627.8548264555 1.0000647755
2461627.8549861778 0.9998149105
2461627.8551459000 1.0005239811
2461627.8553056223 1.0013008984
2461627.8554653446 1.0001942441
2461627.8556250669 0.9990905357
2461627.8557847887 0.9995161739
2461627.8559445110 1.0003455191
2461627.8561042333 0.9986425081
2461627.8562639556 0.9986490290
2461627.8564236779 1.0002889165
2461627.8565834002 1.0000734042
2461627.8567431225 0.9991413876
2461627.8569028443 0.9999398847
2461627.8570625666 1.0007150826
2461627.8572222888 0.9995694105
2461627.8573820111 1.0016030646
2461627.8575417334 0.9998363115
2461627.8577014557 0.9995905991
2461627.8578611780 1.0002239218
2461627.8580208998 0.9986123919
2461627.8581806221 1.0007825197
2461627.8583403444 0.9997756132
2461627.8585000667 0.9998899743
2461627.8586597890 0.9998368078
2461627.8588195113 0.9994551200
2461627.8589792335 0.9997730448
2461627.8591389554 1.0005142328
2461627.8592986776 0.9998712765
2461627.8594583999 0.9992947782
2461627.8596181222 0.9995372400
2461627.8597778445 0.9999578126
2461627.8599375668 0.9975857494
2461627.8600972891 0.9987133855
2461627.8602570109 0.9994875098
2461627.8604167332 1.0001214624
2461627.8605764555 1.0000027708
2461627.8607361778 1.0002880114
2461627.8608959001 0.9987295202
2461627.8610556223 0.9998688701
2461627.8612153446 1.0004807658
2461627.8613750665 0.9993623472
2461627.8615347887 0.9993079460
2461627.8616945110 0.9999080345
2461627.8618542333 1.0009479555
2461627.8620139556 0.9992429424
2461627.8621736779 1.0005322595
2461627.8623334002 0.9992084951
2461627.8624931220 0.9999928429
2461627.8626528447 0.9986588346
2461627.8628125666 0.9996800691
2461627.8629722889 0.9995885135
2461627.8631320111 0.9993310035
2461627.8632917334 1.0003679568
2461627.8634514557 1.0005689275
2461627.8636111775 1.0004343111
2461627.8637709003 0.9991878717
2461627.8639306221 1.0003124415
2461627.8640903444 1.0007363111
2461627.8642500667 1.0008230699
2461627.8644097890 1.0001364674
2461627.8645695113 1.0009591227
2461627.8647292331 0.9990850338
2461627.8648889558 1.0012934791
2461627.8650486777 1.0010316126
2461627.8652083999 0.9986244321
2461627.8653681222 1.0003367725
2461627.8655278445 0.9994044596
2461627.8656875668 0.9993886005
2461627.8658472886 1.0004504591
2461627.8660070114 0.9991524379
2461627.8661667332 0.9989969800
2461627.8663264555 0.9988985100
2461627.8664861778 0.9989109692
2461627.8666459001 1.0001571804
2461627.8668056224 0.9991116505
2461627.8669653446 1.0005928074
2461627.8671250669 0.9993801064
2461627.8672847888 0.9990406147
2461627.8674445110 0.9989032649
2461627.8676042333 0.9998606269
2461627.8677639556 0.9999306938
2461627.8679236779 1.0001094545
2461627.8680834002 1.0004328062
2461627.8682431225 0.9997997193
2461627.8684028443 0.9989803904
2461627.8685625666 0.9991946112
2461627.8687222889 1.0001206843
2461627.8688820112 1.0001043993
2461627.8690417334 1.0005969517
2461627.8692014557 0.9984141386
2461627.8693611780 1.0012947800
2461627.8695208998 0.9993026294
2461627.8696806221 1.0010755074
2461627.8698403444 1.0010756344
2461627.8700000667 1.0006943658
2461627.8701597890 1.0001973883
2461627.8703195113 0.9990393518
2461627.8704792336 0.9993484618
2461627.8706389554 1.0016992592
2461627.8707986777 0.9998717660
2461627.8709584000 1.0006988650
2461627.8711181222 0.9988298935
2461627.8712778445 0.9996082842
2461627.8714375668 1.0001145711
2461627.8715972891 0.9995033815
2461627.8717570109 0.9992871282
2461627.8719167332 1.0000678207
2461627.8720764555 0.9999281629
2461627.8722361778 0.9989421820
2461627.8723959001 0.9998289913
2461627.8725556224 1.0000279486
2461627.8727153447 0.9986453732
2461627.8728750665 0.9999924681
2461627.8730347888 0.9988255258
2461627.8731945110 1.0005635206
2461627.8733542333 1.0002929435
2461627.8735139556 1.0008044392
2461627.8736736779 1.0001702797
2461627.8738334002 1.0001912930
2461627.8739931220 1.0006879350
2461627.8741528443 1.0001317164
2461627.8743125666 0.9991215586
2461627.8744722889 0.9996284299
2461627.8746320112 0.9999205566
2461627.8747917335 1.0002490015
2461627.8749514557 0.9988614518
2461627.8751111776 0.9993878255
2461627.8752708999 0.9992637574
2461627.8754306221 0.9998252338
2461627.8755903444 1.0008897180
2461627.8757500667 0.9993951143
2461627.8759097890 0.9996966013
2461627.8760695113 0.9999993751
2461627.8762292331 1.0002966880
2461627.8763889559 0.9995501507
2461627.8765486777 1.0004757356
2461627.8767084000 1.0012963508
2461627.8768681223 1.0000253650
2461627.8770278445 0.9990422845
2461627.8771875668 0.9992195140
2461627.8773472887 0.9994073463
2461627.8775070114 1.0008390397
2461627.8776667332 1.0001053847
2461627.8778264555 1.0004846974
2461627.8779861778 0.9999612389
2461627.8781459001 1.0001912361
2461627.8783056224 0.9989482160
2461627.8784653442 1.0003414299
2461627.8786250670 1.0006009836
2461627.8787847888 0.9999182007
2461627.8789445111 1.0009015233
2461627.8791042333 0.9994992146
2461627.8792639556 0.9991341540
2461627.8794236779 0.9989260121
2461627.8795833997 0.9999691064
2461627.8797431225 1.0011165059
2461627.8799028443 0.9993870376
2461627.8800625666 1.0010900620
2461627.8802222889 1.0007992640
2461627.8803820112 0.9995088206
2461627.8805417335 0.9996957312
2461627.8807014558 0.9993563846
2461627.8808611780 1.0001226521
2461627.8810208999 0.9992936597
2461627.8811806221 0.9994471962
2461627.8813403444 0.9998205723
2461627.8815000667 1.0008658702
2461627.8816597890 0.9992339930
2461627.8818195113 1.0000489382
2461627.8819792336 1.0002649106
2461627.8821389554 1.0004679571
2461627.8822986777 1.0004952150
2461627.8824584000 1.0009828707
2461627.8826181223 1.0005988192
2461627.8827778446 1.0004016075
2461627.8829375668 0.9972824069
2461627.8830972891 0.9993494244
2461627.8832570110 0.9994215631
2461627.8834167332 1.0002192812
2461627.8835764555 0.9998853169
2461627.8837361778 1.0001364093
2461627.8838959001 0.9991783149
2461627.8840556224 0.9992352877
2461627.8842153447 0.9990209731
2461627.8843750665 0.9992122036
2461627.8845347888 1.0004544016
2461627.8846945111 0.9996696737
2461627.8848542334 0.9986280575
2461627.8850139556 1.0002425707
2461627.8851736779 1.0001964754
2461627.8853334002 0.9987764970
2461627.8854931220 1.0007557036
2461627.8856528443 1.0009069756
2461627.8858125666 1.0007478537
2461627.8859722889 1.0008578408
2461627.8861320112 0.9985974881
2461627.8862917335 1.0000682822
2461627.8864514558 1.0011132820
2461627.8866111776 0.9994524316
2461627.8867708999 0.9997048378
2461627.8869306222 0.9998960555
2461627.8870903444 0.9999059765
2461627.8872500667 0.9996179221
2461627.8874097890 1.0001450904
2461627.8875695113 1.0001152785
2461627.8877292331 0.9994432820
2461627.8878889554 0.9998391596
2461627.8880486777 1.0001628272
2461627.8882084000 1.0009977898
2461627.8883681223 0.9998032528
2461627.8885278446 1.0001586790
2461627.8886875669 0.9988280630
2461627.8888472887 1.0002924982
2461627.8890070110 0.9997425776
2461627.8891667333 0.9995204773
2461627.8893264555 1.0013306995
2461627.8894861778 1.0009431347
2461627.8896459001 0.9999471450
2461627.8898056224 0.9999095035
2461627.8899653442 1.0007611309
2461627.8901250670 0.9991571574
2461627.8902847888 0.9995083896
2461627.8904445111 0.9994241263
2461627.8906042334 1.0007440658
2461627.8907639557 0.9997109474
2461627.8909236779 0.9997408917
2461627.8910833998 0.9991158824
2461627.8912431225 0.9986730574
2461627.8914028443 1.0002823866
2461627.8915625666 0.9985424035
2461627.8917222889 1.0000463895
2461627.8918820112 0.9995366226
2461627.8920417335 1.0002245675
2461627.8922014553 0.9996586453
2461627.8923611781 1.0003215700
2461627.8925208999 1.0005496277
2461627.8926806222 1.0008551255
2461627.8928403445 0.9994214409
2461627.8930000667 0.9993318805
2461627.8931597890 0.9993417298
2461627.8933195109 0.9977484372
2461627.8934792336 0.9997254822
2461627.8936389554 0.9996641419
2461627.8937986777 1.0001101387
2461627.8939584000 0.9997602613
2461627.8941181223 1.0004139135
2461627.8942778446 0.9990881587
2461627.8944375669 1.0005260417
2461627.8945972892 0.9994196608
2461627.8947570110 1.0009265272
2461627.8949167333 0.9995007107
2461627.8950764555 0.9990373913
2461627.8952361778 0.9992331730
2461627.8953959001 1.0006185880
2461627.8955556224 0.9996653815
2461627.8957153447 1.0000654729
2461627.8958750665 0.9993702999
2461627.8960347888 1.0011411694
2461627.8961945111 0.9994180542
2461627.8963542334 0.9986467086
2461627.8965139557 0.9991617567
2461627.8966736780 0.9997579660
2461627.8968334002 0.9989937861
2461627.8969931221 0.9995303318
2461627.8971528444 0.9994340319
2461627.8973125666 0.9996270774
2461627.8974722889 1.0001464764
2461627.8976320112 1.0000126099
2461627.8977917335 0.9998433458
2461627.8979514558 0.9995808157
2461627.8981111776 0.9996594804
2461627.8982708999 0.9993331516
2461627.8984306222 1.0005616492
2461627.8985903445 1.0002101074
2461627.8987500668 0.9991207952
2461627.8989097890 0.9999093940
2461627.8990695113 0.9994824913
2461627.8992292332 0.9997005748
2461627.8993889554 0.9999570389
2461627.8995486777 1.0002048800
2461627.8997084000 1.0020349196
2461627.8998681223 0.9992623816
2461627.9000278446 0.9996342698
2461627.9001875669 1.0000427901
2461627.9003472887 1.0001689703
2461627.9005070110 1.0007431047
2461627.9006667333 1.0002367210
2461627.9008264556 1.0004710343
2461627.9009861778 1.0013253011
2461627.9011459001 0.9996271439
2461627.9013056224 1.0010119419
2461627.9014653442 0.9997184109
2461627.9016250665 0.9986761662
2461627.9017847888 1.0003180907
2461627.9019445111 1.0013032135
2461627.9021042334 0.9998381420
2461627.9022639557 1.0004090949
2461627.9024236780 0.9993009746
2461627.9025833998 1.0002953775
2461627.9027431221 0.9998403772
2461627.9029028444 1.0000194188
2461627.9030625666 1.0008843348
2461627.9032222889 1.0004155380
2461627.9033820112 0.9997985536
2461627.9035417335 0.9989937800
2461627.9037014553 0.9998114076
2461627.9038611781 1.0008091060
2461627.9040208999 1.0006637682
2461627.9041806222 0.9994922315
2461627.9043403445 0.9988203085
2461627.9045000668 1.0014308573
2461627.9046597891 0.9992613270
2461627.9048195109 0.9992614916
2461627.9049792336 1.0003240748
2461627.9051389555 1.0000571674
2461627.9052986777 0.9983837530
2461627.9054584000 0.9995813045
2461627.9056181223 1.0002972593
2461627.9057778446 1.0008172767
2461627.9059375664 1.0006838693
2461627.9060972892 0.9989620659
2461627.9062570110 0.9979479576
2461627.9064167333 0.9996087396
2461627.9065764556 1.0001716063
2461627.9067361779 1.0001218532
2461627.9068959001 0.9993109084
2461627.9070556220 1.0001209485
2461627.9072153447 0.9999842086
2461627.9073750665 0.9995529192
2461627.9075347888 0.9988725358
2461627.9076945111 1.0003493152
2461627.9078542334 1.0005879162
2461627.9080139557 0.9995776366
2461627.9081736780 0.9993287713
2461627.9083334003 1.0000346411
2461627.9084931221 0.9992703305
2461627.9086528444 1.0000446794
2461627.9088125667 0.9992172035
2461627.9089722889 0.9998577694
2461627.9091320112 1.0002666474
2461627.9092917335 1.0008129980
2461627.9094514558 1.0005857047
2461627.9096111776 1.0003656553
2461627.9097708999 0.9997250276
2461627.9099306222 0.9992124121
2461627.9100903445 0.9998035961
2461627.9102500668 0.9991207138
2461627.9104097891 1.0003491187
2461627.9105695114 1.0005053134
2461627.9107292332 0.9991613701
2461627.9108889555 1.0010991354
2461627.9110486777 1.0007446215
2461627.9112084000 0.9983700300
2461627.9113681223 1.0002426816
2461627.9115278446 0.9999497253
2461627.9116875669 1.0000791849
2461627.9118472887 1.0014690512
2461627.9120070110 0.9999593012
2461627.9121667333 0.9994070544
2461627.9123264556 0.9984308399
2461627.9124861779 0.9997093349
2461627.9126459002 1.0000982612
2461627.9128056224 1.0008491532
2461627.9129653443 0.9995265571
2461627.9131250666 1.0000174121
2461627.9132847888 1.0003866417
2461627.9134445111 0.9995764517
2461627.9136042334 1.0000359478
2461627.9137639557 0.9997072021
2461627.9139236780 1.0004315862
2461627.9140833998 1.0004717893
2461627.9142431221 0.9993089114
2461627.9144028444 0.9996859406
2461627.9145625667 0.9984428935
2461627.9147222890 0.9989628966
2461627.9148820112 1.0002266013
2461627.9150417335 0.9997090016
2461627.9152014554 1.0000146626
2461627.9153611776 0.9989986655
2461627.9155208999 1.0000858575
2461627.9156806222 0.9990919498
2461627.9158403445 0.9996239999
2461627.9160000668 1.0005838491
2461627.9161597891 1.0006432765
2461627.9163195109 0.9993907134
2461627.9164792332 0.9997458609
2461627.9166389555 1.0004748079
2461627.9167986778 0.9992274090
2461627.9169584000 0.9994462044
2461627.9171181223 0.9995378647
2461627.9172778446 1.0014602105
2461627.9174375664 0.9995930414
2461627.9175972887 0.9995933064
2461627.9177570110 1.0009966689
2461627.9179167333 0.9988241973
2461627.9180764556 1.0004163581
2461627.9182361779 1.0009959096
2461627.9183959002 0.9991301689
2461627.9185556220 0.9996872522
2461627.9187153447 1.0002296459
2461627.9188750666 0.9994336703
2461627.9190347889 1.0005569147
2461627.9191945111 1.0008638376
2461627.9193542334 0.9986765530
2461627.9195139557 0.9982175838
2461627.9196736775 1.0004724172
2461627.9198334003 1.0005179592
2461627.9199931221 0.9995207406
2461627.9201528444 1.0003430528
2461627.9203125667 1.0007924242
2461627.9204722890 1.0005792518
2461627.9206320113 1.0006887033
2461627.9207917331 0.9991366504
2461627.9209514558 1.0003393023
2461627.9211111777 1.0009024184
2461627.9212708999 0.9997947770
2461627.9214306222 0.9997708847
2461627.9215903445 0.9994333748
2461627.9217500668 1.0004586452
2461627.9219097891 1.0002116972
2461627.9220695114 1.0011522187
2461627.9222292332 0.9997155325
2461627.9223889555 0.9992923153
2461627.9225486778 1.0000846350
2461627.9227084001 1.0003484219
2461627.9228681223 0.9995187631
2461627.9230278446 0.9994809906
2461627.9231875669 0.9998869257
2461627.9233472887 0.9997306778
2461627.9235070110 1.0009966131
2461627.9236667333 1.0003820736
2461627.9238264556 1.0003863847
2461627.9239861779 0.9995041985
2461627.9241459002 0.9996611756
2461627.9243056225 0.9997247615
2461627.9244653443 0.9993993248
2461627.9246250666 0.9999632566
2461627.9247847889 1.0006608593
2461627.9249445111 1.0000867388
2461627.9251042334 0.9990625911
2461627.9252639557 1.0001643804
2461627.9254236780 1.0000848632
2461627.9255833998 1.0003787886
2461627.9257431221 1.0001009559
2461627.9259028444 1.0006927636
2461627.9260625667 0.9997487909
2461627.9262222890 1.0000538276
2461627.9263820113 1.0002256399
2461627.9265417336 0.9985290076
2461627.9267014554 0.9992831891
2461627.9268611777 1.0013073273
2461627.9270209000 0.9994926064
2461627.9271806222 0.9999940019
2461627.9273403445 0.9998271396
2461627.9275000668 1.0007953044
2461627.9276597891 0.9997518167
2461627.9278195109 0.9999990803
2461627.9279792332 1.0004525939
2461627.9281389555 1.0002933043
2461627.9282986778 1.0001152290
2461627.9284584001 1.0013512035
2461627.9286181224 0.9998069406
2461627.9287778446 0.9999742424
2461627.9289375665 1.0013187109
2461627.9290972888 1.0009407615
2461627.9292570110 1.0005347266
2461627.9294167333 1.0000255097
2461627.9295764556 0.9996649919
2461627.9297361779 1.0004189038
2461627.9298959002 0.9992451529
2461627.9300556220 1.0009397143
2461627.9302153443 1.0010725694
2461627.9303750666 1.0001118289
2461627.9305347889 1.0005583902
2461627.9306945112 1.0001237274
2461627.9308542334 0.9994789352
2461627.9310139557 0.9992891014
2461627.9311736776 1.0016415233
2461627.9313333998 1.0012385771
2461627.9314931221 0.9997988398
2461627.9316528444 1.0006806097
2461627.9318125667 0.9984259931
2461627.9319722890 0.9999816256
2461627.9321320113 1.0005364084
2461627.9322917331 0.9997116726
2461627.9324514559 1.0013755805
2461627.9326111777 1.0005276628
2461627.9327709000 1.0012164122
2461627.9329306222 1.0012253857
2461627.9330903445 0.9996805915
2461627.9332500668 1.0003489542
2461627.9334097886 0.9995121023
2461627.9335695114 1.0000742883
2461627.9337292332 1.0006221224
2461627.9338889555 1.0011999154
2461627.9340486778 1.0004276527
2461627.9342084001 1.0006019700
2461627.9343681224 1.0006602654
2461627.9345278442 1.0000457653
2461627.9346875669 0.9993492794
2461627.9348472888 1.0000700557
2461627.9350070111 0.9995825342
2461627.9351667333 1.0002245600
2461627.9353264556 1.0002243388
2461627.9354861779 1.0003810378
2461627.9356459002 0.9987111168
2461627.9358056225 1.0010353165
2461627.9359653443 0.9997381795
2461627.9361250666 1.0007133179
2461627.9362847889 1.0007224573
2461627.9364445112 0.9997536318
2461627.9366042335 0.9990979201
2461627.9367639557 0.9985235761
2461627.9369236780 0.9994032979
2461627.9370833999 0.9998929725
2461627.9372431221 1.0000146066
2461627.9374028444 1.0007510382
2461627.9375625667 1.0003083221
2461627.9377222890 0.9997793745
2461627.9378820113 1.0014274241
2461627.9380417336 0.9992621999
2461627.9382014554 0.9995724498
2461627.9383611777 1.0004288339
2461627.9385209000 0.9995322372
2461627.9386806223 1.0003213310
2461627.9388403445 0.9999796574
2461627.9390000668 0.9994429714
2461627.9391597891 1.0014218409
2461627.9393195109 1.0000685780
2461627.9394792332 1.0022858490
2461627.9396389555 0.9997104321
2461627.9397986778 1.0004846732
2461627.9399584001 1.0006723303
2461627.9401181224 1.0003885940
2461627.9402778447 1.0006171852
2461627.9404375665 0.9999005968
2461627.9405972888 1.0003922337
2461627.9407570111 1.0000991720
2461627.9409167334 1.0012058908
2461627.9410764556 0.9996376541
2461627.9412361779 1.0010911433
2461627.9413959002 1.0003197772
2461627.9415556220 1.0001864958
2461627.9417153443 1.0004937811
2461627.9418750666 0.9992522985
2461627.9420347889 1.0004837592
2461627.9421945112 1.0010512098
2461627.9423542335 1.0003540568
2461627.9425139558 1.0004102754
2461627.9426736776 0.9992934166
2461627.9428333999 0.9991357389
2461627.9429931222 1.0004784432
2461627.9431528444 0.9995133849
2461627.9433125667 1.0010218100
2461627.9434722890 1.0006207552
2461627.9436320113 1.0008865100
2461627.9437917331 0.9996615645
2461627.9439514554 1.0007969304
2461627.9441111777 0.9998266448
2461627.9442709000 1.0025340573
2461627.9444306223 1.0004713478
2461627.9445903446 0.9999141660
2461627.9447500668 1.0008956393
2461627.9449097887 1.0003425786
2461627.9450695110 0.9997003411
2461627.9452292332 0.9989600155
2461627.9453889555 0.9995711601
2461627.9455486778 1.0015976099
2461627.9457084001 1.0002646330
2461627.9458681224 1.0008820313
2461627.9460278442 1.0005835274
2461627.9461875670 0.9994522128
2461627.9463472888 0.9995174686
2461627.9465070111 1.0001113488
2461627.9466667334 1.0000854863
2461627.9468264556 1.0010509696
2461627.9469861779 0.9999816677
2461627.9471458998 0.9995958706
2461627.9473056225 1.0012277599
2461627.9474653443 0.9998148561
2461627.9476250666 1.0012183082
2461627.9477847889 0.9998154350
2461627.9479445112 1.0010169859
2461627.9481042335 0.9996506724
2461627.9482639553 1.0006197000
2461627.9484236781 1.0000955100
2461627.9485833999 1.0002441068
2461627.9487431222 0.9997499019
2461627.9489028445 1.0015937494
2461627.9490625667 1.0004128692
2461627.9492222890 1.0001555708
2461627.9493820113 0.9994168077
2461627.9495417336 1.0008143306
2461627.9497014554 1.0019011974
2461627.9498611777 1.0007653294
2461627.9500209000 1.0013555176
2461627.9501806223 1.0001980524
2461627.9503403446 1.0002644958
2461627.9505000669 0.9992080007
2461627.9506597891 1.0016810737
2461627.9508195110 1.0002808866
2461627.9509792333 1.0011403273
2461627.9511389555 1.0009688657
2461627.9512986778 1.0005515739
2461627.9514584001 1.0001889609
2461627.9516181224 1.0009151169
2461627.9517778447 0.9998909055
2461627.9519375665 1.0008361807
2461627.9520972888 0.9998493906
2461627.9522570111 1.0009370545
2461627.9524167334 0.9992353013
2461627.9525764557 1.0008045990
2461627.9527361779 1.0010932342
2461627.9528959002 1.0013859877
2461627.9530556221 1.0006765953
2461627.9532153443 1.0005410261
2461627.9533750666 0.9999565685
2461627.9535347889 0.9997641517
2461627.9536945112 1.0000977802
2461627.9538542335 0.9998861718
2461627.9540139558 0.9994439123
2461627.9541736776 0.9989958596
2461627.9543333999 0.9994152474
2461627.9544931222 1.0001758011
2461627.9546528445 1.0014929673
2461627.9548125667 0.9989629101
2461627.9549722890 1.0004462435
2461627.9551320113 1.0006883593
2461627.9552917331 0.9996630820
2461627.9554514554 1.0009472237
2461627.9556111777 1.0004947205
2461627.9557709000 1.0005596809
2461627.9559306223 1.0009978121
2461627.9560903446 1.0008921709
2461627.9562500669 1.0000738310
2461627.9564097887 1.0000966364
2461627.9565695110 1.0002434226
2461627.9567292333 0.9994288575
2461627.9568889556 1.0001285182
2461627.9570486778 1.0003716641
2461627.9572084001 1.0010266439
2461627.9573681224 0.9988660234
2461627.9575278442 0.9999988012
2461627.9576875665 1.0000445351
2461627.9578472888 0.9990146364
2461627.9580070111 1.0001543568
2461627.9581667334 0.9992518425
2461627.9583264557 1.0009690249
2461627.9584861780 0.9998082981
2461627.9586458998 1.0005999507
2461627.9588056221 1.0008010118
2461627.9589653444 1.0005577306
2461627.9591250666 1.0012672843
2461627.9592847889 1.0003887144
2461627.9594445112 1.0007210927
2461627.9596042335 1.0006642301
2461627.9597639553 0.9998692239
2461627.9599236781 0.9990060355
2461627.9600833999 0.9994473767
2461627.9602431222 0.9995683080
2461627.9604028445 0.9991813248
2461627.9605625668 1.0009045823
2461627.9607222890 0.9997652845
2461627.9608820109 1.0004077969
2461627.9610417336 1.0000872637
2461627.9612014554 0.9994826756
2461627.9613611777 1.0011988536
2461627.9615209000 0.9996417051
2461627.9616806223 0.9999783464
2461627.9618403446 0.9997336027
2461627.9620000664 1.0004338634
2461627.9621597892 0.9999129357
2461627.9623195110 1.0000384181
2461627.9624792333 1.0004353931
2461627.9626389556 1.0014881303
2461627.9627986779 0.9991812526
2461627.9629584001 1.0015921477
2461627.9631181224 1.0002276406
2461627.9632778447 0.9986397532
2461627.9634375665 1.0008134607
2461627.9635972888 1.0004629105
2461627.9637570111 0.9998491291
2461627.9639167334 1.0013700096
2461627.9640764557 1.0011947741
2461627.9642361780 1.0002477009
2461627.9643959003 1.0002604834
2461627.9645556221 1.0004002437
2461627.9647153444 1.0007493147
2461627.9648750667 1.0016492526
2461627.9650347889 1.0009995869
2461627.9651945112 1.0002886749
2461627.9653542335 1.0003451091
2461627.9655139558 1.0002120819
2461627.9656736776 0.9983483384
2461627.9658333999 0.9994329592
2461627.9659931222 0.9986762286
2461627.9661528445 1.0003693704
2461627.9663125668 1.0000716120
2461627.9664722891 1.0001616710
2461627.9666320113 1.0008241779
2461627.9667917332 1.0000881089
2461627.9669514555 1.0003607900
2461627.9671111777 1.0003166429
2461627.9672709000 1.0009450423
2461627.9674306223 0.9999523415
2461627.9675903446 1.0001885899
2461627.9677500669 0.9990485056
2461627.9679097887 1.0003372450
2461627.9680695110 1.0002777152
2461627.9682292333 0.9999076384
2461627.9683889556 1.0008478636
2461627.9685486779 1.0004327787
2461627.9687084001 1.0009853150
2461627.9688681224 0.9997703448
2461627.9690278443 0.9996548157
2461627.9691875665 1.0003262363
2461627.9693472888 0.9996243256
2461627.9695070111 0.9994649618
2461627.9696667334 0.9995631341
2461627.9698264557 1.0002037717
2461627.9699861780 1.0012367230
2461627.9701458998 1.0008336217
2461627.9703056221 0.9990108078
2461627.9704653444 1.0000294392
2461627.9706250667 0.9994347228
2461627.9707847890 0.9998504434
2461627.9709445112 1.0003858912
2461627.9711042335 0.9998490096
2461627.9712639553 0.9996763145
2461627.9714236776 1.0002529504
2461627.9715833999 0.9995710902
2461627.9717431222 0.9998500936
2461627.9719028445 1.0007586483
2461627.9720625668 0.9993447093
2461627.9722222891 1.0000608646
2461627.9723820109 1.0009518155
2461627.9725417332 1.0003598499
2461627.9727014555 0.9995524790
2461627.9728611778 1.0005260248
2461627.9730209000 0.9994952010
2461627.9731806223 1.0000050591
2461627.9733403446 1.0003244076
2461627.9735000664 0.9998294663
2461627.9736597892 0.9987988922
2461627.9738195110 1.0008752414
2461627.9739792333 0.9998797761
2461627.9741389556 1.0003251132
2461627.9742986779 1.0001828663
2461627.9744584002 1.0001867542
2461627.9746181220 0.9998962772
2461627.9747778447 1.0009969955
2461627.9749375666 1.0006637742
2461627.9750972888 1.0005635421
2461627.9752570111 1.0004880259
2461627.9754167334 1.0003336437
2461627.9755764557 1.0005893670
2461627.9757361775 1.0001957211
2461627.9758959003 1.0009731285
2461627.9760556221 0.9998187776
2461627.9762153444 0.9990513278
2461627.9763750667 1.0014505133
2461627.9765347890 0.9993926086
2461627.9766945112 1.0000941905
2461627.9768542335 1.0010833933
2461627.9770139558 1.0013511982
2461627.9771736776 1.0010676058
2461627.9773333999 1.0006179347
2461627.9774931222 0.9998539159
2461627.9776528445 1.0005419875
2461627.9778125668 1.0012613074
2461627.9779722891 1.0012731320
2461627.9781320114 0.9987994682
2461627.9782917332 0.9996891473
2461627.9784514555 0.9998890112
2461627.9786111778 0.9997434652
2461627.9787709001 0.9996042887
2461627.9789306223 1.0001701281
2461627.9790903446 0.9996366593
2461627.9792500669 1.0003615503
2461627.9794097887 1.0007473516
2461627.9795695110 1.0009680807
2461627.9797292333 1.0009271201
2461627.9798889556 0.9997231743
2461627.9800486779 1.0002837786
2461627.9802084002 1.0009303470
2461627.9803681225 1.0000857096
2461627.9805278443 0.9983845450
2461627.9806875666 1.0020634343
2461627.9808472889 0.9990027373
2461627.9810070111 0.9986602490
2461627.9811667334 0.9992706870
2461627.9813264557 1.0012193885
2461627.9814861780 0.9994566474
2461627.9816458998 0.9999499873
2461627.9818056221 1.0004438878
2461627.9819653444 0.9995871524
2461627.9821250667 0.9995663330
2461627.9822847890 1.0014127231
2461627.9824445113 0.9998450742
2461627.9826042335 1.0007075681
2461627.9827639554 0.9988621687
2461627.9829236777 1.0013834197
2461627.9830833999 0.9996431607
2461627.9832431222 0.9998200769
2461627.9834028445 0.9996232443
2461627.9835625668 1.0008011239
2461627.9837222891 0.9998737240
2461627.9838820109 0.9994720730
2461627.9840417332 0.9994564508
2461627.9842014555 1.0000956743
2461627.9843611778 0.9996871334
2461627.9845209001 1.0011115353
2461627.9846806224 1.0004983831
2461627.9848403446 1.0015038496
2461627.9850000665 1.0002038325
2461627.9851597887 0.9998634809
2461627.9853195110 1.0007002191
2461627.9854792333 0.9993086802
2461627.9856389556 0.9999198241
2461627.9857986779 0.9985495085
2461627.9859584002 1.0004501060
2461627.9861181220 1.0000098415
2461627.9862778443 1.0000300202
2461627.9864375666 1.0010451151
2461627.9865972889 1.0002208864
2461627.9867570112 0.9998330709
2461627.9869167334 0.9990808472
2461627.9870764557 0.9999690961
2461627.9872361775 1.0006480861
2461627.9873959003 1.0007955910
2461627.9875556221 0.9998979002
2461627.9877153444 1.0004730867
2461627.9878750667 1.0003674927
2461627.9880347890 0.9995608551
2461627.9881945113 0.9995809920
2461627.9883542331 0.9998260971
2461627.9885139558 0.9997643609
2461627.9886736777 0.9999435382
2461627.9888334000 0.9998402768
2461627.9889931222 0.9994311729
2461627.9891528445 1.0004640307
2461627.9893125668 1.0006917863
2461627.9894722886 0.9990983873
2461627.9896320114 0.9998535774
2461627.9897917332 0.9998886626
2461627.9899514555 0.9993656658
2461627.9901111778 0.9989287764
2461627.9902709001 1.0005169278
2461627.9904306224 1.0009094110
2461627.9905903446 1.0002420508
2461627.9907500669 0.9993535343
2461627.9909097888 1.0005116436
2461627.9910695110 1.0003954528
2461627.9912292333 1.0006722181
2461627.9913889556 0.9995681579
2461627.9915486779 0.9996036233
2461627.9917084002 1.0002493214
2461627.9918681225 0.9999025018
2461627.9920278443 0.9998475623
2461627.9921875666 1.0000090049
2461627.9923472889 1.0002859039
2461627.9925070112 0.9995162631
2461627.9926667335 0.9999221379
2461627.9928264557 1.0008059148
2461627.9929861780 1.0001667420
2461627.9931458998 0.9990995879
2461627.9933056221 0.9998440639
2461627.9934653444 0.9989748728
2461627.9936250667 1.0002221548
2461627.9937847890 1.0005732543
2461627.9939445113 1.0002056370
2461627.9941042336 0.9991342056
2461627.9942639554 1.0009538211
2461627.9944236777 0.9998179081
2461627.9945834000 0.9990882946
2461627.9947431223 1.0001764950
2461627.9949028445 1.0005834461
2461627.9950625668 1.0009949340
2461627.9952222891 0.9990395157
2461627.9953820109 1.0007423386
2461627.9955417332 1.0004230729
2461627.9957014555 1.0008258854
2461627.9958611778 0.9995156366
2461627.9960209001 0.9995463539
2461627.9961806224 0.9995158248
2461627.9963403447 1.0005255558
2461627.9965000665 0.9984305390
2461627.9966597888 1.0013732517
2461627.9968195111 0.9996918583
2461627.9969792333 1.0000709496
2461627.9971389556 0.9998471536
2461627.9972986779 0.9988209191
2461627.9974584002 0.9995683263
2461627.9976181220 1.0006009670
2461627.9977778443 1.0008829376
2461627.9979375666 0.9987223091
2461627.9980972889 0.9994578640
2461627.9982570112 0.9997932057
2461627.9984167335 1.0002477589
2461627.9985764557 0.9990839376
2461627.9987361776 0.9998650785
2461627.9988958999 0.9997289121
2461627.9990556221 0.9992355037
2461627.9992153444 0.9997633472
2461627.9993750667 0.9988455625
2461627.9995347890 0.9989704062
2461627.9996945113 1.0003179654
2461627.9998542331 0.9990582846
2461628.0000139554 1.0008516621
2461628.0001736777 1.0001248200
2461628.0003334000 0.9994823347
2461628.0004931223 0.9994286684
2461628.0006528446 1.0000753360
2461628.0008125668 1.0001192167
2461628.0009722887 0.9980521288
2461628.0011320114 1.0005553165
2461628.0012917332 0.9993950853
2461628.0014514555 1.0003862989
2461628.0016111778 1.0000726332
2461628.0017709001 0.9994254208
2461628.0019306224 0.9997642177
2461628.0020903442 1.0008994624
2461628.0022500670 0.9997655074
2461628.0024097888 0.9996396478
2461628.0025695111 1.0005242387
2461628.0027292334 1.0009070718
2461628.0028889556 1.0000365467
2461628.0030486779 0.9989925107
2461628.0032083998 0.9983002782
2461628.0033681225 0.9998945019
2461628.0035278443 0.9988325754
2461628.0036875666 0.9993819428
2461628.0038472889 1.0001139734
2461628.0040070112 0.9997910837
2461628.0041667335 1.0000813108
2461628.0043264553 0.9991826782
2461628.0044861780 1.0004427247
2461628.0046458999 0.9993999512
2461628.0048056222 0.9999702995
2461628.0049653444 1.0005401667
2461628.0051250667 0.9993306639
2461628.0052847890 0.9990924196
2461628.0054445113 1.0005159376
2461628.0056042336 1.0002214355
2461628.0057639554 0.9998957028
2461628.0059236777 0.9995748782
2461628.0060834000 1.0001945955
2461628.0062431223 0.9991741139
2461628.0064028446 1.0000899029
2461628.0065625669 0.9992524002
2461628.0067222891 0.9985651859
2461628.0068820110 1.0001600832
2461628.0070417332 1.0009518494
2461628.0072014555 1.0001202205
2461628.0073611778 1.0006055950
2461628.0075209001 1.0000732154
2461628.0076806224 1.0008206761
2461628.0078403447 1.0015760014
2461628.0080000665 0.9990335781
2461628.0081597888 1.0000135078
2461628.0083195111 1.0004560788
2461628.0084792334 1.0008209510
2461628.0086389557 1.0006385668
2461628.0087986779 0.9995248447
2461628.0089584002 1.0000525485
2461628.0091181220 1.0005502937
2461628.0092778443 1.0008354654
2461628.0094375666 0.9997624438
2461628.0095972889 0.9989213655
2461628.0097570112 1.0004115945
2461628.0099167335 1.0011231585
2461628.0100764558 1.0003064131
2461628.0102361776 0.9986884070
2461628.0103958999 1.0004531874
2461628.0105556222 0.9994881875
2461628.0107153445 0.9994014067
2461628.0108750667 1.0000295030
2461628.0110347890 0.9993870228
2461628.0111945113 0.9998038095
2461628.0113542331 0.9992598699
2461628.0115139554 0.9990169497
2461628.0116736777 0.9989354983
2461628.0118334000 1.0002869248
2461628.0119931223 1.0006853003
2461628.0121528446 1.0007262723
2461628.0123125669 0.9986888771
2461628.0124722887 0.9983457344
2461628.0126320110 0.9989722807
2461628.0127917333 0.9990362488
2461628.0129514555 0.9996772447
2461628.0131111778 0.9984164590
2461628.0132709001 0.9998879477
2461628.0134306224 1.0009979778
2461628.0135903442 1.0009480910
2461628.0137500665 1.0001881349
2461628.0139097888 0.9994915684
2461628.0140695111 0.9999534275
2461628.0142292334 1.0001603850
2461628.0143889557 0.9997188754
2461628.0145486780 1.0001733661
2461628.0147083998 0.9996976880
2461628.0148681225 1.0007200907
2461628.0150278443 1.0003229346
2461628.0151875666 0.9997493156
2461628.0153472889 1.0000085484
2461628.0155070112 0.9993945633
2461628.0156667335 1.0006187622
2461628.0158264553 0.9998532305
2461628.0159861781 1.0018530208
2461628.0161458999 0.9990657402
2461628.0163056222 1.0001801905
2461628.0164653445 0.9996589790
2461628.0166250668 0.9997894384
2461628.0167847890 0.9996058111
2461628.0169445109 0.9994670431
2461628.0171042336 0.9994770207
2461628.0172639554 0.9997536434
2461628.0174236777 0.9990838334
2461628.0175834000 0.9993169336
2461628.0177431223 0.9997323691
2461628.0179028446 1.0001936607
2461628.0180625664 0.9990313804
2461628.0182222892 1.0002904603
2461628.0183820110 1.0003161342
2461628.0185417333 0.9993178952
2461628.0187014556 1.0001301804
2461628.0188611778 0.9996040561
2461628.0190209001 0.9994592375
2461628.0191806224 1.0002430257
2461628.0193403447 0.9997659322
2461628.0195000665 1.0009198180
2461628.0196597888 1.0006166797
2461628.0198195111 0.9999997317
2461628.0199792334 1.0007469994
2461628.0201389557 1.0006341254
2461628.0202986780 1.0000987827
2461628.0204584002 0.9996480200
2461628.0206181221 1.0005054439
2461628.0207778444 1.0008720564
2461628.0209375666 1.0003319866
2461628.0210972889 1.0006094669
2461628.0212570112 1.0000683386
2461628.0214167335 0.9997311842
2461628.0215764558 1.0011052954
2461628.0217361776 1.0006777251
2461628.0218958999 1.0001671683
2461628.0220556222 0.9999389269
2461628.0222153445 0.9993699737
2461628.0223750668 0.9994633638
2461628.0225347891 0.9993846970
2461628.0226945113 0.9998276949
2461628.0228542332 0.9988011840
2461628.0230139554 1.0005673547
2461628.0231736777 1.0005698273
2461628.0233334000 1.0006661211
2461628.0234931223 0.9994563046
2461628.0236528446 1.0007669121
2461628.0238125669 0.9994068632
2461628.0239722887 0.9996294574
2461628.0241320110 1.0007158618
2461628.0242917333 1.0002204468
2461628.0244514556 0.9996613766
2461628.0246111779 0.9996248346
2461628.0247709001 0.9994213876
2461628.0249306224 1.0007765491
2461628.0250903443 1.0002275173
2461628.0252500665 1.0001265600
2461628.0254097888 0.9994365307
2461628.0255695111 1.0003146803
2461628.0257292334 1.0003522466
2461628.0258889557 1.0009454640
2461628.0260486780 1.0006959500
2461628.0262083998 1.0007502041
2461628.0263681221 0.9990067926
2461628.0265278444 0.9989515194
2461628.0266875667 1.0002417858
2461628.0268472889 1.0007629090
2461628.0270070112 1.0002016048
2461628.0271667335 1.0000984488
2461628.0273264553 1.0014915530
2461628.0274861776 0.9994780793
2461628.0276458999 1.0008187416
2461628.0278056222 0.9999126725
2461628.0279653445 0.9993010237
2461628.0281250668 1.0005245967
2461628.0282847891 0.9991903350
2461628.0284445109 1.0005406153
2461628.0286042336 1.0008874588
2461628.0287639555 1.0004184565
2461628.0289236777 0.9987096252
2461628.0290834000 1.0008847079
2461628.0292431223 0.9997290322
2461628.0294028446 0.9999005637
2461628.0295625664 0.9992021078
2461628.0297222892 0.9998540584
2461628.0298820110 0.9995038714
2461628.0300417333 0.9988444024
2461628.0302014556 0.9990950433
2461628.0303611779 0.9999823700
2461628.0305209002 1.0002587644
2461628.0306806220 1.0004003343
2461628.0308403447 0.9999071447
2461628.0310000665 1.0000508262
2461628.0311597888 1.0001873999
2461628.0313195111 1.0010373205
2461628.0314792334 1.0002076097
2461628.0316389557 1.0005371874
2461628.0317986775 1.0008559249
2461628.0319584003 1.0001433038
2461628.0321181221 1.0014385885
2461628.0322778444 1.0003204499
2461628.0324375667 0.9988675949
2461628.0325972890 0.9995916354
2461628.0327570112 0.9997761214
2461628.0329167335 0.9995800193
2461628.0330764558 1.0011971922
2461628.0332361776 1.0002657184
2461628.0333958999 1.0000170045
2461628.0335556222 0.9991357459
2461628.0337153445 1.0005643300
2461628.0338750668 1.0009635291
2461628.0340347891 0.9991828402
2461628.0341945114 1.0001053453
2461628.0343542332 1.0005366791
2461628.0345139555 1.0008191119
2461628.0346736778 0.9998618870
2461628.0348334000 1.0002305803
2461628.0349931223 0.9992793535
2461628.0351528446 0.9985440295
2461628.0353125669 0.9988042406
2461628.0354722887 1.0005917114
2461628.0356320110 0.9994944081
2461628.0357917333 1.0018539555
2461628.0359514556 1.0003810788
2461628.0361111779 1.0012221609
2461628.0362709002 1.0001851403
2461628.0364306225 1.0006228249
2461628.0365903443 1.0000703335
2461628.0367500666 0.9999305851
2461628.0369097888 1.0002201434
2461628.0370695111 0.9992244373
2461628.0372292334 1.0008913498
2461628.0373889557 1.0003576739
2461628.0375486780 1.0010169555
2461628.0377083998 0.9998838642
2461628.0378681221 0.9999977716
2461628.0380278444 1.0010888366
2461628.0381875667 1.0001054462
2461628.0383472890 1.0002356932
2461628.0385070113 0.9992759218
2461628.0386667335 1.0002409260
2461628.0388264554 0.9997424955
2461628.0389861776 1.0020465774
2461628.0391458999 1.0007791323
2461628.0393056222 0.9987581499
2461628.0394653445 0.9995642943
2461628.0396250668 1.0000954643
2461628.0397847891 0.9990666475
2461628.0399445109 1.0001819918
2461628.0401042332 1.0002368139
2461628.0402639555 0.9993703802
2461628.0404236778 0.9990159431
2461628.0405834001 0.9994345540
2461628.0407431223 0.9990461173
2461628.0409028446 0.9993765708
2461628.0410625665 1.0008080230
2461628.0412222887 0.9999208432
2461628.0413820110 0.9988985326
2461628.0415417333 0.9985873457
2461628.0417014556 1.0013405667
2461628.0418611779 1.0000241194
2461628.0420209002 1.0011108227
2461628.0421806220 0.9998512346
2461628.0423403447 1.0000002786
2461628.0425000666 1.0008129391
2461628.0426597889 1.0002566759
2461628.0428195111 1.0006694387
2461628.0429792334 0.9997492834
2461628.0431389557 0.9988431384
2461628.0432986775 1.0001144131
2461628.0434584003 1.0006684251
2461628.0436181221 0.9991728309
2461628.0437778444 1.0008624085
2461628.0439375667 1.0005997110
2461628.0440972890 0.9996491221
2461628.0442570113 0.9995708968
2461628.0444167331 0.9998025441
2461628.0445764558 0.9999810919
2461628.0447361777 1.0009055904
2461628.0448958999 1.0000663245
2461628.0450556222 1.0005801121
2461628.0452153445 0.9994196640
2461628.0453750668 1.0007956348
2461628.0455347886 0.9993015351
2461628.0456945114 1.0004758439
2461628.0458542332 1.0000226277
2461628.0460139555 1.0004389568
2461628.0461736778 0.9994028261
2461628.0463334001 1.0008667582
2461628.0464931224 1.0004429324
2461628.0466528446 0.9994608942
2461628.0468125669 0.9996899915
2461628.0469722888 0.9999508109
2461628.0471320110 0.9988832758
2461628.0472917333 0.9985177600
2461628.0474514556 1.0009580790
2461628.0476111779 0.9992655208
2461628.0477709002 1.0003437492
2461628.0479306225 0.9993412843
2461628.0480903443 0.9993569677
2461628.0482500666 0.9998058471
2461628.0484097889 0.9998106694
2461628.0485695112 0.9998725883
2461628.0487292334 0.9996702543
2461628.0488889557 0.9983717724
2461628.0490486780 1.0001562479
2461628.0492083998 1.0005008967
2461628.0493681221 0.9995546315
2461628.0495278444 0.9999383456
2461628.0496875667 0.9995104851
2461628.0498472890 1.0005561148
2461628.0500070113 1.0016319448
2461628.0501667336 0.9999562209
2461628.0503264554 0.9993239672
2461628.0504861777 1.0011332102
2461628.0506459000 1.0007348749
2461628.0508056222 1.0004415464
2461628.0509653445 1.0009728872
2461628.0511250668 1.0004135109
2461628.0512847891 0.9991180832
2461628.0514445109 1.0004049749
2461628.0516042332 1.0008812777
2461628.0517639555 0.9998621567
2461628.0519236778 1.0001738546
2461628.0520834001 0.9999951423
2461628.0522431224 0.9989785242
2461628.0524028447 0.9981201434
2461628.0525625665 1.0003302469
2461628.0527222888 0.9992217181
2461628.0528820110 0.9997877519
2461628.0530417333 1.0002030588
2461628.0532014556 1.0006080463
2461628.0533611779 1.0009369923
2461628.0535209002 0.9991752929
2461628.0536806220 0.9994946837
2461628.0538403443 0.9989733541
2461628.0540000666 0.9999968276
2461628.0541597889 0.9995382291
2461628.0543195112 1.0007570798
2461628.0544792335 0.9991921830
2461628.0546389557 0.9996422341
2461628.0547986776 0.9996796238
2461628.0549583999 0.9995627615
2461628.0551181221 0.9997367469
2461628.0552778444 0.9997784313
2461628.0554375667 1.0001387209
2461628.0555972890 0.9997970007
2461628.0557570113 0.9996391882
2461628.0559167331 1.0000253043
2461628.0560764559 1.0000409857
2461628.0562361777 1.0002260830
2461628.0563959000 1.0000482524
2461628.0565556223 1.0011838436
2461628.0567153445 1.0005470309
2461628.0568750668 0.9996425534
2461628.0570347887 1.0002243785
2461628.0571945114 0.9994111333
2461628.0573542332 0.9993849311
2461628.0575139555 1.0002445054
2461628.0576736778 0.9998930098
2461628.0578334001 1.0004968974
2461628.0579931224 1.0005026341
2461628.0581528442 0.9988973234
2461628.0583125670 0.9995479094
2461628.0584722888 1.0000514491
2461628.0586320111 0.9991932895
2461628.0587917333 0.9996619426
2461628.0589514556 1.0004084604
2461628.0591111779 0.9994597137
2461628.0592708997 1.0003565746
2461628.0594306225 0.9996242519
2461628.0595903443 0.9994653714
2461628.0597500666 0.9992803196
2461628.0599097889 0.9989790613
2461628.0600695112 1.0003513653
2461628.0602292335 1.0004861024
2461628.0603889558 0.9993787753
2461628.0605486780 0.9995930238
2461628.0607083999 0.9994113381
2461628.0608681221 1.0002554263
2461628.0610278444 1.0004551079
2461628.0611875667 1.0010243012
2461628.0613472890 1.0002155521
2461628.0615070113 0.9997887574
2461628.0616667336 0.9998505788
2461628.0618264554 1.0004035466
2461628.0619861777 0.9998647074
2461628.0621459000 1.0000206227
2461628.0623056223 1.0002065132
2461628.0624653446 0.9994470148
2461628.0626250668 1.0000213903
2461628.0627847891 1.0004699118
2461628.0629445110 0.9995037618
2461628.0631042332 0.9996148057
2461628.0632639555 1.0005904378
2461628.0634236778 1.0001336587
2461628.0635834001 1.0006446537
2461628.0637431224 1.0008000915
2461628.0639028447 1.0012813451
2461628.0640625665 1.0000793140
2461628.0642222888 0.9999698676
2461628.0643820111 0.9993770831
2461628.0645417334 0.9998912524
2461628.0647014556 0.9997872580
2461628.0648611779 0.9999067054
2461628.0650209002 0.9991085599
2461628.0651806220 0.9989977448
2461628.0653403443 1.0006138239
2461628.0655000666 0.9990891389
2461628.0656597889 0.9997859734
2461628.0658195112 0.9994350059
2461628.0659792335 0.9989684047
2461628.0661389558 0.9993981463
2461628.0662986776 1.0004292360
2461628.0664583999 1.0010127142
2461628.0666181222 0.9996765924
2461628.0667778444 0.9997754149
2461628.0669375667 1.0014632315
2461628.0670972890 0.9997784089
2461628.0672570113 0.9990378114
2461628.0674167331 0.9989087772
2461628.0675764554 1.0006405505
2461628.0677361777 0.9995262012
2461628.0678959000 1.0006031646
2461628.0680556223 0.9994884662
2461628.0682153446 1.0001647689
2461628.0683750669 1.0001166999
2461628.0685347887 1.0000521944
2461628.0686945110 0.9990274369
2461628.0688542333 1.0011298678
2461628.0690139555 1.0003246057
2461628.0691736778 0.9995340925
2461628.0693334001 1.0009982312
2461628.0694931224 1.0008925750
2461628.0696528442 1.0001899016
2461628.0698125670 1.0004757856
2461628.0699722888 0.9993030965
2461628.0701320111 0.9998294700
2461628.0702917334 0.9989265611
2461628.0704514557 1.0001815771
2461628.0706111779 0.9994464332
2461628.0707708998 0.9994012788
2461628.0709306225 0.9996582724
2461628.0710903443 0.9999707436
2461628.0712500666 1.0015950866
2461628.0714097889 0.9991579442
2461628.0715695112 1.0008893356
2461628.0717292335 0.9997793714
2461628.0718889553 0.9996615066
2461628.0720486781 1.0007954350
2461628.0722083999 0.9994393681
2461628.0723681222 0.9992158149
2461628.0725278445 0.9988483368
2461628.0726875667 0.9995565289
2461628.0728472890 0.9989259759
2461628.0730070109 0.9994869034
2461628.0731667336 1.0010256426
2461628.0733264554 0.9992525695
2461628.0734861777 0.9999598693
2461628.0736459000 0.9995904878
2461628.0738056223 1.0009244040
2461628.0739653446 1.0003090864
2461628.0741250669 1.0010919886
2461628.0742847892 1.0003147572
2461628.0744445110 1.0001071172
2461628.0746042333 0.9990749349
2461628.0747639555 0.9988204717
2461628.0749236778 1.0002248338
2461628.0750834001 1.0001183509
2461628.0752431224 1.0007196634
2461628.0754028447 1.0003811565
2461628.0755625665 1.0012463141
2461628.0757222888 0.9988644460
2461628.0758820111 0.9994299465
2461628.0760417334 0.9998523059
2461628.0762014557 1.0000204885
2461628.0763611780 0.9998202446
2461628.0765209002 0.9999239923
2461628.0766806221 1.0001665793
2461628.0768403444 0.9990893073
2461628.0770000666 0.9992253988
2461628.0771597889 1.0003750040
2461628.0773195112 0.9995064606
2461628.0774792335 1.0003224179
2461628.0776389558 1.0014843041
2461628.0777986776 1.0000998106
2461628.0779583999 1.0011099774
2461628.0781181222 0.9992420079
2461628.0782778445 0.9999574157
2461628.0784375668 1.0006948107
2461628.0785972890 0.9998066301
2461628.0787570113 1.0004551176
2461628.0789167332 1.0007314583
2461628.0790764554 1.0008737232
2461628.0792361777 0.9994869119
2461628.0793959000 1.0008886331
2461628.0795556223 0.9993147310
2461628.0797153446 0.9990122680
2461628.0798750669 0.9996210600
2461628.0800347887 0.9998143503
2461628.0801945110 0.9991949326
2461628.0803542333 1.0014852715
2461628.0805139556 0.9997885850
2461628.0806736778 0.9992067233
2461628.0808334001 0.9994566892
2461628.0809931224 0.9993054259
2461628.0811528442 0.9994729315
2461628.0813125665 0.9996966506
2461628.0814722888 1.0017781934
2461628.0816320111 1.0009909017
2461628.0817917334 1.0004964661
2461628.0819514557 0.9991652581
2461628.0821111780 1.0001100704
2461628.0822708998 0.9999165816
2461628.0824306221 1.0011460341
2461628.0825903444 0.9997949207
2461628.0827500666 0.9993881036
2461628.0829097889 1.0006922547
2461628.0830695112 1.0006138450
2461628.0832292335 1.0000568312
2461628.0833889553 0.9983133374
2461628.0835486781 1.0001934086
2461628.0837083999 0.9995325068
2461628.0838681222 1.0001362232
2461628.0840278445 0.9998113322
2461628.0841875668 0.9990228909
2461628.0843472891 1.0008702546
2461628.0845070109 1.0009265944
2461628.0846667336 0.9994287812
2461628.0848264555 1.0002178127
2461628.0849861777 1.0004808208
2461628.0851459000 0.9995895453
2461628.0853056223 1.0008964004
2461628.0854653446 0.9998640710
2461628.0856250664 0.9987648773
2461628.0857847892 0.9998907450
2461628.0859445110 1.0003404345
2461628.0861042333 1.0003231449
2461628.0862639556 0.9992405816
2461628.0864236779 1.0006010217
2461628.0865834001 0.9994311269
2461628.0867431220 0.9996139147
2461628.0869028447 1.0004497993
2461628.0870625665 1.0007434478
2461628.0872222888 0.9992244867
2461628.0873820111 1.0016127259
2461628.0875417334 0.9997017289
2461628.0877014557 0.9995898670
2461628.0878611780 1.0004920883
2461628.0880209003 1.0001174370
2461628.0881806221 1.0003295620
2461628.0883403444 0.9990888261
2461628.0885000667 0.9984005088
2461628.0886597889 1.0002470022
2461628.0888195112 0.9995922205
2461628.0889792335 1.0014899883
2461628.0891389558 1.0008557266
2461628.0892986776 1.0001964995
2461628.0894583999 1.0002031523
2461628.0896181222 0.9999456842
2461628.0897778445 0.9997618730
2461628.0899375668 1.0002954501
2461628.0900972891 0.9995336208
2461628.0902570114 1.0011856493
2461628.0904167332 0.9992601313
2461628.0905764555 0.9994828110
2461628.0907361777 1.0008824680
2461628.0908959000 1.0001002547
2461628.0910556223 1.0002754163
2461628.0912153446 0.9999690205
2461628.0913750669 1.0002490968
2461628.0915347887 0.9998007437
2461628.0916945110 0.9999638415
2461628.0918542333 0.9996091144
2461628.0920139556 0.9992294765
2461628.0921736779 1.0003569229
2461628.0923334002 1.0004842046
2461628.0924931224 0.9999613931
2461628.0926528443 0.9996947650
2461628.0928125666 0.9997140412
2461628.0929722888 0.9997632329
2461628.0931320111 1.0000152535
2461628.0932917334 1.0015313935
2461628.0934514557 0.9995267049
2461628.0936111780 0.9998197926
2461628.0937708998 1.0007992381
2461628.0939306221 1.0021336633
2461628.0940903444 1.0001958271
2461628.0942500667 0.9994440364
2461628.0944097890 0.9996474577
2461628.0945695112 0.9997458960
2461628.0947292335 1.0003833035
2461628.0948889554 0.9997621367
2461628.0950486776 1.0001811870
2461628.0952083999 1.0003227688
2461628.0953681222 0.9996819671
2461628.0955278445 0.9991143035
2461628.0956875668 1.0000568456
2461628.0958472891 0.9998355135
2461628.0960070109 1.0009522899
2461628.0961667332 1.0001126984
2461628.0963264555 1.0003580779
2461628.0964861778 1.0012209705
2461628.0966459000 1.0000286509
2461628.0968056223 0.9996065546
2461628.0969653446 1.0005034226
2461628.0971250664 0.9999226110
2461628.0972847887 1.0006078770
2461628.0974445110 1.0001893376
2461628.0976042333 0.9998775252
2461628.0977639556 0.9995646235
2461628.0979236779 1.0004163188
2461628.0980834002 0.9998863924
2461628.0982431220 0.9996702138
2461628.0984028447 1.0006841494
2461628.0985625666 0.9999407366
2461628.0987222889 0.9999979773
2461628.0988820111 1.0000407183
2461628.0990417334 0.9999459954
2461628.0992014557 1.0001760415
2461628.0993611775 0.9999548125
2461628.0995209003 1.0000680582
2461628.0996806221 0.9997213145
2461628.0998403444 1.0009338689
2461628.1000000667 1.0006123188
2461628.1001597890 0.9989508575
2461628.1003195113 0.9997093500
2461628.1004792331 1.0013241536
2461628.1006389558 1.0002559891
2461628.1007986777 1.0003824289
2461628.1009583999 0.9997541697
2461628.1011181222 0.9987577695
2461628.1012778445 0.9993567759
2461628.1014375668 1.0002870220
2461628.1015972891 0.9997307849
2461628.1017570114 0.9994081220
2461628.1019167332 0.9999357360
2461628.1020764555 1.0004025518
2461628.1022361778 0.9983777478
2461628.1023959001 1.0019013721
2461628.1025556223 1.0001296462
2461628.1027153446 1.0009341043
2461628.1028750669 1.0006941103
2461628.1030347887 1.0003593055
2461628.1031945110 0.9994373610
2461628.1033542333 0.9997999362
2461628.1035139556 1.0002094877
2461628.1036736779 0.9996858940
2461628.1038334002 0.9997268116
2461628.1039931225 1.0017569518
2461628.1041528443 1.0019896659
2461628.1043125666 0.9993619351
2461628.1044722889 0.9992442167
2461628.1046320111 1.0002496758
2461628.1047917334 0.9994857521
2461628.1049514557 1.0001374026
2461628.1051111780 1.0003727223
2461628.1052708998 0.9998659014
2461628.1054306221 1.0013076682
2461628.1055903444 1.0009006198
2461628.1057500667 0.9996792489
2461628.1059097890 0.9984579248
2461628.1060695113 1.0003810665
2461628.1062292336 1.0004551212
2461628.1063889554 0.9997360635
2461628.1065486777 0.9997766234
2461628.1067084000 0.9994271804
2461628.1068681222 0.9998063398
2461628.1070278445 0.9996988804
2461628.1071875668 1.0005264344
2461628.1073472891 1.0002802475
2461628.1075070109 1.0003659531
2461628.1076667332 1.0005950031
2461628.1078264555 1.0009132534
2461628.1079861778 1.0012426561
2461628.1081459001 1.0008872648
2461628.1083056224 0.9998906299
2461628.1084653446 1.0004964850
2461628.1086250665 1.0006852255
2461628.1087847888 1.0006537674
2461628.1089445110 1.0004662603
2461628.1091042333 1.0004111396
2461628.1092639556 1.0003261439
2461628.1094236779 1.0000069979
2461628.1095834002 1.0004997857
2461628.1097431220 1.0001055599
2461628.1099028443 1.0006214770
2461628.1100625666 0.9997694623
2461628.1102222889 1.0014660784
2461628.1103820112 0.9991758812
2461628.1105417334 0.9987620578
2461628.1107014557 0.9986071157
2461628.1108611776 1.0001629870
2461628.1110208998 1.0009741893
2461628.1111806221 0.9996789160
2461628.1113403444 1.0005994848
2461628.1115000667 1.0002430217
2461628.1116597890 0.9987422513
2461628.1118195113 1.0001816240
2461628.1119792331 1.0007386704
2461628.1121389559 0.9988080930
2461628.1122986777 0.9990435564
2461628.1124584000 1.0006654849
2461628.1126181222 1.0010186578
2461628.1127778445 1.0011583834
2461628.1129375668 1.0000652819
2461628.1130972886 1.0002366368
2461628.1132570114 1.0008664255
2461628.1134167332 0.9988639910
2461628.1135764555 1.0001070991
2461628.1137361778 1.0006584898
2461628.1138959001 0.9999628181
2461628.1140556224 0.9989566048
2461628.1142153442 1.0002438850
2461628.1143750669 1.0008215847
2461628.1145347888 1.0002517842
2461628.1146945111 0.9999673325
2461628.1148542333 1.0005097033
2461628.1150139556 0.9991758739
2461628.1151736779 1.0012572969
2461628.1153334002 1.0005131842
2461628.1154931225 1.0001436076
2461628.1156528443 0.9995293413
2461628.1158125666 0.9996651019
2461628.1159722889 0.9993662532
2461628.1161320112 0.9995311267
2461628.1162917335 1.0000507635
2461628.1164514557 0.9998333390
2461628.1166111780 0.9985394501
2461628.1167708999 1.0002395305
2461628.1169306221 1.0012003344
2461628.1170903444 1.0012698482
2461628.1172500667 1.0022940578
2461628.1174097890 1.0001903791
2461628.1175695113 0.9994014174
2461628.1177292336 1.0009006719
2461628.1178889554 0.9996980028
2461628.1180486777 0.9989760498
2461628.1182084000 0.9996934242
2461628.1183681223 1.0002935271
2461628.1185278445 1.0001673838
2461628.1186875668 1.0007907436
2461628.1188472891 0.9996802516
2461628.1190070109 1.0005436518
2461628.1191667332 0.9997335014
2461628.1193264555 1.0007744363
2461628.1194861778 0.9993660861
2461628.1196459001 1.0000424117
2461628.1198056224 0.9995909193
2461628.1199653447 1.0001032026
2461628.1201250665 1.0000315352
2461628.1202847888 1.0008585477
2461628.1204445111 0.9997073757
2461628.1206042334 1.0007619967
2461628.1207639556 0.9997433132
2461628.1209236779 0.9992244203
2461628.1210834002 0.9992386196
2461628.1212431220 0.9999583179
2461628.1214028443 1.0000271099
2461628.1215625666 0.9988028238
2461628.1217222889 0.9996139336
2461628.1218820112 0.9989581169
2461628.1220417335 0.9992655358
2461628.1222014558 0.9988602358
2461628.1223611776 0.9991387611
2461628.1225208999 0.9997269049
2461628.1226806222 1.0002241476
2461628.1228403444 0.9998135515
2461628.1230000667 1.0016010480
2461628.1231597890 1.0009309649
2461628.1233195113 1.0007322789
2461628.1234792331 0.9998210586
2461628.1236389554 0.9999560459
2461628.1237986777 0.9994199011
2461628.1239584000 1.0007601974
2461628.1241181223 0.9991858197
2461628.1242778446 0.9996752743
2461628.1244375668 1.0007413916
2461628.1245972887 0.9990635803
2461628.1247570110 0.9999536886
2461628.1249167332 1.0010950648
2461628.1250764555 1.0010878492
2461628.1252361778 1.0008224151
2461628.1253959001 1.0003609606
2461628.1255556224 1.0001825943
2461628.1257153442 0.9993024265
2461628.1258750670 0.9997170015
2461628.1260347888 1.0005594162
2461628.1261945111 0.9998055198
2461628.1263542334 1.0001706648
2461628.1265139556 0.9982777943
2461628.1266736779 1.0001616094
2461628.1268333998 1.0002274499
2461628.1269931225 1.0009129596
2461628.1271528443 0.9997535347
2461628.1273125666 1.0006332959
2461628.1274722889 0.9998342614
2461628.1276320112 1.0000362085
2461628.1277917335 1.0002628908
2461628.1279514553 0.9990968098
2461628.1281111781 0.9999368561
2461628.1282708999 1.0007469195
2461628.1284306222 0.9996547803
2461628.1285903445 1.0008904150
2461628.1287500667 1.0015154218
2461628.1289097890 0.9992614309
2461628.1290695113 1.0005083761
2461628.1292292336 1.0002067143
2461628.1293889554 1.0004678696
2461628.1295486777 0.9992080549
2461628.1297084000 0.9990732632
2461628.1298681223 1.0007359099
2461628.1300278446 1.0003343215
2461628.1301875669 0.9990332259
2461628.1303472891 0.9988889527
2461628.1305070110 1.0003972190
2461628.1306667333 1.0000027157
2461628.1308264555 0.9996555006
2461628.1309861778 1.0001099480
2461628.1311459001 1.0004880170
2461628.1313056224 0.9999957546
2461628.1314653447 0.9996680800
2461628.1316250665 1.0001293391
2461628.1317847888 0.9997688094
2461628.1319445111 1.0008096084
2461628.1321042334 0.9990421904
2461628.1322639557 1.0000199692
2461628.1324236779 1.0001245189
2461628.1325834002 1.0004842683
2461628.1327431221 1.0010231925
2461628.1329028443 1.0005227925
2461628.1330625666 0.9992244713
2461628.1332222889 0.9997227249
2461628.1333820112 1.0008551720
2461628.1335417335 1.0002777338
2461628.1337014558 0.9997740049
2461628.1338611776 0.9998780113
2461628.1340208999 0.9996003506
2461628.1341806222 1.0006148760
2461628.1343403445 0.9994270037
2461628.1345000667 0.9998035229
2461628.1346597890 0.9997822321
2461628.1348195113 1.0006061321
2461628.1349792331 0.9992792592
2461628.1351389554 0.9997442796
2461628.1352986777 0.9992529878
2461628.1354584000 1.0010670556
2461628.1356181223 0.9983590119
2461628.1357778446 1.0003793133
2461628.1359375669 0.9995331036
2461628.1360972887 0.9995921862
2461628.1362570110 1.0005458717
2461628.1364167333 1.0004246799
2461628.1365764556 1.0007256240
2461628.1367361778 0.9996065002
2461628.1368959001 1.0011838153
2461628.1370556224 0.9992682743
2461628.1372153442 0.9999871132
2461628.1373750665 1.0003579194
2461628.1375347888 1.0011724021
2461628.1376945111 0.9997002045
2461628.1378542334 1.0003778657
2461628.1380139557 1.0001504556
2461628.1381736780 0.9987903884
2461628.1383333998 0.9991392375
2461628.1384931221 1.0008325993
2461628.1386528444 0.9992978295
2461628.1388125666 0.9997907631
2461628.1389722889 0.9995998071
2461628.1391320112 1.0008881974
2461628.1392917335 1.0005644483
2461628.1394514553 0.9997080260
2461628.1396111781 0.9999152333
2461628.1397708999 1.0021046973
2461628.1399306222 0.9996632416
2461628.1400903445 1.0006915618
2461628.1402500668 0.9992711038
2461628.1404097890 1.0010339644
2461628.1405695109 0.9997114008
2461628.1407292336 1.0001800536
2461628.1408889554 0.9996680393
2461628.1410486777 1.0017514775
2461628.1412084000 1.0005825129
2461628.1413681223 0.9998745874
2461628.1415278446 0.9993040732
2461628.1416875664 1.0002583342
2461628.1418472892 1.0005136007
2461628.1420070110 1.0004938813
2461628.1421667333 1.0000571751
2461628.1423264556 1.0002582729
2461628.1424861779 0.9997828033
2461628.1426459001 1.0001980813
2461628.1428056224 1.0003639388
2461628.1429653447 0.9995019993
2461628.1431250665 0.9993385639
2461628.1432847888 1.0006277415
2461628.1434445111 1.0006653082
2461628.1436042334 1.0000264461
2461628.1437639557 0.9995312571
2461628.1439236780 1.0001357323
2461628.1440834003 1.0003537341
2461628.1442431221 1.0004426808
2461628.1444028444 1.0005491792
2461628.1445625667 1.0003640977
2461628.1447222889 1.0007732181
2461628.1448820112 1.0001771671
2461628.1450417335 0.9998207692
2461628.1452014558 1.0003776537
2461628.1453611776 1.0003546034
2461628.1455208999 1.0011988502
2461628.1456806222 0.9995978202
2461628.1458403445 0.9992009072
2461628.1460000668 1.0000282457
2461628.1461597891 0.9998525094
2461628.1463195113 1.0002946761
2461628.1464792332 1.0000486086
2461628.1466389555 1.0003368683
2461628.1467986777 1.0004989900
2461628.1469584000 0.9998313633
2461628.1471181223 0.9997299502
2461628.1472778446 0.9999782505
2461628.1474375669 1.0004880417
2461628.1475972887 0.9993813113
2461628.1477570110 1.0007739362
2461628.1479167333 1.0015270601
2461628.1480764556 1.0001327152
2461628.1482361779 0.9988434782
2461628.1483959001 1.0009471584
2461628.1485556224 1.0004190713
2461628.1487153443 1.0004140315
2461628.1488750665 1.0011118964
2461628.1490347888 0.9997849933
2461628.1491945111 1.0008301273
2461628.1493542334 0.9993553509
2461628.1495139557 0.9995594556
2461628.1496736780 0.9999213270
2461628.1498333998 1.0000308712
2461628.1499931221 0.9990463404
2461628.1501528444 0.9993044028
2461628.1503125667 0.9995995629
2461628.1504722890 0.9991514769
2461628.1506320112 0.9986918606
2461628.1507917335 1.0013963134
2461628.1509514553 1.0001129491
2461628.1511111776 0.9996753961
2461628.1512708999 1.0017248893
2461628.1514306222 1.0002230712
2461628.1515903445 0.9993330845
2461628.1517500668 0.9997443600
2461628.1519097891 0.9997746666
2461628.1520695109 0.9992548147
2461628.1522292332 0.9998378065
2461628.1523889555 1.0006642957
2461628.1525486778 1.0008632660
2461628.1527084000 1.0004075343
2461628.1528681223 0.9998850014
2461628.1530278446 0.9995005682
2461628.1531875664 1.0002650347
2461628.1533472892 1.0006402877
2461628.1535070110 0.9990647893
2461628.1536667333 0.9987266450
2461628.1538264556 0.9993826201
2461628.1539861779 0.9994190241
2461628.1541459002 0.9989473375
2461628.1543056220 0.9995049732
2461628.1544653447 1.0001858073
2461628.1546250666 0.9992457686
2461628.1547847888 1.0004324281
2461628.1549445111 0.9990667799
2461628.1551042334 1.0006546940
2461628.1552639557 0.9989373380
2461628.1554236775 0.9994881696
2461628.1555834003 0.9992669644
2461628.1557431221 0.9989347138
2461628.1559028444 1.0003164463
2461628.1560625667 1.0000798279
2461628.1562222890 0.9998680812
2461628.1563820112 0.9994731445
2461628.1565417335 1.0010830759
2461628.1567014558 0.9995443080
2461628.1568611776 0.9997143879
2461628.1570208999 0.9998701979
2461628.1571806222 0.9980538567
2461628.1573403445 1.0009501896
2461628.1575000668 0.9997221017
2461628.1576597891 1.0001641646
2461628.1578195114 0.9993776469
2461628.1579792332 0.9990738203
2461628.1581389555 0.9995355790
2461628.1582986778 0.9999350823
2461628.1584584001 0.9997750084
2461628.1586181223 0.9993628628
2461628.1587778446 0.9987389615
2461628.1589375669 1.0007046615
2461628.1590972887 0.9996054504
2461628.1592570110 1.0002252788
2461628.1594167333 1.0005544366
2461628.1595764556 0.9997245648
2461628.1597361779 1.0018036685
2461628.1598959002 1.0009636018
2461628.1600556225 1.0008060939
2461628.1602153443 0.9998776653
2461628.1603750666 0.9994856410
2461628.1605347889 1.0006770928
2461628.1606945111 1.0018145931
2461628.1608542334 1.0007995987
2461628.1610139557 0.9996553680
2461628.1611736780 0.9993512560
2461628.1613333998 1.0009011965
2461628.1614931221 1.0002483719
2461628.1616528444 0.9995168779
2461628.1618125667 0.9979222182
2461628.1619722890 0.9994570522
2461628.1621320113 1.0004284020
2461628.1622917335 1.0010663871
2461628.1624514554 1.0001416960
2461628.1626111777 0.9991582612
2461628.1627708999 1.0004316715
2461628.1629306222 1.0000334416
2461628.1630903445 1.0003522285
2461628.1632500668 1.0004068865
2461628.1634097891 0.9999261925
2461628.1635695109 1.0001806198
2461628.1637292332 0.9996011515
2461628.1638889555 1.0009892675
2461628.1640486778 1.0002711942
2461628.1642084001 0.9999193904
2461628.1643681224 0.9998063508
2461628.1645278446 0.9999443360
2461628.1646875665 1.0005268890
2461628.1648472887 0.9998185887
2461628.1650070110 1.0006057331
2461628.1651667333 0.9997749710
2461628.1653264556 0.9998862585
2461628.1654861779 1.0016523135
2461628.1656459002 0.9990792264
2461628.1658056220 0.9992537577
2461628.1659653443 0.9984779453
2461628.1661250666 1.0001877957
2461628.1662847889 0.9989712568
2461628.1664445112 1.0007774917
2461628.1666042334 1.0013979049
2461628.1667639557 1.0012156963
2461628.1669236775 0.9999579682
2461628.1670834003 1.0001110665
2461628.1672431221 0.9990233617
2461628.1674028444 0.9996375692
2461628.1675625667 1.0008418022
2461628.1677222890 1.0006167387
2461628.1678820113 1.0000757327
2461628.1680417331 1.0009090589
2461628.1682014558 0.9992962138
2461628.1683611777 0.9999295336
2461628.1685209000 0.9989633762
2461628.1686806222 0.9981819306
2461628.1688403445 0.9995964014
2461628.1690000668 1.0007355854
2461628.1691597886 1.0006125792
2461628.1693195114 1.0002541252
2461628.1694792332 0.9999206145
2461628.1696389555 1.0005889503
2461628.1697986778 0.9994850002
2461628.1699584001 1.0002534996
2461628.1701181224 0.9998535001
2461628.1702778446 1.0000504614
2461628.1704375669 0.9996458922
2461628.1705972888 0.9980280985
2461628.1707570110 1.0018332806
2461628.1709167333 1.0001047738
2461628.1710764556 0.9992788341
2461628.1712361779 1.0001850475
2461628.1713959002 0.9998784934
2461628.1715556225 1.0004533191
2461628.1717153443 1.0007337907
2461628.1718750666 0.9996040821
2461628.1720347889 1.0005155782
2461628.1721945112 0.9996288953
2461628.1723542335 1.0003048304
2461628.1725139557 0.9995795459
2461628.1726736780 0.9999566388
2461628.1728333998 1.0007073086
2461628.1729931221 0.9990830256
2461628.1731528444 0.9991329736
2461628.1733125667 0.9987009012
2461628.1734722890 0.9999870150
2461628.1736320113 0.9999784240
2461628.1737917336 1.0007561370
2461628.1739514554 0.9995072388
2461628.1741111777 1.0005821487
2461628.1742709000 0.9995107094
2461628.1744306223 0.9998754381
2461628.1745903445 0.9998572134
2461628.1747500668 0.9996929139
2461628.1749097891 1.0001457974
2461628.1750695109 0.9996315588
2461628.1752292332 1.0002411585
2461628.1753889555 0.9983582883
2461628.1755486778 1.0002565383
2461628.1757084001 1.0000657121
2461628.1758681224 1.0003930098
2461628.1760278447 1.0006586624
2461628.1761875665 0.9990584407
2461628.1763472888 0.9988029254
2461628.1765070111 0.9999770697
2461628.1766667333 1.0002221053
2461628.1768264556 0.9993016855
2461628.1769861779 0.9999740519
2461628.1771459002 0.9993210593
2461628.1773056220 0.9990578123
2461628.1774653443 0.9998723760
2461628.1776250666 0.9999871157
2461628.1777847889 1.0006393693
2461628.1779445112 1.0001959581
2461628.1781042335 1.0011523093
2461628.1782639557 0.9984564441
2461628.1784236776 1.0000325596
2461628.1785833999 1.0008298117
2461628.1787431221 1.0009461077
2461628.1789028444 0.9995987270
2461628.1790625667 0.9998078775
2461628.1792222890 0.9987466358
2461628.1793820113 0.9995704055
2461628.1795417331 0.9999046335
2461628.1797014554 1.0004652767
2461628.1798611777 1.0010550318
2461628.1800209000 0.9995473476
2461628.1801806223 0.9991179627
2461628.1803403446 0.9991754991
2461628.1805000668 1.0005842205
2461628.1806597887 1.0016371928
2461628.1808195114 0.9989269564
2461628.1809792332 0.9999082449
2461628.1811389555 0.9997715075
2461628.1812986778 1.0004193890
2461628.1814584001 1.0003575198
2461628.1816181224 0.9996539843
2461628.1817778442 0.9997035823
2461628.1819375670 1.0001145242
2461628.1820972888 0.9999198266
2461628.1822570111 0.9998457875
2461628.1824167334 1.0004434044
2461628.1825764556 0.9994376798
2461628.1827361779 0.9989881907
2461628.1828958998 0.9999016280
2461628.1830556225 1.0006511439
2461628.1832153443 1.0001157236
2461628.1833750666 0.9973469173
2461628.1835347889 0.9998795456
2461628.1836945112 1.0006043217
2461628.1838542335 0.9986463345
2461628.1840139553 1.0003492300
2461628.1841736780 1.0005924800
2461628.1843333999 0.9991500082
2461628.1844931222 0.9991207824
2461628.1846528444 0.9999315481
2461628.1848125667 0.9993597269
2461628.1849722890 1.0003890447
2461628.1851320113 0.9997692020
2461628.1852917336 0.9989889526
2461628.1854514554 1.0002801098
2461628.1856111777 0.9996490469
2461628.1857709000 1.0007859584
2461628.1859306223 0.9989603751
2461628.1860903446 1.0000622122
2461628.1862500669 0.9996229098
2461628.1864097891 1.0008340080
2461628.1865695110 0.9989491265
2461628.1867292332 1.0009179476
2461628.1868889555 1.0010927458
2461628.1870486778 0.9995696816
2461628.1872084001 0.9987761975
2461628.1873681224 0.9994618878
2461628.1875278447 1.0006359455
2461628.1876875665 1.0011130169
2461628.1878472888 1.0001115154
2461628.1880070111 1.0000375841
2461628.1881667334 0.9994164073
2461628.1883264557 0.9995779975
2461628.1884861779 0.9999476138
2461628.1886459002 0.9998233415
2461628.1888056220 1.0011204008
2461628.1889653443 0.9992814147
2461628.1891250666 0.9996075644
2461628.1892847889 1.0006830463
2461628.1894445112 1.0007774982
2461628.1896042335 0.9993747986
2461628.1897639558 0.9997584055
2461628.1899236776 0.9993891915
2461628.1900833999 0.9992105009
2461628.1902431222 1.0002581822
2461628.1904028445 0.9992234887
2461628.1905625667 0.9996460340
2461628.1907222890 0.9990182841
2461628.1908820113 1.0000108921
2461628.1910417331 0.9995038251
2461628.1912014554 0.9994028581
2461628.1913611777 1.0000658886
2461628.1915209000 0.9991492443
2461628.1916806223 0.9990180442
2461628.1918403446 1.0002941940
2461628.1920000669 1.0000795413
2461628.1921597887 0.9997442540
2461628.1923195110 1.0000225388
2461628.1924792333 0.9990337668
2461628.1926389555 0.9995685376
2461628.1927986778 1.0000030573
2461628.1929584001 1.0007493743
2461628.1931181224 0.9998371351
2461628.1932778442 0.9996508079
2461628.1934375665 1.0002955728
2461628.1935972888 0.9996997388
2461628.1937570111 0.9994160314
2461628.1939167334 0.9999369921
2461628.1940764557 0.9993066841
2461628.1942361780 0.9995603871
2461628.1943958998 1.0003857434
2461628.1945556225 0.9994378040
2461628.1947153443 1.0001045578
2461628.1948750666 0.9990323178
2461628.1950347889 0.9998985046
2461628.1951945112 0.9983760619
2461628.1953542335 0.9991913156
2461628.1955139553 1.0005383264
2461628.1956736781 0.9994432956
2461628.1958333999 0.9999432443
2461628.1959931222 0.9984176650
2461628.1961528445 1.0004045467
2461628.1963125668 0.9998978280
2461628.1964722890 1.0002203337
2461628.1966320109 1.0003428095
2461628.1967917336 0.9977326036
2461628.1969514554 0.9997720490
2461628.1971111777 0.9991718449
2461628.1972709000 0.9981980837
2461628.1974306223 0.9999322571
2461628.1975903446 0.9990647735
2461628.1977500664 0.9999584886
2461628.1979097892 1.0003658407
2461628.1980695110 1.0005470615
2461628.1982292333 0.9996127254
2461628.1983889556 1.0006781094
2461628.1985486778 1.0002456505
2461628.1987084001 1.0004246518
2461628.1988681224 1.0012785584
2461628.1990278447 0.9999704714
2461628.1991875665 0.9990143414
2461628.1993472888 0.9998429951
2461628.1995070111 0.9992282784
2461628.1996667334 1.0009843625
2461628.1998264557 0.9995812322
2461628.1999861780 0.9997451861
2461628.2001459002 0.9996283955
2461628.2003056221 0.9999740965
2461628.2004653444 1.0001408185
2461628.2006250666 0.9990120228
2461628.2007847889 0.9997347735
2461628.2009445112 0.9998754434
2461628.2011042335 1.0003737271
2461628.2012639558 0.9995229671
2461628.2014236776 0.9999497383
2461628.2015833999 0.9993733189
2461628.2017431222 1.0003774086
2461628.2019028445 1.0018078983
2461628.2020625668 0.9999340143
2461628.2022222891 1.0005710204
2461628.2023820113 1.0005992519
2461628.2025417332 1.0005289937
2461628.2027014554 1.0003737435
2461628.2028611777 1.0008586360
2461628.2030209000 0.9988210279
2461628.2031806223 0.9996081595
2461628.2033403446 0.9998912506
2461628.2035000669 1.0006581881
2461628.2036597887 1.0007436986
2461628.2038195110 0.9998779316
2461628.2039792333 0.9995282414
2461628.2041389556 0.9999820864
2461628.2042986779 1.0013653599
2461628.2044584001 1.0008402823
2461628.2046181224 0.9998471233
2461628.2047778443 0.9986686161
2461628.2049375665 1.0005722565
2461628.2050972888 0.9999737806
2461628.2052570111 0.9997697266
2461628.2054167334 1.0007708109
2461628.2055764557 1.0003204124
2461628.2057361780 0.9995560172
2461628.2058958998 0.9995687671
2461628.2060556221 0.9994429874
2461628.2062153444 1.0010332391
2461628.2063750667 1.0007771413
2461628.2065347889 0.9990393903
2461628.2066945112 1.0003130264
2461628.2068542335 0.9996516618
2461628.2070139553 0.9997231963
2461628.2071736776 1.0004388984
2461628.2073333999 1.0003641373
2461628.2074931222 0.9988706857
2461628.2076528445 1.0004525794
2461628.2078125668 0.9998492416
2461628.2079722891 0.9992074400
2461628.2081320109 1.0005671400
2461628.2082917336 1.0004902799
2461628.2084514555 1.0001886018
2461628.2086111777 0.9999320416
2461628.2087709000 1.0011624950
2461628.2089306223 1.0000432414
2461628.2090903446 0.9991216877
2461628.2092500664 0.9992979551
2461628.2094097892 1.0007634710
2461628.2095695110 1.0001994528
2461628.2097292333 0.9991261864
2461628.2098889556 1.0003580986
2461628.2100486779 0.9996642872
2461628.2102084002 0.9988374861
2461628.2103681220 1.0000865443
2461628.2105278447 0.9992433670
2461628.2106875665 0.9994450592
2461628.2108472888 0.9993650650
2461628.2110070111 1.0003497333
2461628.2111667334 0.9986512592
2461628.2113264557 1.0004038434
2461628.2114861775 1.0011673817
2461628.2116459003 1.0002943049
2461628.2118056221 1.0013767604
2461628.2119653444 0.9989810833
2461628.2121250667 1.0005215145
2461628.2122847890 0.9991336999
2461628.2124445112 1.0018565332
2461628.2126042335 0.9997356174
2461628.2127639558 0.9992051068
2461628.2129236776 1.0004945790
2461628.2130833999 0.9995303025
2461628.2132431222 1.0001485573
2461628.2134028445 1.0007276954
2461628.2135625668 1.0011885453
2461628.2137222891 1.0017769456
2461628.2138820114 1.0002106418
2461628.2140417332 1.0002199082
2461628.2142014555 1.0004474161
2461628.2143611778 1.0014459491
2461628.2145209000 0.9996577623
2461628.2146806223 0.9998151837
2461628.2148403446 0.9993907807
2461628.2150000669 1.0012529710
2461628.2151597887 1.0006547770
2461628.2153195110 0.9986230376
2461628.2154792333 1.0002226334
2461628.2156389556 1.0001242543
2461628.2157986779 0.9995643469
2461628.2159584002 1.0005696202
2461628.2161181225 0.9991241131
2461628.2162778443 0.9995158131
2461628.2164375666 0.9995621844
2461628.2165972888 0.9998407408
2461628.2167570111 0.9994032843
2461628.2169167334 1.0007096191
2461628.2170764557 1.0001837356
2461628.2172361780 0.9999609971
2461628.2173958998 1.0011667670
2461628.2175556221 1.0004988979
2461628.2177153444 1.0003088489
2461628.2178750667 0.9998812426
2461628.2180347890 0.9997721588
2461628.2181945113 0.9997120566
2461628.2183542335 1.0003018117
2461628.2185139554 0.9996023067
2461628.2186736776 0.9998475825
2461628.2188333999 1.0009389762
2461628.2189931222 0.9995388738
2461628.2191528445 0.9995261461
2461628.2193125668 1.0009145940
2461628.2194722891 0.9987024061
2461628.2196320109 1.0005941381
2461628.2197917332 0.9984100986
2461628.2199514555 1.0013591776
2461628.2201111778 0.9998998579
2461628.2202709001 1.0003471018
2461628.2204306223 0.9995441787
2461628.2205903446 0.9999918362
2461628.2207500665 0.9995180189
2461628.2209097887 0.9998921239
2461628.2210695110 0.9993295708
2461628.2212292333 0.9988449318
2461628.2213889556 0.9988269255
2461628.2215486779 0.9996362599
2461628.2217084002 0.9990560485
2461628.2218681220 0.9999704490
2461628.2220278447 1.0000968888
2461628.2221875666 0.9986720248
2461628.2223472889 1.0010221165
2461628.2225070111 1.0005812069
2461628.2226667334 1.0000411435
2461628.2228264557 0.9997297691
2461628.2229861775 0.9997588224
2461628.2231459003 0.9995988979
2461628.2233056221 0.9990772054
2461628.2234653444 1.0006720110
2461628.2236250667 0.9995257846
2461628.2237847890 1.0001672684
2461628.2239445113 0.9995739254
2461628.2241042331 0.9987176467
2461628.2242639558 1.0001553883
2461628.2244236777 0.9986851534
2461628.2245833999 0.9995829295
2461628.2247431222 0.9989595823
2461628.2249028445 0.9986382145
2461628.2250625668 1.0001149961
2461628.2252222886 0.9994896882
2461628.2253820114 0.9990045040
2461628.2255417332 0.9992231828
2461628.2257014555 0.9999525116
2461628.2258611778 1.0001525011
2461628.2260209001 0.9996147060
2461628.2261806224 1.0000777565
2461628.2263403446 0.9989525670
2461628.2265000669 0.9996637276
2461628.2266597888 0.9997433659
2461628.2268195110 0.9991818322
2461628.2269792333 0.9995229694
2461628.2271389556 0.9991928601
2461628.2272986779 0.9990187838
2461628.2274584002 0.9994392867
2461628.2276181225 0.9998563918
2461628.2277778443 1.0000861584
2461628.2279375666 1.0006682483
2461628.2280972889 1.0002725021
2461628.2282570112 0.9997193393
2461628.2284167334 0.9994661315
2461628.2285764557 1.0006806489
2461628.2287361780 1.0002539954
2461628.2288958998 0.9999872841
2461628.2290556221 1.0013887697
2461628.2292153444 0.9996993292
2461628.2293750667 0.9991662655
2461628.2295347890 0.9998974241
2461628.2296945113 1.0007059642
2461628.2298542336 1.0004829568
2461628.2300139554 0.9997674392
2461628.2301736777 1.0006333241
2461628.2303334000 0.9999465107
2461628.2304931222 1.0007951106
2461628.2306528445 1.0002287348
2461628.2308125668 0.9992520296
2461628.2309722891 1.0000842361
2461628.2311320109 0.9998239200
2461628.2312917332 1.0004459029
2461628.2314514555 1.0001125202
2461628.2316111778 1.0003059448
2461628.2317709001 1.0005404731
2461628.2319306224 1.0004372300
2461628.2320903447 1.0003160076
2461628.2322500665 1.0002707017
2461628.2324097888 0.9985620236
2461628.2325695110 0.9993274646
2461628.2327292333 0.9986205590
2461628.2328889556 0.9995466109
2461628.2330486779 0.9992072651
2461628.2332084002 1.0010893121
2461628.2333681220 0.9989510121
2461628.2335278443 1.0004090615
2461628.2336875666 1.0001235219
2461628.2338472889 0.9994376093
2461628.2340070112 1.0009886519
2461628.2341667335 1.0007446434
2461628.2343264557 0.9999983547
2461628.2344861776 1.0007400488
2461628.2346458999 1.0001119045
2461628.2348056221 0.9987702205
2461628.2349653444 0.9986446711
2461628.2351250667 0.9997028917
2461628.2352847890 0.9997316159
2461628.2354445113 1.0003070305
2461628.2356042331 0.9994728451
2461628.2357639559 1.0005617343
2461628.2359236777 0.9988521938
2461628.2360834000 1.0009936381
2461628.2362431223 1.0013132990
2461628.2364028445 1.0006057465
2461628.2365625668 0.9994392968
2461628.2367222887 1.0001646204
2461628.2368820114 0.9994772244
2461628.2370417332 0.9992656161
2461628.2372014555 1.0002442179
2461628.2373611778 0.9988892953
2461628.2375209001 1.0004754884
2461628.2376806224 0.9997050529
2461628.2378403442 1.0000800784
2461628.2380000670 1.0003848406
2461628.2381597888 1.0012573328
2461628.2383195111 0.9990243226
2461628.2384792333 0.9998206647
2461628.2386389556 0.9999646716
2461628.2387986779 0.9995636730
2461628.2389583997 0.9999883510
2461628.2391181225 0.9997218782
2461628.2392778443 1.0002624135
2461628.2394375666 0.9999955703
2461628.2395972889 0.9997923700
2461628.2397570112 0.9995996977
2461628.2399167335 0.9999719520
2461628.2400764558 1.0002522690
2461628.2402361780 0.9993692565
2461628.2403958999 1.0015745606
2461628.2405556221 1.0002495449
2461628.2407153444 1.0005268767
2461628.2408750667 0.9997020216
2461628.2410347890 0.9994129184
2461628.2411945113 1.0003767443
2461628.2413542336 1.0002131835
2461628.2415139554 0.9998040964
2461628.2416736777 1.0005998176
2461628.2418334000 0.9999240738
2461628.2419931223 0.9981765440
2461628.2421528446 1.0001384473
2461628.2423125668 1.0001058839
2461628.2424722891 1.0000080939
2461628.2426320110 0.9996683068
2461628.2427917332 1.0007344937
2461628.2429514555 0.9997406705
2461628.2431111778 1.0004669822
2461628.2432709001 1.0009987674
2461628.2434306224 1.0007316475
2461628.2435903447 0.9998873044
2461628.2437500665 0.9994468863
2461628.2439097888 0.9993976656
2461628.2440695111 0.9994104156
2461628.2442292334 0.9991476368
2461628.2443889556 1.0002833623
2461628.2445486779 0.9989892902
2461628.2447084002 0.9998952476
2461628.2448681220 1.0001381604
2461628.2450278443 0.9987101297
2461628.2451875666 0.9994405177
2461628.2453472889 1.0001758144
2461628.2455070112 1.0005457173
2461628.2456667335 0.9987363911
2461628.2458264558 1.0009606139
2461628.2459861776 0.9990502655
2461628.2461458999 0.9998512484
2461628.2463056222 1.0008576891
2461628.2464653444 1.0009066579
2461628.2466250667 1.0002207242
2461628.2467847890 0.9990504386
2461628.2469445113 0.9998116357
2461628.2471042331 1.0011923720
2461628.2472639554 1.0001664747
2461628.2474236777 1.0001314000
2461628.2475834000 1.0004412465
2461628.2477431223 0.9989266971
2461628.2479028446 1.0008615265
2461628.2480625669 0.9996822484
2461628.2482222887 1.0002696139
2461628.2483820110 1.0001009703
2461628.2485417333 0.9995389565
2461628.2487014555 1.0006642131
2461628.2488611778 1.0017448231
2461628.2490209001 1.0003613217
2461628.2491806224 1.0007241489
2461628.2493403442 1.0011631089
2461628.2495000670 0.9992822345
2461628.2496597888 1.0009167606
2461628.2498195111 0.9994187428
2461628.2499792334 0.9998902549
2461628.2501389557 0.9989134492
2461628.2502986779 1.0009017769
2461628.2504583998 1.0002179008
2461628.2506181225 0.9993296563
2461628.2507778443 0.9988004750
2461628.2509375666 0.9999954717
2461628.2510972889 0.9993583150
2461628.2512570112 1.0006264194
2461628.2514167335 0.9998861573
2461628.2515764553 0.9985322661
2461628.2517361781 1.0006362623
2461628.2518958999 1.0015651230
2461628.2520556222 1.0001873455
2461628.2522153445 0.9990520660
2461628.2523750667 0.9995692996
2461628.2525347890 1.0000595198
2461628.2526945109 0.9993691060
2461628.2528542336 0.9996438545
2461628.2530139554 1.0003635803
2461628.2531736777 1.0012208380
2461628.2533334000 0.9992560166
2461628.2534931223 1.0007305027
2461628.2536528446 1.0000878421
2461628.2538125669 0.9989960381
2461628.2539722892 1.0000276398
2461628.2541320110 1.0001181403
2461628.2542917333 0.9987328565
2461628.2544514555 1.0005343571
2461628.2546111778 0.9990730512
2461628.2547709001 1.0004032977
2461628.2549306224 1.0000594091
2461628.2550903447 1.0011086669
2461628.2552500665 0.9994996559
2461628.2554097888 0.9980108449
2461628.2555695111 0.9994396971
2461628.2557292334 1.0007605624
2461628.2558889557 1.0010380521
2461628.2560486780 1.0007259561
2461628.2562084002 1.0003884457
2461628.2563681221 0.9999285599
2461628.2565278444 0.9999835558
2461628.2566875666 0.9996180265
2461628.2568472889 1.0005477371
2461628.2570070112 0.9987204998
2461628.2571667335 0.9990648880
2461628.2573264558 1.0003038893
2461628.2574861776 0.9994510425
2461628.2576458999 0.9998653374
2461628.2578056222 0.9993239574
2461628.2579653445 0.9998428091
2461628.2581250668 0.9988283554
2461628.2582847890 1.0002899544
2461628.2584445113 0.9999962101
2461628.2586042332 1.0004320208
2461628.2587639554 1.0000964247
2461628.2589236777 1.0003532567
2461628.2590834000 0.9998676890
2461628.2592431223 0.9992492220
2461628.2594028446 0.9992810068
2461628.2595625669 0.9997858618
2461628.2597222887 1.0008562938
2461628.2598820110 1.0008110209
2461628.2600417333 1.0001209310
2461628.2602014556 0.9999618713
2461628.2603611778 1.0000130371
2461628.2605209001 0.9998984176
2461628.2606806224 0.9999196728
2461628.2608403442 0.9995802390
2461628.2610000665 0.9997025662
2461628.2611597888 0.9993168961
2461628.2613195111 0.9998007391
2461628.2614792334 0.9990600292
2461628.2616389557 0.9998051879
2461628.2617986780 0.9993937578
2461628.2619583998 0.9991882632
2461628.2621181221 1.0006835708
2461628.2622778444 0.9998817638
2461628.2624375666 0.9997380046
2461628.2625972889 0.9991712659
2461628.2627570112 1.0007443051
2461628.2629167335 0.9988527486
2461628.2630764553 0.9993148190
2461628.2632361781 1.0009375173
2461628.2633958999 0.9993975832
2461628.2635556222 0.9998984664
2461628.2637153445 0.9989337184
2461628.2638750668 0.9998510780
2461628.2640347891 0.9998172735
2461628.2641945109 1.0005251773
2461628.2643542336 1.0007731788
2461628.2645139555 1.0009117022
2461628.2646736777 1.0005291914
2461628.2648334000 0.9992159626
2461628.2649931223 0.9990990106
2461628.2651528446 0.9997033703
2461628.2653125664 1.0005117690
2461628.2654722892 1.0000969227
2461628.2656320110 0.9999730862
2461628.2657917333 0.9999625140
2461628.2659514556 0.9993450106
2461628.2661111779 1.0001373883
2461628.2662709001 0.9996572521
2461628.2664306220 1.0001448824
2461628.2665903447 0.9973809665
2461628.2667500665 0.9995504889
2461628.2669097888 1.0014528492
2461628.2670695111 1.0008475317
2461628.2672292334 1.0012666477
2461628.2673889557 1.0001218205
2461628.2675486780 0.9998838108
2461628.2677084003 1.0004282445
2461628.2678681221 1.0012085352
2461628.2680278444 0.9981296589
2461628.2681875667 0.9989978056
